order_id,order_date,region,channel,product,category,quantity,unit_price_cents,unit_cost_cents,discount_pct,status
ORD-000001,2024-01-01, West ,Online,Wireless headphones,Electronics,2,49900,29000,10,Completed
ORD-000002,2024-01-01,South,Online,Bluetooth speaker,Electronics,1,34900,21000,0,Completed
ORD-000003,2024-01-01,South,Store,Wireless headphones,Electronics,4,49900,29000,0,Completed
ORD-000004,2024-01-01,West,Online,Wireless headphones,Electronics,4,49900,29000,0,Completed
ORD-000005,2024-01-01,North,Online,Notebook pack,Office,3,8900,4000,15,Completed
ORD-000006,2024-01-01,West,Online,Wireless headphones,Electronics,4,49900,29000,0,Completed
ORD-000007,2024-01-02,South,Online,Storage set,Home,2,17900,9500,10,Cancelled
ORD-000008,2024-01-02,West,Online,Storage set,Home,4,17900,9500,10,Completed
ORD-000009,2024-01-02,Central,Store,Notebook pack,Office,1,8900,4000,10,Completed
ORD-000010,2024-01-02,North,Online,Storage set,Home,2,17900,9500,10,Completed
ORD-000011,2024-01-02,Central,Online,Wireless headphones,Electronics,3,49900,29000,0,Completed
ORD-000012,2024-01-02,Central,Online,Notebook pack,Office,4,8900,4000,0,Completed
ORD-000013,2024-01-02,West,Online,Laptop stand,Office,4,29900,16000,0,Cancelled
ORD-000014,2024-01-02,Central,Online,Desk lamp,Home,1,24900,12500,15,Completed
ORD-000015,2024-01-02,West,Online,Desk lamp,Home,1,24900,12500,0,Completed
ORD-000016,2024-01-02,Central,Store,Phone case,Accessories,1,9900,3500,10,Completed
ORD-000017,2024-01-03,North,Online,Notebook pack,Office,4,8900,4000,0,Completed
ORD-000018,2024-01-03,West,Store,Laptop stand,Office,1,29900,16000,15,Completed
ORD-000019,2024-01-03,North,Store,Storage set,Home,1,17900,9500,0,Completed
ORD-000020,2024-01-03,West,Store,Bluetooth speaker,Electronics,3,34900,21000,0,Completed
ORD-000021,2024-01-03,North,Online,Bluetooth speaker,Electronics,1,34900,21000,20,Completed
ORD-000022,2024-01-03,North,Online,Desk lamp,Home,2,24900,12500,0,Completed
ORD-000023,2024-01-03,West,Store,Travel bag,Accessories,2,39900,23000,10,Completed
ORD-000024,2024-01-03,Central,Online,Notebook pack,Office,1,8900,4000,0,Completed
ORD-000025,2024-01-03,South,Online,Wireless headphones,Electronics,2,49900,29000,0,Completed
ORD-000026,2024-01-04,North,Online,Storage set,Home,3,17900,9500,0,Completed
ORD-000027,2024-01-04,Central,Online,Phone case,Accessories,4,9900,3500,0,Completed
ORD-000028,2024-01-04,Central,Online,Travel bag,Accessories,4,39900,23000,0,Completed
ORD-000029,2024-01-04,South,Store,Wireless headphones,Electronics,1,49900,29000,0,Completed
ORD-000030,2024-01-04,Central,Online,Bluetooth speaker,Electronics,4,34900,21000,0,Completed
ORD-000031,2024-01-05,West,Online,Storage set,Home,1,17900,9500,0,Cancelled
ORD-000032,2024-01-05,West,Store,Wireless headphones,Electronics,2,49900,29000,0,Completed
ORD-000033,2024-01-05,West,Store,Storage set,Home,2,17900,9500,0,Cancelled
ORD-000034,2024-01-05,West,Store,Laptop stand,Office,3,29900,16000,0,Returned
ORD-000035,2024-01-05,North,Online,Phone case,Accessories,1,9900,3500,0,Completed
ORD-000036,2024-01-05,North,Online,Notebook pack,Office,2,8900,4000,0,Completed
ORD-000037,2024-01-05,North,Online,Desk lamp,Home,2,24900,12500,0,Returned
ORD-000038,2024-01-05,South,Online,Storage set,Home,1,17900,9500,0,Completed
ORD-000039,2024-01-05,West,Online,Notebook pack,Office,3,8900,4000,0,Completed
ORD-000040,2024-01-05,Central,Store,Laptop stand,Office,1,29900,16000,0,Completed
ORD-000041,2024-01-05,North,Online,Bluetooth speaker,Electronics,3,34900,21000,0,Completed
ORD-000042,2024-01-05,West,Online,Bluetooth speaker,Electronics,2,34900,21000,0,Completed
ORD-000043,2024-01-06,South,Online,Wireless headphones,Electronics,1,49900,29000,20,Completed
ORD-000044,2024-01-06,West,Store,Bluetooth speaker,Electronics,2,34900,21000,0,Completed
ORD-000045,2024-01-06,Central,Store,Notebook pack,Office,3,8900,4000,0,Completed
ORD-000046,2024-01-06,North,Online,Wireless headphones,Electronics,3,49900,29000,0,Completed
ORD-000047,2024-01-06,South,Online,Desk lamp,Home,4,24900,12500,0,Completed
ORD-000048,2024-01-06,North,Store,Wireless headphones,Electronics,2,49900,29000,0,Completed
ORD-000049,2024-01-06,Central,Online,Desk lamp,Home,3,24900,12500,15,Completed
ORD-000050,2024-01-06,West,Online,Wireless headphones,Electronics,2,49900,29000,10,Completed
ORD-000051,2024-01-06,West,Store,Travel bag,Accessories,2,39900,23000,15,Cancelled
ORD-000052,2024-01-06,West,Online,Desk lamp,Home,3,24900,12500,10,Completed
ORD-000053,2024-01-06,Central,Store,Storage set,Home,1,17900,9500,0,Completed
ORD-000054,2024-01-07,Central,Store,Storage set,Home,3,17900,9500,0,Completed
ORD-000055,2024-01-07,Central,Store,Storage set,Home,4,17900,9500,0,Completed
ORD-000056,2024-01-07,Central,Online,Laptop stand,Office,3,29900,16000,20,Completed
ORD-000057,2024-01-07,North,Store,Laptop stand,Office,3,29900,16000,0,Completed
ORD-000058,2024-01-07,West,Online,Notebook pack,Office,1,8900,4000,0,Completed
ORD-000059,2024-01-07,North,Online,Laptop stand,Office,2,29900,16000,0,Completed
ORD-000060,2024-01-07,South,Store,Notebook pack,Office,1,8900,4000,10,Completed
ORD-000061,2024-01-07,South,Online,Laptop stand,Office,3,29900,16000,0,Completed
ORD-000062,2024-01-07,South,Store,Travel bag,Accessories,3,39900,23000,0,Completed
ORD-000063,2024-01-07,Central,Online,Laptop stand,Office,3,29900,16000,0,Completed
ORD-000064,2024-01-07,Central,Store,Storage set,Home,2,17900,9500,10,Completed
ORD-000065,2024-01-07,North,Store,Notebook pack,Office,2,8900,4000,10,Completed
ORD-000066,2024-01-07,North,Online,Storage set,Home,4,17900,9500,10,Completed
ORD-000067,2024-01-07,Central,Store,Phone case,Accessories,2,9900,3500,10,Completed
ORD-000068,2024-01-08,North,Store,Storage set,Home,1,17900,9500,10,Completed
ORD-000069,2024-01-08,North,Online,Phone case,Accessories,1,9900,3500,0,Completed
ORD-000070,2024-01-08,West,Store,Notebook pack,Office,4,8900,4000,15,Completed
ORD-000071,2024-01-08,West,Online,Desk lamp,Home,3,24900,12500,10,Completed
ORD-000072,2024-01-08,West,Online,Laptop stand,Office,2,29900,16000,0,Completed
ORD-000073,2024-01-08,Central,Online,Laptop stand,Office,1,29900,16000,0,Completed
ORD-000074,2024-01-08,South,Online,Desk lamp,Home,4,24900,12500,0,Completed
ORD-000075,2024-01-08,Central,Online,Wireless headphones,Electronics,1,49900,29000,15,Completed
ORD-000076,2024-01-08,Central,Store,Travel bag,Accessories,3,39900,23000,10,Completed
ORD-000077,2024-01-08,Central,Store,Travel bag,Accessories,2,39900,23000,0,Completed
ORD-000078,2024-01-08,North,Online,Phone case,Accessories,4,9900,3500,10,Completed
ORD-000079,2024-01-09,West,Online,Wireless headphones,Electronics,1,49900,29000,0,Completed
ORD-000080,2024-01-09, North ,Online,Phone case,Accessories,3,9900,3500,0,Completed
ORD-000081,2024-01-09,Central,Store,Travel bag,Accessories,4,39900,23000,0,Completed
ORD-000082,2024-01-09,West,Online,Wireless headphones,Electronics,3,49900,29000,0,Completed
ORD-000083,2024-01-09,West,Store,Wireless headphones,Electronics,2,49900,29000,15,Completed
ORD-000084,2024-01-09,North,Store,Storage set,Home,2,17900,9500,0,Completed
ORD-000085,2024-01-09,North,Store,Notebook pack,Office,1,8900,4000,10,Completed
ORD-000086,2024-01-10,South,Store,Bluetooth speaker,Electronics,4,34900,21000,0,Completed
ORD-000087,2024-01-10,South,Store,Bluetooth speaker,Electronics,2,34900,21000,0,Completed
ORD-000088,2024-01-10,West,Online,Bluetooth speaker,Electronics,1,34900,21000,0,Completed
ORD-000089,2024-01-10,North,Store,Notebook pack,Office,1,8900,4000,15,Completed
ORD-000090,2024-01-10,Central,Online,Bluetooth speaker,Electronics,4,34900,21000,10,Completed
ORD-000091,2024-01-10,South,Store,Laptop stand,Office,4,29900,16000,0,Completed
ORD-000092,2024-01-10,Central,Online,Laptop stand,Office,1,29900,16000,0,Completed
ORD-000093,2024-01-10,South,Store,Phone case,Accessories,3,9900,3500,0,Completed
ORD-000094,2024-01-10,Central,Online,Desk lamp,Home,3,24900,12500,0,Completed
ORD-000095,2024-01-11,Central,Online,Wireless headphones,Electronics,2,49900,29000,10,Completed
ORD-000096,2024-01-11,South,Store,Storage set,Home,4,17900,9500,0,Completed
ORD-000097,2024-01-11,Central,Store,Laptop stand,Office,3,29900,16000,10,Completed
ORD-000098,2024-01-11,Central,Store,Notebook pack,Office,3,8900,4000,0,Completed
ORD-000099,2024-01-11,Central,Online,Laptop stand,Office,2,29900,16000,0,Completed
ORD-000100,2024-01-11,Central,Store,Desk lamp,Home,3,24900,12500,10,Cancelled
ORD-000101,2024-01-11,West,Store,Laptop stand,Office,3,29900,16000,0,Completed
ORD-000102,2024-01-11,South,Online,Wireless headphones,Electronics,1,49900,29000,20,Completed
ORD-000103,2024-01-11,South,Store,Desk lamp,Home,1,24900,12500,15,Completed
ORD-000104,2024-01-12,Central,Online,Phone case,Accessories,1,9900,3500,0,Completed
ORD-000105,2024-01-12,West,Online,Bluetooth speaker,Electronics,1,34900,21000,0,Completed
ORD-000106,2024-01-12,North,Online,Desk lamp,Home,3,24900,12500,0,Completed
ORD-000107,2024-01-12,South,Store,Travel bag,Accessories,2,39900,23000,10,Completed
ORD-000108,2024-01-12,Central,Online,Phone case,Accessories,4,9900,3500,0,Completed
ORD-000109,2024-01-12,West,Online,Bluetooth speaker,Electronics,2,34900,21000,0,Completed
ORD-000110,2024-01-12,North,Online,Storage set,Home,1,17900,9500,0,Completed
ORD-000111,2024-01-12,Central,Online,Phone case,Accessories,3,9900,3500,10,Completed
ORD-000112,2024-01-12,West,Store,Storage set,Home,2,17900,9500,0,Completed
ORD-000113,2024-01-12,West,Store,Desk lamp,Home,1,24900,12500,0,Completed
ORD-000114,2024-01-12,Central,Online,Laptop stand,Office,3,29900,16000,10,Returned
ORD-000115,2024-01-12,Central,Online,Phone case,Accessories,4,9900,3500,10,Completed
ORD-000116,2024-01-13,Central,Store,Bluetooth speaker,Electronics,1,34900,21000,20,Completed
ORD-000117,2024-01-13,South,Store,Laptop stand,Office,2,29900,16000,0,Completed
ORD-000118,2024-01-13,North,Online,Laptop stand,Office,4,29900,16000,20,Completed
ORD-000119,2024-01-13,Central,Store,Travel bag,Accessories,2,39900,23000,0,Completed
ORD-000120,2024-01-13,South,Online,Laptop stand,Office,1,29900,16000,0,Completed
ORD-000121,2024-01-13,North,Store,Notebook pack,Office,1,8900,4000,10,Completed
ORD-000122,2024-01-13,North,Online,Travel bag,Accessories,4,39900,23000,10,Completed
ORD-000123,2024-01-14,South,Store,Laptop stand,Office,4,29900,16000,15,Completed
ORD-000124,2024-01-14,West,Store,Wireless headphones,Electronics,2,49900,29000,10,Completed
ORD-000125,2024-01-14,South,Online,Wireless headphones,Electronics,1,49900,29000,0,Completed
ORD-000126,2024-01-14,Central,Store,Desk lamp,Home,3,24900,12500,0,Completed
ORD-000127,2024-01-14,Central,Online,Phone case,Accessories,4,9900,3500,0,Completed
ORD-000128,2024-01-14,West,Online,Desk lamp,Home,4,24900,12500,0,Completed
ORD-000129,2024-01-14,West,Online,Laptop stand,Office,3,29900,16000,15,Completed
ORD-000130,2024-01-14,West,Online,Phone case,Accessories,4,9900,3500,0,Completed
ORD-000131,2024-01-14,Central,Online,Travel bag,Accessories,2,39900,23000,20,Completed
ORD-000132,2024-01-14,Central,Store,Travel bag,Accessories,1,39900,23000,0,Completed
ORD-000133,2024-01-15,West,Store,Travel bag,Accessories,2,39900,23000,0,Completed
ORD-000134,2024-01-15,West,Store,Notebook pack,Office,4,8900,4000,0,Returned
ORD-000135,2024-01-15,South,Online,Wireless headphones,Electronics,2,49900,29000,0,Completed
ORD-000136,2024-01-15,Central,Store,Laptop stand,Office,1,29900,16000,15,Completed
ORD-000137,2024-01-15,West,Store,Travel bag,Accessories,4,39900,23000,15,Completed
ORD-000138,2024-01-15,Central,Store,Bluetooth speaker,Electronics,3,34900,21000,20,Completed
ORD-000139,2024-01-15,West,Store,Travel bag,Accessories,1,39900,23000,0,Completed
ORD-000140,2024-01-15,North,Store,Wireless headphones,Electronics,3,49900,29000,0,Completed
ORD-000141,2024-01-15,Central,Online,Storage set,Home,2,17900,9500,0,Completed
ORD-000142,2024-01-15,South,Online,Travel bag,Accessories,2,39900,23000,0,Completed
ORD-000143,2024-01-15,Central,Online,Phone case,Accessories,4,9900,3500,20,Completed
ORD-000144,2024-01-16,Central,Online,Bluetooth speaker,Electronics,3,34900,21000,10,Completed
ORD-000145,2024-01-16,Central,Online,Laptop stand,Office,4,29900,16000,15,Completed
ORD-000146,2024-01-16,South,Online,Travel bag,Accessories,3,39900,23000,0,Completed
ORD-000147,2024-01-16,Central,Online,Travel bag,Accessories,1,39900,23000,20,Completed
ORD-000148,2024-01-16,West,Online,Laptop stand,Office,3,29900,16000,0,Completed
ORD-000149,2024-01-16,South,Store,Laptop stand,Office,2,29900,16000,10,Returned
ORD-000150,2024-01-16,Central,Online,Wireless headphones,Electronics,3,49900,29000,10,Completed
ORD-000151,2024-01-17,West,Online,Notebook pack,Office,2,8900,4000,10,Completed
ORD-000152,2024-01-17,Central,Store,Notebook pack,Office,2,8900,4000,0,Completed
ORD-000153,2024-01-17,West,Online,Phone case,Accessories,3,9900,3500,15,Completed
ORD-000154,2024-01-17,North,Store,Bluetooth speaker,Electronics,4,34900,21000,20,Completed
ORD-000155,2024-01-17,North,Online,Notebook pack,Office,3,8900,4000,0,Completed
ORD-000156,2024-01-17,South,Store,Laptop stand,Office,3,29900,16000,0,Completed
ORD-000157,2024-01-17,South,Store,Wireless headphones,Electronics,3,49900,29000,20,Completed
ORD-000158,2024-01-17,South,Online,Bluetooth speaker,Electronics,3,34900,21000,10,Completed
ORD-000159,2024-01-17, West ,Online,Wireless headphones,Electronics,4,49900,29000,0,Completed
ORD-000160,2024-01-18,Central,Store,Travel bag,Accessories,4,39900,23000,0,Completed
ORD-000161,2024-01-18,South,Store,Travel bag,Accessories,4,39900,23000,20,Completed
ORD-000162,2024-01-18,Central,Online,Notebook pack,Office,2,8900,4000,15,Completed
ORD-000163,2024-01-18,Central,Store,Notebook pack,Office,3,8900,4000,0,Completed
ORD-000164,2024-01-18,West,Store,Bluetooth speaker,Electronics,1,34900,21000,10,Completed
ORD-000165,2024-01-18,North,Online,Wireless headphones,Electronics,2,49900,29000,10,Completed
ORD-000166,2024-01-18,South,Store,Storage set,Home,2,17900,9500,0,Completed
ORD-000167,2024-01-19,West,Online,Laptop stand,Office,2,29900,16000,0,Completed
ORD-000168,2024-01-19,South,Online,Bluetooth speaker,Electronics,1,34900,21000,0,Completed
ORD-000169,2024-01-19,North,Online,Notebook pack,Office,2,8900,4000,10,Completed
ORD-000170,2024-01-19,Central,Store,Bluetooth speaker,Electronics,1,34900,21000,0,Completed
ORD-000171,2024-01-19,South,Store,Wireless headphones,Electronics,3,49900,29000,0,Cancelled
ORD-000172,2024-01-20,West,Online,Phone case,Accessories,1,9900,3500,0,Returned
ORD-000173,2024-01-20,West,Online,Bluetooth speaker,Electronics,2,34900,21000,0,Completed
ORD-000174,2024-01-20,Central,Online,Notebook pack,Office,3,8900,4000,0,Completed
ORD-000175,2024-01-20,West,Online,Bluetooth speaker,Electronics,2,34900,21000,0,Completed
ORD-000176,2024-01-20,Central,Online,Travel bag,Accessories,4,39900,23000,10,Completed
ORD-000177,2024-01-20,South,Online,Notebook pack,Office,2,8900,4000,10,Completed
ORD-000178,2024-01-20,West,Online,Bluetooth speaker,Electronics,1,34900,21000,10,Completed
ORD-000179,2024-01-21,South,Online,Wireless headphones,Electronics,3,49900,29000,10,Completed
ORD-000180,2024-01-21,West,Store,Travel bag,Accessories,3,39900,23000,10,Completed
ORD-000181,2024-01-21,North,Online,Storage set,Home,1,17900,9500,0,Completed
ORD-000182,2024-01-21,West,Online,Bluetooth speaker,Electronics,4,34900,21000,15,Cancelled
ORD-000183,2024-01-21,South,Store,Wireless headphones,Electronics,3,49900,29000,0,Completed
ORD-000184,2024-01-21,West,Online,Laptop stand,Office,2,29900,16000,15,Completed
ORD-000185,2024-01-21,North,Store,Travel bag,Accessories,1,39900,23000,0,Completed
ORD-000186,2024-01-21,Central,Online,Travel bag,Accessories,3,39900,23000,0,Completed
ORD-000187,2024-01-21,West,Online,Bluetooth speaker,Electronics,1,34900,21000,10,Completed
ORD-000188,2024-01-22,South,Online,Phone case,Accessories,2,9900,3500,10,Completed
ORD-000189,2024-01-22,North,Store,Travel bag,Accessories,4,39900,23000,0,Completed
ORD-000190,2024-01-22,Central,Online,Storage set,Home,1,17900,9500,0,Returned
ORD-000191,2024-01-22,West,Online,Desk lamp,Home,1,24900,12500,0,Completed
ORD-000192,2024-01-22,North,Online,Desk lamp,Home,2,24900,12500,0,Completed
ORD-000193,2024-01-22,North,Store,Notebook pack,Office,1,8900,4000,0,Completed
ORD-000194,2024-01-22,West,Online,Bluetooth speaker,Electronics,4,34900,21000,10,Completed
ORD-000195,2024-01-22,Central,Store,Bluetooth speaker,Electronics,2,34900,21000,15,Completed
ORD-000196,2024-01-22,North,Store,Notebook pack,Office,2,8900,4000,0,Completed
ORD-000197,2024-01-22,Central,Online,Bluetooth speaker,Electronics,3,34900,21000,0,Completed
ORD-000198,2024-01-22,Central,Online,Bluetooth speaker,Electronics,2,34900,21000,20,Completed
ORD-000199,2024-01-23,North,Online,Storage set,Home,2,17900,9500,10,Completed
ORD-000200,2024-01-23,North,Store,Bluetooth speaker,Electronics,4,34900,21000,0,Completed
ORD-000201,2024-01-23,South,Store,Phone case,Accessories,3,9900,3500,15,Completed
ORD-000202,2024-01-23,Central,Online,Desk lamp,Home,3,24900,12500,10,Completed
ORD-000203,2024-01-23,Central,Online,Notebook pack,Office,4,8900,4000,0,Completed
ORD-000204,2024-01-23,North,Store,Laptop stand,Office,1,29900,16000,10,Completed
ORD-000205,2024-01-23,South,Store,Phone case,Accessories,1,9900,3500,0,Completed
ORD-000206,2024-01-24,South,Online,Notebook pack,Office,1,8900,4000,0,Completed
ORD-000207,2024-01-24,West,Online,Notebook pack,Office,2,8900,4000,0,Completed
ORD-000208,2024-01-24,Central,Store,Phone case,Accessories,3,9900,3500,0,Completed
ORD-000209,2024-01-24,West,Store,Travel bag,Accessories,1,39900,23000,10,Completed
ORD-000210,2024-01-24,Central,Online,Bluetooth speaker,Electronics,4,34900,21000,0,Completed
ORD-000211,2024-01-24,Central,Online,Desk lamp,Home,2,24900,12500,20,Completed
ORD-000212,2024-01-24,North,Store,Travel bag,Accessories,1,39900,23000,0,Completed
ORD-000213,2024-01-24,West,Store,Notebook pack,Office,1,8900,4000,10,Completed
ORD-000214,2024-01-25,Central,Online,Wireless headphones,Electronics,2,49900,29000,0,Completed
ORD-000215,2024-01-25,Central,Online,Storage set,Home,1,17900,9500,0,Completed
ORD-000216,2024-01-25,South,Store,Wireless headphones,Electronics,2,49900,29000,0,Completed
ORD-000217,2024-01-25,West,Store,Desk lamp,Home,2,24900,12500,10,Completed
ORD-000218,2024-01-25,South,Online,Notebook pack,Office,4,8900,4000,10,Completed
ORD-000219,2024-01-25,Central,Online,Phone case,Accessories,4,9900,3500,20,Completed
ORD-000220,2024-01-25,Central,Online,Phone case,Accessories,4,9900,3500,0,Completed
ORD-000221,2024-01-25,West,Store,Desk lamp,Home,2,24900,12500,15,Completed
ORD-000222,2024-01-25,West,Online,Phone case,Accessories,1,9900,3500,10,Completed
ORD-000223,2024-01-25,Central,Store,Bluetooth speaker,Electronics,3,34900,21000,0,Completed
ORD-000224,2024-01-26,West,Online,Bluetooth speaker,Electronics,4,34900,21000,15,Returned
ORD-000225,2024-01-26,North,Online,Travel bag,Accessories,2,39900,23000,0,Completed
ORD-000226,2024-01-26,North,Store,Storage set,Home,3,17900,9500,10,Completed
ORD-000227,2024-01-26,West,Online,Laptop stand,Office,2,29900,16000,10,Completed
ORD-000228,2024-01-26,West,Online,Wireless headphones,Electronics,2,49900,29000,15,Completed
ORD-000229,2024-01-26,North,Online,Travel bag,Accessories,3,39900,23000,0,Completed
ORD-000230,2024-01-26,North,Store,Phone case,Accessories,4,9900,3500,0,Completed
ORD-000231,2024-01-26,South,Online,Storage set,Home,1,17900,9500,10,Completed
ORD-000232,2024-01-26,Central,Store,Travel bag,Accessories,3,39900,23000,0,Completed
ORD-000233,2024-01-26,Central,Online,Wireless headphones,Electronics,4,49900,29000,20,Completed
ORD-000234,2024-01-26,Central,Online,Wireless headphones,Electronics,2,49900,29000,10,Completed
ORD-000235,2024-01-27,North,Online,Desk lamp,Home,2,24900,12500,15,Completed
ORD-000236,2024-01-27,South,Store,Phone case,Accessories,1,9900,3500,10,Returned
ORD-000237,2024-01-27,Central,Online,Wireless headphones,Electronics,2,49900,29000,15,Completed
ORD-000238,2024-01-27, Central ,Store,Laptop stand,Office,4,29900,16000,0,Completed
ORD-000239,2024-01-27,Central,Store,Storage set,Home,1,17900,9500,15,Completed
ORD-000240,2024-01-27,West,Online,Bluetooth speaker,Electronics,4,34900,21000,10,Completed
ORD-000241,2024-01-27,Central,Online,Travel bag,Accessories,4,39900,23000,0,Completed
ORD-000242,2024-01-27,West,Store,Laptop stand,Office,1,29900,16000,0,Cancelled
ORD-000243,2024-01-27,South,Online,Desk lamp,Home,1,24900,12500,0,Completed
ORD-000244,2024-01-27,South,Online,Phone case,Accessories,4,9900,3500,0,Completed
ORD-000245,2024-01-27,South,Online,Notebook pack,Office,1,8900,4000,0,Completed
ORD-000246,2024-01-27,Central,Store,Notebook pack,Office,2,8900,4000,20,Completed
ORD-000247,2024-01-28,North,Online,Wireless headphones,Electronics,3,49900,29000,0,Returned
ORD-000248,2024-01-28,South,Store,Wireless headphones,Electronics,3,49900,29000,0,Completed
ORD-000249,2024-01-28,Central,Online,Desk lamp,Home,3,24900,12500,0,Completed
ORD-000250,2024-01-28,Central,Online,Desk lamp,Home,1,24900,12500,0,Completed
ORD-000251,2024-01-28,Central,Store,Phone case,Accessories,4,9900,3500,0,Completed
ORD-000252,2024-01-28,Central,Store,Bluetooth speaker,Electronics,4,34900,21000,20,Completed
ORD-000253,2024-01-28,South,Store,Notebook pack,Office,3,8900,4000,15,Completed
ORD-000254,2024-01-28,West,Online,Desk lamp,Home,1,24900,12500,20,Completed
ORD-000255,2024-01-28,West,Online,Storage set,Home,3,17900,9500,0,Cancelled
ORD-000256,2024-01-28,South,Online,Desk lamp,Home,3,24900,12500,0,Completed
ORD-000257,2024-01-28,Central,Store,Phone case,Accessories,1,9900,3500,0,Completed
ORD-000258,2024-01-28,Central,Store,Bluetooth speaker,Electronics,3,34900,21000,0,Completed
ORD-000259,2024-01-28,West,Online,Desk lamp,Home,1,24900,12500,15,Completed
ORD-000260,2024-01-28,North,Online,Laptop stand,Office,2,29900,16000,0,Returned
ORD-000261,2024-01-29,Central,Store,Bluetooth speaker,Electronics,3,34900,21000,0,Completed
ORD-000262,2024-01-29,Central,Online,Bluetooth speaker,Electronics,2,34900,21000,0,Completed
ORD-000263,2024-01-29,West,Online,Notebook pack,Office,1,8900,4000,0,Returned
ORD-000264,2024-01-29,South,Store,Laptop stand,Office,4,29900,16000,10,Completed
ORD-000265,2024-01-29,South,Online,Laptop stand,Office,2,29900,16000,15,Completed
ORD-000266,2024-01-29,Central,Store,Laptop stand,Office,2,29900,16000,0,Completed
ORD-000267,2024-01-29,Central,Online,Storage set,Home,3,17900,9500,10,Completed
ORD-000268,2024-01-29,North,Online,Travel bag,Accessories,1,39900,23000,0,Completed
ORD-000269,2024-01-29,Central,Online,Laptop stand,Office,1,29900,16000,0,Completed
ORD-000270,2024-01-30,West,Store,Storage set,Home,3,17900,9500,20,Completed
ORD-000271,2024-01-30,West,Online,Storage set,Home,4,17900,9500,0,Completed
ORD-000272,2024-01-30,North,Online,Wireless headphones,Electronics,4,49900,29000,20,Completed
ORD-000273,2024-01-30,North,Online,Notebook pack,Office,4,8900,4000,0,Completed
ORD-000274,2024-01-30,Central,Store,Bluetooth speaker,Electronics,3,34900,21000,10,Completed
ORD-000275,2024-01-30,North,Online,Travel bag,Accessories,3,39900,23000,0,Completed
ORD-000276,2024-01-30,West,Online,Phone case,Accessories,1,9900,3500,0,Completed
ORD-000277,2024-01-30,West,Online,Notebook pack,Office,3,8900,4000,10,Completed
ORD-000278,2024-01-30,Central,Online,Travel bag,Accessories,2,39900,23000,10,Completed
ORD-000279,2024-01-30,North,Store,Phone case,Accessories,2,9900,3500,0,Completed
ORD-000280,2024-01-30,Central,Store,Desk lamp,Home,3,24900,12500,0,Completed
ORD-000281,2024-01-31,Central,Online,Laptop stand,Office,3,29900,16000,10,Cancelled
ORD-000282,2024-01-31,West,Store,Laptop stand,Office,1,29900,16000,0,Completed
ORD-000283,2024-01-31,South,Online,Storage set,Home,2,17900,9500,0,Completed
ORD-000284,2024-01-31,North,Store,Travel bag,Accessories,1,39900,23000,0,Completed
ORD-000285,2024-01-31,North,Online,Storage set,Home,2,17900,9500,0,Completed
ORD-000286,2024-01-31,West,Store,Phone case,Accessories,1,9900,3500,10,Completed
ORD-000287,2024-01-31,West,Online,Notebook pack,Office,4,8900,4000,0,Completed
ORD-000288,2024-01-31,South,Store,Notebook pack,Office,3,8900,4000,10,Completed
ORD-000289,2024-01-31,Central,Online,Storage set,Home,3,17900,9500,10,Completed
ORD-000290,2024-01-31,Central,Online,Phone case,Accessories,3,9900,3500,0,Completed
ORD-000291,2024-01-31,West,Online,Travel bag,Accessories,3,39900,23000,20,Completed
ORD-000292,2024-01-31,North,Store,Laptop stand,Office,1,29900,16000,0,Completed
ORD-000293,2024-02-01,Central,Store,Phone case,Accessories,3,9900,3500,20,Completed
ORD-000294,2024-02-01,North,Store,Desk lamp,Home,2,24900,12500,0,Completed
ORD-000295,2024-02-01,South,Online,Storage set,Home,4,17900,9500,0,Completed
ORD-000296,2024-02-01,North,Online,Desk lamp,Home,2,24900,12500,0,Returned
ORD-000297,2024-02-01,Central,Online,Phone case,Accessories,3,9900,3500,0,Completed
ORD-000298,2024-02-01,South,Online,Bluetooth speaker,Electronics,1,34900,21000,20,Completed
ORD-000299,2024-02-01,West,Online,Desk lamp,Home,4,24900,12500,10,Completed
ORD-000300,2024-02-01,West,Online,Laptop stand,Office,1,29900,16000,20,Completed
ORD-000301,2024-02-01,West,Online,Phone case,Accessories,4,9900,3500,15,Completed
ORD-000302,2024-02-02,Central,Online,Laptop stand,Office,2,29900,16000,10,Completed
ORD-000303,2024-02-02,North,Online,Desk lamp,Home,3,24900,12500,0,Completed
ORD-000304,2024-02-02,South,Store,Desk lamp,Home,4,24900,12500,15,Completed
ORD-000305,2024-02-02,Central,Online,Bluetooth speaker,Electronics,2,34900,21000,0,Returned
ORD-000306,2024-02-02,Central,Online,Wireless headphones,Electronics,3,49900,29000,20,Completed
ORD-000307,2024-02-02,Central,Online,Wireless headphones,Electronics,2,49900,29000,0,Completed
ORD-000308,2024-02-02,North,Store,Laptop stand,Office,3,29900,16000,10,Completed
ORD-000309,2024-02-02,Central,Online,Laptop stand,Office,2,29900,16000,0,Completed
ORD-000310,2024-02-02,Central,Online,Notebook pack,Office,4,8900,4000,10,Completed
ORD-000311,2024-02-02,West,Store,Storage set,Home,1,17900,9500,0,Completed
ORD-000312,2024-02-02,North,Online,Notebook pack,Office,1,8900,4000,15,Returned
ORD-000313,2024-02-02,South,Online,Storage set,Home,3,17900,9500,15,Completed
ORD-000314,2024-02-03,North,Online,Phone case,Accessories,1,9900,3500,0,Completed
ORD-000315,2024-02-03,South,Online,Phone case,Accessories,3,9900,3500,10,Completed
ORD-000316,2024-02-03,West,Online,Wireless headphones,Electronics,1,49900,29000,0,Completed
ORD-000317,2024-02-03, West ,Online,Wireless headphones,Electronics,4,49900,29000,0,Completed
ORD-000318,2024-02-03,West,Store,Desk lamp,Home,4,24900,12500,0,Completed
ORD-000319,2024-02-03,West,Store,Phone case,Accessories,4,9900,3500,0,Cancelled
ORD-000320,2024-02-03,South,Online,Desk lamp,Home,2,24900,12500,20,Completed
ORD-000321,2024-02-03,West,Online,Desk lamp,Home,1,24900,12500,10,Cancelled
ORD-000322,2024-02-03,South,Online,Phone case,Accessories,4,9900,3500,15,Completed
ORD-000323,2024-02-03,North,Online,Notebook pack,Office,1,8900,4000,0,Completed
ORD-000324,2024-02-04,Central,Online,Storage set,Home,1,17900,9500,0,Completed
ORD-000325,2024-02-04,Central,Online,Wireless headphones,Electronics,4,49900,29000,0,Completed
ORD-000326,2024-02-04,North,Store,Wireless headphones,Electronics,2,49900,29000,15,Completed
ORD-000327,2024-02-04,South,Store,Notebook pack,Office,3,8900,4000,0,Completed
ORD-000328,2024-02-04,Central,Online,Storage set,Home,2,17900,9500,10,Completed
ORD-000329,2024-02-04,North,Online,Phone case,Accessories,4,9900,3500,10,Completed
ORD-000330,2024-02-04,Central,Online,Travel bag,Accessories,2,39900,23000,10,Completed
ORD-000331,2024-02-05,West,Online,Laptop stand,Office,4,29900,16000,20,Completed
ORD-000332,2024-02-05,South,Online,Travel bag,Accessories,2,39900,23000,0,Completed
ORD-000333,2024-02-05,West,Store,Bluetooth speaker,Electronics,1,34900,21000,0,Completed
ORD-000334,2024-02-05,Central,Store,Wireless headphones,Electronics,1,49900,29000,15,Completed
ORD-000335,2024-02-05,Central,Store,Storage set,Home,3,17900,9500,0,Returned
ORD-000336,2024-02-05,West,Store,Storage set,Home,1,17900,9500,10,Completed
ORD-000337,2024-02-05,South,Store,Storage set,Home,4,17900,9500,20,Completed
ORD-000338,2024-02-05,Central,Online,Laptop stand,Office,3,29900,16000,0,Completed
ORD-000339,2024-02-06,North,Store,Phone case,Accessories,4,9900,3500,10,Completed
ORD-000340,2024-02-06,Central,Online,Storage set,Home,2,17900,9500,10,Completed
ORD-000341,2024-02-06,Central,Online,Travel bag,Accessories,2,39900,23000,0,Completed
ORD-000342,2024-02-06,South,Store,Phone case,Accessories,3,9900,3500,0,Completed
ORD-000343,2024-02-06,Central,Store,Phone case,Accessories,3,9900,3500,0,Completed
ORD-000344,2024-02-06,Central,Store,Phone case,Accessories,1,9900,3500,0,Completed
ORD-000345,2024-02-06,West,Store,Bluetooth speaker,Electronics,1,34900,21000,0,Completed
ORD-000346,2024-02-06,North,Online,Storage set,Home,2,17900,9500,0,Completed
ORD-000347,2024-02-06,South,Online,Phone case,Accessories,4,9900,3500,0,Completed
ORD-000348,2024-02-06,Central,Online,Laptop stand,Office,4,29900,16000,15,Returned
ORD-000349,2024-02-06,West,Online,Bluetooth speaker,Electronics,2,34900,21000,0,Completed
ORD-000350,2024-02-06,Central,Online,Notebook pack,Office,3,8900,4000,20,Completed
ORD-000351,2024-02-07,Central,Store,Storage set,Home,1,17900,9500,10,Completed
ORD-000352,2024-02-07,North,Online,Wireless headphones,Electronics,4,49900,29000,0,Completed
ORD-000353,2024-02-07,North,Store,Desk lamp,Home,3,24900,12500,0,Completed
ORD-000354,2024-02-07,West,Store,Bluetooth speaker,Electronics,2,34900,21000,0,Completed
ORD-000355,2024-02-07,Central,Store,Phone case,Accessories,3,9900,3500,15,Completed
ORD-000356,2024-02-07,North,Store,Wireless headphones,Electronics,1,49900,29000,20,Completed
ORD-000357,2024-02-07,West,Online,Travel bag,Accessories,2,39900,23000,0,Completed
ORD-000358,2024-02-07,Central,Store,Notebook pack,Office,1,8900,4000,0,Cancelled
ORD-000359,2024-02-08,Central,Store,Bluetooth speaker,Electronics,3,34900,21000,10,Completed
ORD-000360,2024-02-08,West,Online,Travel bag,Accessories,3,39900,23000,10,Completed
ORD-000361,2024-02-08,Central,Store,Storage set,Home,4,17900,9500,0,Completed
ORD-000362,2024-02-08,North,Store,Travel bag,Accessories,2,39900,23000,10,Completed
ORD-000363,2024-02-08,Central,Store,Desk lamp,Home,2,24900,12500,10,Completed
ORD-000364,2024-02-09,North,Online,Bluetooth speaker,Electronics,3,34900,21000,10,Completed
ORD-000365,2024-02-09,Central,Online,Bluetooth speaker,Electronics,4,34900,21000,0,Completed
ORD-000366,2024-02-09,South,Store,Bluetooth speaker,Electronics,4,34900,21000,0,Completed
ORD-000367,2024-02-09,South,Online,Bluetooth speaker,Electronics,2,34900,21000,0,Completed
ORD-000368,2024-02-09,North,Online,Travel bag,Accessories,3,39900,23000,0,Completed
ORD-000369,2024-02-09,Central,Online,Travel bag,Accessories,1,39900,23000,0,Returned
ORD-000370,2024-02-10,Central,Online,Storage set,Home,1,17900,9500,20,Completed
ORD-000371,2024-02-10,West,Online,Travel bag,Accessories,3,39900,23000,0,Completed
ORD-000372,2024-02-10,Central,Store,Desk lamp,Home,2,24900,12500,0,Completed
ORD-000373,2024-02-10,West,Online,Travel bag,Accessories,4,39900,23000,20,Completed
ORD-000374,2024-02-10,Central,Store,Notebook pack,Office,4,8900,4000,0,Returned
ORD-000375,2024-02-10,South,Online,Storage set,Home,1,17900,9500,20,Completed
ORD-000376,2024-02-10,Central,Online,Storage set,Home,1,17900,9500,15,Completed
ORD-000377,2024-02-10,South,Online,Travel bag,Accessories,3,39900,23000,0,Completed
ORD-000378,2024-02-10,West,Online,Travel bag,Accessories,4,39900,23000,0,Completed
ORD-000379,2024-02-10,Central,Store,Travel bag,Accessories,3,39900,23000,10,Completed
ORD-000380,2024-02-10,North,Online,Bluetooth speaker,Electronics,3,34900,21000,0,Completed
ORD-000381,2024-02-10,West,Online,Travel bag,Accessories,4,39900,23000,0,Completed
ORD-000382,2024-02-10,Central,Online,Storage set,Home,2,17900,9500,0,Completed
ORD-000383,2024-02-10,Central,Online,Desk lamp,Home,1,24900,12500,0,Returned
ORD-000384,2024-02-11,West,Store,Bluetooth speaker,Electronics,3,34900,21000,0,Completed
ORD-000385,2024-02-11,Central,Online,Storage set,Home,1,17900,9500,0,Completed
ORD-000386,2024-02-11,North,Online,Notebook pack,Office,1,8900,4000,0,Completed
ORD-000387,2024-02-11,South,Online,Bluetooth speaker,Electronics,2,34900,21000,0,Completed
ORD-000388,2024-02-11,South,Store,Notebook pack,Office,2,8900,4000,10,Completed
ORD-000389,2024-02-11,South,Online,Desk lamp,Home,1,24900,12500,10,Completed
ORD-000390,2024-02-11,South,Online,Phone case,Accessories,2,9900,3500,0,Completed
ORD-000391,2024-02-11,South,Store,Bluetooth speaker,Electronics,2,34900,21000,0,Completed
ORD-000392,2024-02-12,South,Online,Laptop stand,Office,3,29900,16000,0,Completed
ORD-000393,2024-02-12,Central,Store,Bluetooth speaker,Electronics,2,34900,21000,15,Completed
ORD-000394,2024-02-12,West,Online,Laptop stand,Office,2,29900,16000,0,Completed
ORD-000395,2024-02-12,Central,Store,Bluetooth speaker,Electronics,4,34900,21000,0,Completed
ORD-000396,2024-02-12, Central ,Online,Travel bag,Accessories,2,39900,23000,0,Completed
ORD-000397,2024-02-12,Central,Store,Desk lamp,Home,1,24900,12500,15,Returned
ORD-000398,2024-02-13,Central,Online,Desk lamp,Home,4,24900,12500,0,Completed
ORD-000399,2024-02-13,Central,Online,Phone case,Accessories,1,9900,3500,10,Completed
ORD-000400,2024-02-13,Central,Online,Wireless headphones,Electronics,2,49900,29000,10,Completed
ORD-000401,2024-02-13,South,Online,Phone case,Accessories,1,9900,3500,0,Completed
ORD-000402,2024-02-13,Central,Store,Notebook pack,Office,4,8900,4000,0,Cancelled
ORD-000403,2024-02-13,West,Store,Bluetooth speaker,Electronics,2,34900,21000,0,Cancelled
ORD-000404,2024-02-13,Central,Store,Phone case,Accessories,1,9900,3500,0,Cancelled
ORD-000405,2024-02-13,Central,Store,Storage set,Home,3,17900,9500,15,Completed
ORD-000406,2024-02-13,North,Online,Travel bag,Accessories,2,39900,23000,15,Completed
ORD-000407,2024-02-13,Central,Online,Notebook pack,Office,2,8900,4000,0,Completed
ORD-000408,2024-02-13,South,Store,Laptop stand,Office,1,29900,16000,0,Completed
ORD-000409,2024-02-13,West,Store,Travel bag,Accessories,2,39900,23000,10,Completed
ORD-000410,2024-02-14,West,Store,Notebook pack,Office,4,8900,4000,0,Completed
ORD-000411,2024-02-14,South,Online,Laptop stand,Office,1,29900,16000,10,Completed
ORD-000412,2024-02-14,Central,Store,Bluetooth speaker,Electronics,3,34900,21000,0,Completed
ORD-000413,2024-02-14,West,Store,Wireless headphones,Electronics,1,49900,29000,10,Completed
ORD-000414,2024-02-14,West,Store,Notebook pack,Office,4,8900,4000,0,Completed
ORD-000415,2024-02-14,Central,Online,Storage set,Home,3,17900,9500,0,Completed
ORD-000416,2024-02-14,West,Store,Phone case,Accessories,1,9900,3500,0,Completed
ORD-000417,2024-02-15,North,Store,Wireless headphones,Electronics,4,49900,29000,0,Cancelled
ORD-000418,2024-02-15,Central,Store,Travel bag,Accessories,2,39900,23000,15,Completed
ORD-000419,2024-02-15,North,Online,Laptop stand,Office,1,29900,16000,0,Returned
ORD-000420,2024-02-15,North,Store,Desk lamp,Home,2,24900,12500,0,Completed
ORD-000421,2024-02-15,North,Online,Bluetooth speaker,Electronics,2,34900,21000,0,Completed
ORD-000422,2024-02-15,North,Store,Phone case,Accessories,1,9900,3500,20,Completed
ORD-000423,2024-02-15,Central,Online,Desk lamp,Home,1,24900,12500,10,Completed
ORD-000424,2024-02-15,Central,Online,Notebook pack,Office,4,8900,4000,10,Completed
ORD-000425,2024-02-15,South,Store,Desk lamp,Home,1,24900,12500,0,Completed
ORD-000426,2024-02-15,Central,Store,Desk lamp,Home,2,24900,12500,20,Completed
ORD-000427,2024-02-15,West,Online,Phone case,Accessories,1,9900,3500,0,Completed
ORD-000428,2024-02-15,Central,Online,Travel bag,Accessories,2,39900,23000,0,Completed
ORD-000429,2024-02-16,West,Store,Laptop stand,Office,3,29900,16000,0,Completed
ORD-000430,2024-02-16,West,Online,Storage set,Home,1,17900,9500,10,Completed
ORD-000431,2024-02-16,Central,Online,Storage set,Home,4,17900,9500,10,Completed
ORD-000432,2024-02-16,West,Store,Wireless headphones,Electronics,2,49900,29000,0,Completed
ORD-000433,2024-02-16,Central,Store,Travel bag,Accessories,4,39900,23000,20,Completed
ORD-000434,2024-02-16,South,Online,Wireless headphones,Electronics,2,49900,29000,0,Completed
ORD-000435,2024-02-16,Central,Store,Travel bag,Accessories,4,39900,23000,0,Completed
ORD-000436,2024-02-16,Central,Online,Desk lamp,Home,2,24900,12500,20,Completed
ORD-000437,2024-02-17,South,Store,Travel bag,Accessories,1,39900,23000,0,Completed
ORD-000438,2024-02-17,North,Online,Storage set,Home,4,17900,9500,0,Completed
ORD-000439,2024-02-17,Central,Store,Wireless headphones,Electronics,2,49900,29000,0,Completed
ORD-000440,2024-02-17,North,Store,Wireless headphones,Electronics,3,49900,29000,0,Completed
ORD-000441,2024-02-17,West,Online,Laptop stand,Office,1,29900,16000,0,Completed
ORD-000442,2024-02-17,Central,Store,Bluetooth speaker,Electronics,1,34900,21000,0,Completed
ORD-000443,2024-02-17,Central,Online,Wireless headphones,Electronics,3,49900,29000,0,Completed
ORD-000444,2024-02-17,Central,Online,Bluetooth speaker,Electronics,1,34900,21000,15,Completed
ORD-000445,2024-02-17,Central,Online,Wireless headphones,Electronics,2,49900,29000,0,Cancelled
ORD-000446,2024-02-17,South,Store,Wireless headphones,Electronics,4,49900,29000,0,Completed
ORD-000447,2024-02-17,Central,Online,Notebook pack,Office,3,8900,4000,0,Completed
ORD-000448,2024-02-17,North,Store,Wireless headphones,Electronics,1,49900,29000,20,Completed
ORD-000449,2024-02-18,West,Online,Laptop stand,Office,1,29900,16000,0,Completed
ORD-000450,2024-02-18,Central,Store,Storage set,Home,2,17900,9500,0,Completed
ORD-000451,2024-02-18,West,Store,Phone case,Accessories,2,9900,3500,0,Returned
ORD-000452,2024-02-18,Central,Online,Wireless headphones,Electronics,1,49900,29000,20,Completed
ORD-000453,2024-02-18,West,Store,Travel bag,Accessories,1,39900,23000,0,Cancelled
ORD-000454,2024-02-18,Central,Online,Travel bag,Accessories,2,39900,23000,10,Completed
ORD-000455,2024-02-18,West,Online,Storage set,Home,3,17900,9500,0,Completed
ORD-000456,2024-02-18,Central,Store,Bluetooth speaker,Electronics,4,34900,21000,0,Completed
ORD-000457,2024-02-18,South,Online,Travel bag,Accessories,3,39900,23000,0,Completed
ORD-000458,2024-02-18,South,Store,Travel bag,Accessories,3,39900,23000,0,Completed
ORD-000459,2024-02-18,North,Store,Storage set,Home,1,17900,9500,0,Completed
ORD-000460,2024-02-18,Central,Online,Phone case,Accessories,3,9900,3500,20,Completed
ORD-000461,2024-02-18,Central,Store,Laptop stand,Office,1,29900,16000,0,Completed
ORD-000462,2024-02-18,Central,Store,Wireless headphones,Electronics,2,49900,29000,0,Completed
ORD-000463,2024-02-19,Central,Store,Travel bag,Accessories,3,39900,23000,15,Completed
ORD-000464,2024-02-19,West,Online,Travel bag,Accessories,2,39900,23000,0,Completed
ORD-000465,2024-02-19,North,Online,Desk lamp,Home,2,24900,12500,0,Completed
ORD-000466,2024-02-19,South,Store,Notebook pack,Office,1,8900,4000,0,Completed
ORD-000467,2024-02-19,North,Online,Bluetooth speaker,Electronics,4,34900,21000,15,Completed
ORD-000468,2024-02-19,North,Store,Notebook pack,Office,1,8900,4000,0,Completed
ORD-000469,2024-02-19,Central,Online,Travel bag,Accessories,4,39900,23000,0,Completed
ORD-000470,2024-02-19,Central,Online,Desk lamp,Home,2,24900,12500,0,Completed
ORD-000471,2024-02-19,South,Online,Storage set,Home,4,17900,9500,0,Completed
ORD-000472,2024-02-19,Central,Store,Desk lamp,Home,2,24900,12500,10,Completed
ORD-000473,2024-02-20,West,Online,Travel bag,Accessories,4,39900,23000,0,Completed
ORD-000474,2024-02-20,Central,Online,Notebook pack,Office,3,8900,4000,0,Completed
ORD-000475,2024-02-20, North ,Store,Laptop stand,Office,3,29900,16000,10,Cancelled
ORD-000476,2024-02-20,North,Store,Desk lamp,Home,3,24900,12500,0,Completed
ORD-000477,2024-02-20,West,Store,Wireless headphones,Electronics,4,49900,29000,0,Completed
ORD-000478,2024-02-21,Central,Online,Desk lamp,Home,3,24900,12500,20,Completed
ORD-000479,2024-02-21,West,Online,Notebook pack,Office,2,8900,4000,15,Completed
ORD-000480,2024-02-21,Central,Online,Phone case,Accessories,1,9900,3500,0,Completed
ORD-000481,2024-02-21,North,Online,Storage set,Home,3,17900,9500,20,Completed
ORD-000482,2024-02-21,Central,Online,Desk lamp,Home,3,24900,12500,0,Completed
ORD-000483,2024-02-21,West,Store,Desk lamp,Home,3,24900,12500,20,Completed
ORD-000484,2024-02-21,South,Online,Travel bag,Accessories,3,39900,23000,0,Completed
ORD-000485,2024-02-22,South,Online,Phone case,Accessories,3,9900,3500,0,Completed
ORD-000486,2024-02-22,Central,Store,Desk lamp,Home,3,24900,12500,0,Completed
ORD-000487,2024-02-22,West,Store,Travel bag,Accessories,1,39900,23000,0,Completed
ORD-000488,2024-02-22,South,Online,Storage set,Home,4,17900,9500,0,Completed
ORD-000489,2024-02-22,Central,Online,Storage set,Home,1,17900,9500,15,Completed
ORD-000490,2024-02-22,Central,Online,Notebook pack,Office,2,8900,4000,10,Completed
ORD-000491,2024-02-22,South,Online,Bluetooth speaker,Electronics,4,34900,21000,10,Cancelled
ORD-000492,2024-02-22,Central,Online,Travel bag,Accessories,4,39900,23000,0,Completed
ORD-000493,2024-02-22,North,Online,Storage set,Home,1,17900,9500,0,Completed
ORD-000494,2024-02-22,North,Online,Bluetooth speaker,Electronics,4,34900,21000,0,Completed
ORD-000495,2024-02-22,Central,Store,Bluetooth speaker,Electronics,4,34900,21000,10,Completed
ORD-000496,2024-02-23,North,Online,Travel bag,Accessories,2,39900,23000,20,Completed
ORD-000497,2024-02-23,South,Online,Laptop stand,Office,1,29900,16000,0,Completed
ORD-000498,2024-02-23,North,Online,Phone case,Accessories,4,9900,3500,0,Completed
ORD-000499,2024-02-23,Central,Online,Phone case,Accessories,2,9900,3500,10,Cancelled
ORD-000500,2024-02-23,West,Online,Phone case,Accessories,4,9900,3500,0,Completed
ORD-000501,2024-02-23,North,Online,Laptop stand,Office,2,29900,16000,0,Completed
ORD-000502,2024-02-23,Central,Online,Desk lamp,Home,4,24900,12500,0,Completed
ORD-000503,2024-02-24,West,Store,Desk lamp,Home,1,24900,12500,10,Completed
ORD-000504,2024-02-24,West,Online,Travel bag,Accessories,1,39900,23000,15,Completed
ORD-000505,2024-02-24,West,Store,Travel bag,Accessories,4,39900,23000,0,Completed
ORD-000506,2024-02-24,North,Store,Laptop stand,Office,1,29900,16000,0,Returned
ORD-000507,2024-02-24,North,Store,Desk lamp,Home,2,24900,12500,20,Completed
ORD-000508,2024-02-24,West,Online,Storage set,Home,4,17900,9500,0,Completed
ORD-000509,2024-02-24,West,Store,Storage set,Home,3,17900,9500,0,Completed
ORD-000510,2024-02-25,Central,Online,Bluetooth speaker,Electronics,3,34900,21000,15,Completed
ORD-000511,2024-02-25,West,Store,Wireless headphones,Electronics,4,49900,29000,0,Completed
ORD-000512,2024-02-25,West,Online,Bluetooth speaker,Electronics,1,34900,21000,10,Completed
ORD-000513,2024-02-25,West,Online,Notebook pack,Office,4,8900,4000,0,Completed
ORD-000514,2024-02-25,Central,Online,Desk lamp,Home,4,24900,12500,0,Completed
ORD-000515,2024-02-25,South,Online,Notebook pack,Office,4,8900,4000,20,Completed
ORD-000516,2024-02-25,Central,Store,Wireless headphones,Electronics,3,49900,29000,0,Completed
ORD-000517,2024-02-25,West,Online,Bluetooth speaker,Electronics,3,34900,21000,20,Completed
ORD-000518,2024-02-26,West,Store,Laptop stand,Office,1,29900,16000,0,Completed
ORD-000519,2024-02-26,West,Store,Travel bag,Accessories,3,39900,23000,15,Completed
ORD-000520,2024-02-26,North,Store,Desk lamp,Home,4,24900,12500,0,Completed
ORD-000521,2024-02-26,North,Store,Wireless headphones,Electronics,2,49900,29000,15,Completed
ORD-000522,2024-02-26,North,Online,Phone case,Accessories,2,9900,3500,0,Completed
ORD-000523,2024-02-26,South,Online,Travel bag,Accessories,1,39900,23000,0,Completed
ORD-000524,2024-02-26,North,Store,Phone case,Accessories,3,9900,3500,0,Completed
ORD-000525,2024-02-26,West,Store,Laptop stand,Office,3,29900,16000,0,Completed
ORD-000526,2024-02-26,West,Store,Storage set,Home,2,17900,9500,0,Completed
ORD-000527,2024-02-26,West,Store,Wireless headphones,Electronics,1,49900,29000,0,Completed
ORD-000528,2024-02-27,Central,Store,Wireless headphones,Electronics,3,49900,29000,10,Completed
ORD-000529,2024-02-27,Central,Online,Laptop stand,Office,3,29900,16000,0,Completed
ORD-000530,2024-02-27,South,Store,Laptop stand,Office,4,29900,16000,0,Completed
ORD-000531,2024-02-27,South,Online,Notebook pack,Office,3,8900,4000,0,Completed
ORD-000532,2024-02-27,Central,Online,Bluetooth speaker,Electronics,3,34900,21000,15,Completed
ORD-000533,2024-02-27,Central,Online,Laptop stand,Office,2,29900,16000,15,Completed
ORD-000534,2024-02-27,South,Store,Travel bag,Accessories,1,39900,23000,10,Cancelled
ORD-000535,2024-02-28,Central,Store,Travel bag,Accessories,2,39900,23000,0,Completed
ORD-000536,2024-02-28,West,Store,Phone case,Accessories,3,9900,3500,15,Completed
ORD-000537,2024-02-28,Central,Online,Desk lamp,Home,3,24900,12500,10,Completed
ORD-000538,2024-02-28,West,Store,Desk lamp,Home,1,24900,12500,0,Completed
ORD-000539,2024-02-28,Central,Store,Laptop stand,Office,3,29900,16000,0,Completed
ORD-000540,2024-02-28,Central,Store,Bluetooth speaker,Electronics,1,34900,21000,0,Completed
ORD-000541,2024-02-28,West,Online,Bluetooth speaker,Electronics,3,34900,21000,0,Completed
ORD-000542,2024-02-28,North,Online,Desk lamp,Home,4,24900,12500,20,Completed
ORD-000543,2024-02-28,North,Store,Phone case,Accessories,2,9900,3500,10,Completed
ORD-000544,2024-02-29,South,Online,Notebook pack,Office,3,8900,4000,0,Completed
ORD-000545,2024-02-29,Central,Store,Desk lamp,Home,1,24900,12500,0,Completed
ORD-000546,2024-02-29,Central,Store,Travel bag,Accessories,4,39900,23000,0,Completed
ORD-000547,2024-02-29,West,Store,Notebook pack,Office,2,8900,4000,0,Completed
ORD-000548,2024-02-29,Central,Store,Storage set,Home,3,17900,9500,0,Completed
ORD-000549,2024-02-29,North,Store,Laptop stand,Office,3,29900,16000,20,Completed
ORD-000550,2024-02-29,Central,Store,Notebook pack,Office,2,8900,4000,0,Returned
ORD-000551,2024-03-01,North,Store,Storage set,Home,4,17900,9500,0,Completed
ORD-000552,2024-03-01,Central,Online,Desk lamp,Home,2,24900,12500,0,Completed
ORD-000553,2024-03-01,Central,Store,Wireless headphones,Electronics,1,49900,29000,0,Completed
ORD-000554,2024-03-01, South ,Online,Bluetooth speaker,Electronics,1,34900,21000,0,Completed
ORD-000555,2024-03-01,Central,Online,Laptop stand,Office,1,29900,16000,0,Completed
ORD-000556,2024-03-01,South,Store,Laptop stand,Office,4,29900,16000,15,Completed
ORD-000557,2024-03-01,Central,Store,Bluetooth speaker,Electronics,4,34900,21000,0,Completed
ORD-000558,2024-03-01,West,Store,Laptop stand,Office,3,29900,16000,10,Completed
ORD-000559,2024-03-01,South,Store,Wireless headphones,Electronics,4,49900,29000,0,Completed
ORD-000560,2024-03-01,West,Store,Bluetooth speaker,Electronics,4,34900,21000,0,Completed
ORD-000561,2024-03-02,West,Store,Bluetooth speaker,Electronics,4,34900,21000,20,Completed
ORD-000562,2024-03-02,North,Store,Phone case,Accessories,1,9900,3500,15,Completed
ORD-000563,2024-03-02,Central,Online,Notebook pack,Office,1,8900,4000,0,Completed
ORD-000564,2024-03-02,Central,Store,Desk lamp,Home,3,24900,12500,15,Completed
ORD-000565,2024-03-02,Central,Online,Notebook pack,Office,4,8900,4000,0,Completed
ORD-000566,2024-03-02,West,Store,Phone case,Accessories,2,9900,3500,0,Completed
ORD-000567,2024-03-02,West,Store,Wireless headphones,Electronics,1,49900,29000,0,Completed
ORD-000568,2024-03-02,North,Online,Phone case,Accessories,3,9900,3500,10,Completed
ORD-000569,2024-03-03,West,Online,Phone case,Accessories,4,9900,3500,0,Completed
ORD-000570,2024-03-03,North,Store,Notebook pack,Office,2,8900,4000,20,Completed
ORD-000571,2024-03-03,Central,Store,Notebook pack,Office,1,8900,4000,0,Completed
ORD-000572,2024-03-03,Central,Store,Phone case,Accessories,4,9900,3500,0,Completed
ORD-000573,2024-03-03,North,Store,Wireless headphones,Electronics,4,49900,29000,15,Completed
ORD-000574,2024-03-03,West,Online,Bluetooth speaker,Electronics,3,34900,21000,20,Completed
ORD-000575,2024-03-03,South,Online,Storage set,Home,2,17900,9500,0,Completed
ORD-000576,2024-03-03,North,Online,Phone case,Accessories,3,9900,3500,0,Completed
ORD-000577,2024-03-03,North,Online,Wireless headphones,Electronics,1,49900,29000,15,Completed
ORD-000578,2024-03-04,South,Online,Storage set,Home,3,17900,9500,0,Completed
ORD-000579,2024-03-04,West,Online,Storage set,Home,4,17900,9500,10,Completed
ORD-000580,2024-03-04,North,Store,Phone case,Accessories,2,9900,3500,0,Completed
ORD-000581,2024-03-04,South,Online,Laptop stand,Office,1,29900,16000,0,Completed
ORD-000582,2024-03-04,West,Store,Desk lamp,Home,4,24900,12500,0,Completed
ORD-000583,2024-03-04,North,Store,Storage set,Home,2,17900,9500,0,Completed
ORD-000584,2024-03-04,North,Online,Notebook pack,Office,1,8900,4000,10,Completed
ORD-000585,2024-03-04,West,Online,Desk lamp,Home,1,24900,12500,0,Completed
ORD-000586,2024-03-04,West,Store,Phone case,Accessories,2,9900,3500,10,Completed
ORD-000587,2024-03-05,Central,Store,Bluetooth speaker,Electronics,3,34900,21000,0,Completed
ORD-000588,2024-03-05,Central,Store,Storage set,Home,3,17900,9500,0,Completed
ORD-000589,2024-03-05,South,Store,Travel bag,Accessories,3,39900,23000,15,Completed
ORD-000590,2024-03-05,South,Store,Notebook pack,Office,2,8900,4000,0,Completed
ORD-000591,2024-03-05,South,Store,Laptop stand,Office,2,29900,16000,20,Completed
ORD-000592,2024-03-05,Central,Store,Desk lamp,Home,3,24900,12500,10,Completed
ORD-000593,2024-03-05,South,Store,Phone case,Accessories,4,9900,3500,10,Completed
ORD-000594,2024-03-06,West,Online,Travel bag,Accessories,1,39900,23000,0,Completed
ORD-000595,2024-03-06,Central,Store,Wireless headphones,Electronics,2,49900,29000,20,Completed
ORD-000596,2024-03-06,West,Store,Desk lamp,Home,3,24900,12500,0,Completed
ORD-000597,2024-03-06,West,Online,Notebook pack,Office,2,8900,4000,10,Completed
ORD-000598,2024-03-06,Central,Store,Storage set,Home,3,17900,9500,10,Completed
ORD-000599,2024-03-06,Central,Store,Travel bag,Accessories,3,39900,23000,20,Completed
ORD-000600,2024-03-06,Central,Store,Laptop stand,Office,4,29900,16000,15,Returned
ORD-000601,2024-03-06,West,Online,Notebook pack,Office,2,8900,4000,10,Cancelled
ORD-000602,2024-03-06,Central,Store,Laptop stand,Office,1,29900,16000,0,Completed
ORD-000603,2024-03-07,North,Online,Travel bag,Accessories,3,39900,23000,0,Completed
ORD-000604,2024-03-07,North,Online,Laptop stand,Office,2,29900,16000,0,Returned
ORD-000605,2024-03-07,West,Store,Wireless headphones,Electronics,3,49900,29000,0,Completed
ORD-000606,2024-03-07,North,Store,Notebook pack,Office,2,8900,4000,20,Completed
ORD-000607,2024-03-07,Central,Online,Desk lamp,Home,1,24900,12500,0,Completed
ORD-000608,2024-03-07,Central,Online,Notebook pack,Office,4,8900,4000,20,Completed
ORD-000609,2024-03-08,South,Online,Bluetooth speaker,Electronics,2,34900,21000,20,Completed
ORD-000610,2024-03-08,Central,Store,Notebook pack,Office,1,8900,4000,0,Completed
ORD-000611,2024-03-08,North,Online,Laptop stand,Office,3,29900,16000,0,Completed
ORD-000612,2024-03-08,North,Store,Phone case,Accessories,2,9900,3500,0,Completed
ORD-000613,2024-03-08,North,Store,Bluetooth speaker,Electronics,1,34900,21000,10,Completed
ORD-000614,2024-03-09,West,Online,Travel bag,Accessories,4,39900,23000,10,Returned
ORD-000615,2024-03-09,North,Store,Desk lamp,Home,1,24900,12500,0,Completed
ORD-000616,2024-03-09,South,Online,Laptop stand,Office,2,29900,16000,20,Completed
ORD-000617,2024-03-09,South,Online,Phone case,Accessories,1,9900,3500,0,Completed
ORD-000618,2024-03-09,South,Store,Wireless headphones,Electronics,1,49900,29000,10,Completed
ORD-000619,2024-03-09,Central,Store,Bluetooth speaker,Electronics,1,34900,21000,0,Returned
ORD-000620,2024-03-09,Central,Store,Travel bag,Accessories,4,39900,23000,0,Completed
ORD-000621,2024-03-09,West,Store,Travel bag,Accessories,3,39900,23000,20,Completed
ORD-000622,2024-03-09,West,Online,Notebook pack,Office,2,8900,4000,0,Completed
ORD-000623,2024-03-09,Central,Store,Travel bag,Accessories,3,39900,23000,0,Completed
ORD-000624,2024-03-10,Central,Store,Storage set,Home,2,17900,9500,0,Completed
ORD-000625,2024-03-10,Central,Online,Laptop stand,Office,1,29900,16000,15,Returned
ORD-000626,2024-03-10,South,Online,Phone case,Accessories,1,9900,3500,0,Completed
ORD-000627,2024-03-10,West,Online,Phone case,Accessories,2,9900,3500,0,Completed
ORD-000628,2024-03-10,Central,Online,Storage set,Home,3,17900,9500,10,Completed
ORD-000629,2024-03-10,West,Store,Notebook pack,Office,2,8900,4000,0,Completed
ORD-000630,2024-03-10,South,Store,Storage set,Home,3,17900,9500,15,Completed
ORD-000631,2024-03-10,West,Online,Notebook pack,Office,3,8900,4000,10,Completed
ORD-000632,2024-03-10,North,Store,Bluetooth speaker,Electronics,3,34900,21000,15,Completed
ORD-000633,2024-03-10, Central ,Store,Storage set,Home,1,17900,9500,10,Completed
ORD-000634,2024-03-10,West,Online,Wireless headphones,Electronics,2,49900,29000,20,Completed
ORD-000635,2024-03-10,South,Online,Phone case,Accessories,4,9900,3500,0,Completed
ORD-000636,2024-03-11,Central,Online,Desk lamp,Home,4,24900,12500,0,Completed
ORD-000637,2024-03-11,West,Store,Storage set,Home,2,17900,9500,10,Completed
ORD-000638,2024-03-11,North,Store,Desk lamp,Home,2,24900,12500,10,Completed
ORD-000639,2024-03-11,North,Store,Notebook pack,Office,2,8900,4000,0,Completed
ORD-000640,2024-03-11,South,Online,Wireless headphones,Electronics,3,49900,29000,0,Returned
ORD-000641,2024-03-11,North,Store,Wireless headphones,Electronics,1,49900,29000,10,Completed
ORD-000642,2024-03-11,West,Online,Laptop stand,Office,2,29900,16000,0,Completed
ORD-000643,2024-03-11,Central,Online,Bluetooth speaker,Electronics,2,34900,21000,0,Completed
ORD-000644,2024-03-11,Central,Online,Notebook pack,Office,1,8900,4000,0,Completed
ORD-000645,2024-03-12,North,Store,Storage set,Home,2,17900,9500,0,Completed
ORD-000646,2024-03-12,South,Online,Bluetooth speaker,Electronics,3,34900,21000,10,Completed
ORD-000647,2024-03-12,Central,Online,Phone case,Accessories,4,9900,3500,0,Completed
ORD-000648,2024-03-12,North,Online,Desk lamp,Home,2,24900,12500,0,Completed
ORD-000649,2024-03-12,Central,Online,Desk lamp,Home,1,24900,12500,15,Completed
ORD-000650,2024-03-12,West,Online,Laptop stand,Office,4,29900,16000,15,Completed
ORD-000651,2024-03-12,South,Store,Travel bag,Accessories,2,39900,23000,10,Completed
ORD-000652,2024-03-13,West,Online,Notebook pack,Office,1,8900,4000,0,Completed
ORD-000653,2024-03-13,North,Online,Bluetooth speaker,Electronics,4,34900,21000,15,Completed
ORD-000654,2024-03-13,Central,Store,Desk lamp,Home,1,24900,12500,15,Completed
ORD-000655,2024-03-13,North,Store,Bluetooth speaker,Electronics,1,34900,21000,15,Completed
ORD-000656,2024-03-13,Central,Online,Travel bag,Accessories,1,39900,23000,10,Completed
ORD-000657,2024-03-13,West,Online,Phone case,Accessories,1,9900,3500,0,Completed
ORD-000658,2024-03-13,West,Online,Storage set,Home,4,17900,9500,0,Completed
ORD-000659,2024-03-14,Central,Online,Bluetooth speaker,Electronics,2,34900,21000,10,Completed
ORD-000660,2024-03-14,North,Online,Notebook pack,Office,3,8900,4000,0,Completed
ORD-000661,2024-03-14,South,Store,Notebook pack,Office,4,8900,4000,10,Completed
ORD-000662,2024-03-14,North,Online,Phone case,Accessories,4,9900,3500,0,Completed
ORD-000663,2024-03-14,West,Online,Notebook pack,Office,2,8900,4000,15,Completed
ORD-000664,2024-03-15,West,Store,Phone case,Accessories,1,9900,3500,0,Completed
ORD-000665,2024-03-15,West,Store,Notebook pack,Office,1,8900,4000,0,Cancelled
ORD-000666,2024-03-15,West,Store,Wireless headphones,Electronics,4,49900,29000,20,Completed
ORD-000667,2024-03-15,Central,Online,Bluetooth speaker,Electronics,1,34900,21000,10,Returned
ORD-000668,2024-03-15,South,Online,Travel bag,Accessories,1,39900,23000,20,Completed
ORD-000669,2024-03-15,Central,Online,Phone case,Accessories,3,9900,3500,0,Completed
ORD-000670,2024-03-15,South,Store,Storage set,Home,3,17900,9500,0,Completed
ORD-000671,2024-03-15,North,Online,Desk lamp,Home,4,24900,12500,0,Completed
ORD-000672,2024-03-16,West,Online,Wireless headphones,Electronics,1,49900,29000,0,Completed
ORD-000673,2024-03-16,Central,Store,Notebook pack,Office,2,8900,4000,10,Completed
ORD-000674,2024-03-16,South,Online,Travel bag,Accessories,4,39900,23000,0,Completed
ORD-000675,2024-03-16,Central,Online,Laptop stand,Office,3,29900,16000,15,Completed
ORD-000676,2024-03-16,South,Store,Laptop stand,Office,4,29900,16000,10,Completed
ORD-000677,2024-03-16,South,Store,Phone case,Accessories,1,9900,3500,0,Completed
ORD-000678,2024-03-16,South,Store,Travel bag,Accessories,2,39900,23000,15,Completed
ORD-000679,2024-03-16,Central,Online,Notebook pack,Office,3,8900,4000,0,Completed
ORD-000680,2024-03-16,North,Store,Notebook pack,Office,4,8900,4000,0,Completed
ORD-000681,2024-03-16,Central,Store,Laptop stand,Office,2,29900,16000,0,Completed
ORD-000682,2024-03-17,Central,Online,Laptop stand,Office,2,29900,16000,15,Completed
ORD-000683,2024-03-17,North,Online,Bluetooth speaker,Electronics,4,34900,21000,10,Completed
ORD-000684,2024-03-17,West,Online,Wireless headphones,Electronics,3,49900,29000,0,Cancelled
ORD-000685,2024-03-17,Central,Store,Laptop stand,Office,3,29900,16000,0,Completed
ORD-000686,2024-03-17,North,Store,Desk lamp,Home,4,24900,12500,20,Completed
ORD-000687,2024-03-17,Central,Store,Notebook pack,Office,2,8900,4000,0,Completed
ORD-000688,2024-03-17,Central,Online,Phone case,Accessories,2,9900,3500,0,Completed
ORD-000689,2024-03-17,South,Online,Notebook pack,Office,3,8900,4000,0,Completed
ORD-000690,2024-03-17,Central,Online,Notebook pack,Office,2,8900,4000,0,Completed
ORD-000691,2024-03-17,West,Online,Notebook pack,Office,2,8900,4000,0,Cancelled
ORD-000692,2024-03-18,South,Store,Bluetooth speaker,Electronics,4,34900,21000,15,Completed
ORD-000693,2024-03-18,Central,Online,Desk lamp,Home,4,24900,12500,0,Cancelled
ORD-000694,2024-03-18,West,Online,Notebook pack,Office,1,8900,4000,0,Completed
ORD-000695,2024-03-18,Central,Online,Wireless headphones,Electronics,1,49900,29000,0,Completed
ORD-000696,2024-03-18,Central,Online,Notebook pack,Office,3,8900,4000,0,Completed
ORD-000697,2024-03-18,West,Store,Notebook pack,Office,2,8900,4000,0,Completed
ORD-000698,2024-03-18,West,Online,Desk lamp,Home,3,24900,12500,10,Completed
ORD-000699,2024-03-18,West,Online,Phone case,Accessories,3,9900,3500,0,Returned
ORD-000700,2024-03-19,Central,Store,Notebook pack,Office,4,8900,4000,15,Completed
ORD-000701,2024-03-19,Central,Online,Desk lamp,Home,3,24900,12500,10,Completed
ORD-000702,2024-03-19,Central,Online,Travel bag,Accessories,3,39900,23000,10,Completed
ORD-000703,2024-03-19,Central,Online,Phone case,Accessories,1,9900,3500,0,Completed
ORD-000704,2024-03-19,West,Store,Laptop stand,Office,1,29900,16000,0,Completed
ORD-000705,2024-03-19,North,Store,Bluetooth speaker,Electronics,1,34900,21000,0,Completed
ORD-000706,2024-03-19,North,Store,Bluetooth speaker,Electronics,1,34900,21000,10,Completed
ORD-000707,2024-03-20,Central,Online,Storage set,Home,2,17900,9500,0,Completed
ORD-000708,2024-03-20,North,Online,Wireless headphones,Electronics,3,49900,29000,15,Completed
ORD-000709,2024-03-20,South,Online,Laptop stand,Office,2,29900,16000,0,Completed
ORD-000710,2024-03-20,Central,Store,Travel bag,Accessories,3,39900,23000,20,Completed
ORD-000711,2024-03-20,West,Online,Storage set,Home,3,17900,9500,0,Completed
ORD-000712,2024-03-20, North ,Store,Wireless headphones,Electronics,2,49900,29000,0,Completed
ORD-000713,2024-03-20,South,Online,Wireless headphones,Electronics,4,49900,29000,0,Completed
ORD-000714,2024-03-20,South,Store,Laptop stand,Office,3,29900,16000,0,Completed
ORD-000715,2024-03-20,Central,Online,Travel bag,Accessories,4,39900,23000,15,Completed
ORD-000716,2024-03-21,South,Online,Travel bag,Accessories,3,39900,23000,0,Completed
ORD-000717,2024-03-21,Central,Store,Laptop stand,Office,2,29900,16000,0,Completed
ORD-000718,2024-03-21,South,Online,Phone case,Accessories,4,9900,3500,0,Completed
ORD-000719,2024-03-21,West,Online,Wireless headphones,Electronics,1,49900,29000,0,Completed
ORD-000720,2024-03-21,South,Online,Phone case,Accessories,2,9900,3500,0,Completed
ORD-000721,2024-03-21,Central,Store,Travel bag,Accessories,3,39900,23000,0,Completed
ORD-000722,2024-03-22,West,Store,Bluetooth speaker,Electronics,1,34900,21000,0,Completed
ORD-000723,2024-03-22,North,Store,Phone case,Accessories,3,9900,3500,15,Completed
ORD-000724,2024-03-22,West,Store,Bluetooth speaker,Electronics,4,34900,21000,10,Completed
ORD-000725,2024-03-22,Central,Store,Wireless headphones,Electronics,1,49900,29000,0,Cancelled
ORD-000726,2024-03-22,Central,Store,Phone case,Accessories,3,9900,3500,0,Completed
ORD-000727,2024-03-22,Central,Store,Bluetooth speaker,Electronics,2,34900,21000,0,Completed
ORD-000728,2024-03-22,West,Online,Storage set,Home,4,17900,9500,0,Completed
ORD-000729,2024-03-22,South,Online,Laptop stand,Office,2,29900,16000,0,Completed
ORD-000730,2024-03-22,South,Online,Phone case,Accessories,1,9900,3500,0,Completed
ORD-000731,2024-03-22,West,Store,Notebook pack,Office,1,8900,4000,0,Completed
ORD-000732,2024-03-23,Central,Online,Desk lamp,Home,3,24900,12500,15,Completed
ORD-000733,2024-03-23,North,Online,Storage set,Home,2,17900,9500,0,Completed
ORD-000734,2024-03-23,South,Online,Phone case,Accessories,4,9900,3500,0,Completed
ORD-000735,2024-03-23,Central,Online,Notebook pack,Office,2,8900,4000,0,Completed
ORD-000736,2024-03-23,West,Online,Laptop stand,Office,4,29900,16000,0,Completed
ORD-000737,2024-03-23,West,Store,Travel bag,Accessories,3,39900,23000,10,Completed
ORD-000738,2024-03-23,South,Online,Bluetooth speaker,Electronics,4,34900,21000,0,Completed
ORD-000739,2024-03-23,South,Online,Desk lamp,Home,3,24900,12500,0,Completed
ORD-000740,2024-03-24,West,Online,Wireless headphones,Electronics,1,49900,29000,0,Completed
ORD-000741,2024-03-24,North,Store,Bluetooth speaker,Electronics,4,34900,21000,10,Completed
ORD-000742,2024-03-24,North,Online,Laptop stand,Office,1,29900,16000,0,Returned
ORD-000743,2024-03-24,West,Store,Phone case,Accessories,4,9900,3500,15,Completed
ORD-000744,2024-03-24,West,Store,Travel bag,Accessories,1,39900,23000,15,Completed
ORD-000745,2024-03-24,West,Store,Wireless headphones,Electronics,1,49900,29000,20,Cancelled
ORD-000746,2024-03-24,North,Online,Bluetooth speaker,Electronics,4,34900,21000,0,Completed
ORD-000747,2024-03-24,South,Store,Storage set,Home,4,17900,9500,10,Completed
ORD-000748,2024-03-25,South,Online,Phone case,Accessories,1,9900,3500,0,Completed
ORD-000749,2024-03-25,Central,Store,Travel bag,Accessories,4,39900,23000,20,Returned
ORD-000750,2024-03-25,West,Online,Notebook pack,Office,4,8900,4000,15,Completed
ORD-000751,2024-03-25,South,Online,Storage set,Home,3,17900,9500,0,Completed
ORD-000752,2024-03-25,North,Online,Travel bag,Accessories,3,39900,23000,0,Completed
ORD-000753,2024-03-25,North,Store,Laptop stand,Office,2,29900,16000,15,Completed
ORD-000754,2024-03-25,West,Online,Laptop stand,Office,2,29900,16000,0,Completed
ORD-000755,2024-03-25,North,Online,Desk lamp,Home,2,24900,12500,0,Completed
ORD-000756,2024-03-25,South,Online,Bluetooth speaker,Electronics,2,34900,21000,10,Completed
ORD-000757,2024-03-25,North,Store,Phone case,Accessories,1,9900,3500,0,Completed
ORD-000758,2024-03-26,West,Store,Bluetooth speaker,Electronics,3,34900,21000,0,Completed
ORD-000759,2024-03-26,West,Online,Travel bag,Accessories,2,39900,23000,10,Completed
ORD-000760,2024-03-26,South,Store,Wireless headphones,Electronics,1,49900,29000,0,Completed
ORD-000761,2024-03-26,Central,Store,Desk lamp,Home,2,24900,12500,0,Completed
ORD-000762,2024-03-26,West,Store,Travel bag,Accessories,1,39900,23000,0,Completed
ORD-000763,2024-03-26,North,Online,Travel bag,Accessories,4,39900,23000,0,Completed
ORD-000764,2024-03-26,Central,Online,Travel bag,Accessories,4,39900,23000,10,Completed
ORD-000765,2024-03-26,Central,Online,Desk lamp,Home,4,24900,12500,10,Completed
ORD-000766,2024-03-26,Central,Online,Storage set,Home,4,17900,9500,0,Returned
ORD-000767,2024-03-26,North,Online,Bluetooth speaker,Electronics,3,34900,21000,0,Completed
ORD-000768,2024-03-26,West,Online,Wireless headphones,Electronics,3,49900,29000,10,Cancelled
ORD-000769,2024-03-27,Central,Store,Desk lamp,Home,2,24900,12500,0,Completed
ORD-000770,2024-03-27,North,Online,Bluetooth speaker,Electronics,2,34900,21000,15,Completed
ORD-000771,2024-03-27,Central,Store,Wireless headphones,Electronics,3,49900,29000,0,Completed
ORD-000772,2024-03-27,West,Online,Storage set,Home,3,17900,9500,0,Completed
ORD-000773,2024-03-27,South,Store,Desk lamp,Home,4,24900,12500,0,Completed
ORD-000774,2024-03-27,Central,Online,Wireless headphones,Electronics,2,49900,29000,10,Completed
ORD-000775,2024-03-27,Central,Store,Wireless headphones,Electronics,1,49900,29000,0,Completed
ORD-000776,2024-03-27,West,Online,Notebook pack,Office,4,8900,4000,0,Completed
ORD-000777,2024-03-27,West,Online,Bluetooth speaker,Electronics,1,34900,21000,0,Completed
ORD-000778,2024-03-27,South,Store,Phone case,Accessories,1,9900,3500,0,Completed
ORD-000779,2024-03-27,Central,Store,Notebook pack,Office,1,8900,4000,0,Completed
ORD-000780,2024-03-27,Central,Store,Laptop stand,Office,3,29900,16000,15,Completed
ORD-000781,2024-03-28,West,Store,Wireless headphones,Electronics,2,49900,29000,0,Completed
ORD-000782,2024-03-28,North,Online,Desk lamp,Home,2,24900,12500,0,Completed
ORD-000783,2024-03-28,West,Store,Travel bag,Accessories,3,39900,23000,0,Completed
ORD-000784,2024-03-28,South,Store,Desk lamp,Home,2,24900,12500,15,Completed
ORD-000785,2024-03-28,Central,Store,Desk lamp,Home,2,24900,12500,10,Completed
ORD-000786,2024-03-28,Central,Online,Desk lamp,Home,1,24900,12500,0,Completed
ORD-000787,2024-03-28,South,Store,Desk lamp,Home,4,24900,12500,20,Completed
ORD-000788,2024-03-28,North,Online,Laptop stand,Office,2,29900,16000,0,Completed
ORD-000789,2024-03-28,South,Store,Laptop stand,Office,2,29900,16000,0,Completed
ORD-000790,2024-03-28,South,Online,Bluetooth speaker,Electronics,4,34900,21000,10,Completed
ORD-000791,2024-03-28, Central ,Online,Travel bag,Accessories,2,39900,23000,0,Completed
ORD-000792,2024-03-29,West,Online,Laptop stand,Office,2,29900,16000,10,Completed
ORD-000793,2024-03-29,West,Online,Phone case,Accessories,3,9900,3500,15,Completed
ORD-000794,2024-03-29,Central,Online,Travel bag,Accessories,4,39900,23000,10,Completed
ORD-000795,2024-03-29,Central,Online,Wireless headphones,Electronics,1,49900,29000,15,Completed
ORD-000796,2024-03-29,West,Online,Travel bag,Accessories,4,39900,23000,0,Completed
ORD-000797,2024-03-30,Central,Online,Storage set,Home,3,17900,9500,10,Completed
ORD-000798,2024-03-30,Central,Store,Desk lamp,Home,1,24900,12500,10,Returned
ORD-000799,2024-03-30,West,Online,Phone case,Accessories,1,9900,3500,0,Completed
ORD-000800,2024-03-30,Central,Online,Desk lamp,Home,1,24900,12500,0,Completed
ORD-000801,2024-03-30,West,Online,Storage set,Home,3,17900,9500,10,Returned
ORD-000802,2024-03-30,South,Online,Desk lamp,Home,1,24900,12500,10,Completed
ORD-000803,2024-03-30,Central,Online,Bluetooth speaker,Electronics,2,34900,21000,0,Completed
ORD-000804,2024-03-31,South,Store,Notebook pack,Office,2,8900,4000,0,Completed
ORD-000805,2024-03-31,Central,Online,Wireless headphones,Electronics,4,49900,29000,0,Completed
ORD-000806,2024-03-31,West,Online,Desk lamp,Home,3,24900,12500,0,Completed
ORD-000807,2024-03-31,Central,Online,Phone case,Accessories,4,9900,3500,0,Completed
ORD-000808,2024-03-31,Central,Online,Phone case,Accessories,1,9900,3500,0,Completed
ORD-000809,2024-03-31,North,Online,Storage set,Home,3,17900,9500,0,Completed
ORD-000810,2024-03-31,Central,Online,Laptop stand,Office,1,29900,16000,0,Completed
ORD-000811,2024-03-31,South,Store,Laptop stand,Office,2,29900,16000,20,Completed
ORD-000812,2024-03-31,West,Online,Notebook pack,Office,3,8900,4000,0,Completed
ORD-000813,2024-04-01,West,Online,Travel bag,Accessories,4,39900,23000,0,Completed
ORD-000814,2024-04-01,Central,Online,Laptop stand,Office,2,29900,16000,10,Completed
ORD-000815,2024-04-01,South,Store,Bluetooth speaker,Electronics,1,34900,21000,0,Completed
ORD-000816,2024-04-01,Central,Store,Laptop stand,Office,3,29900,16000,0,Cancelled
ORD-000817,2024-04-01,West,Store,Notebook pack,Office,4,8900,4000,0,Completed
ORD-000818,2024-04-01,West,Store,Phone case,Accessories,2,9900,3500,10,Cancelled
ORD-000819,2024-04-02,North,Store,Bluetooth speaker,Electronics,1,34900,21000,10,Completed
ORD-000820,2024-04-02,Central,Online,Travel bag,Accessories,2,39900,23000,0,Completed
ORD-000821,2024-04-02,Central,Online,Laptop stand,Office,3,29900,16000,0,Completed
ORD-000822,2024-04-02,North,Online,Wireless headphones,Electronics,4,49900,29000,10,Completed
ORD-000823,2024-04-02,West,Online,Wireless headphones,Electronics,3,49900,29000,20,Completed
ORD-000824,2024-04-03,South,Online,Wireless headphones,Electronics,4,49900,29000,15,Completed
ORD-000825,2024-04-03,Central,Store,Notebook pack,Office,1,8900,4000,15,Completed
ORD-000826,2024-04-03,South,Online,Notebook pack,Office,3,8900,4000,10,Completed
ORD-000827,2024-04-03,North,Online,Notebook pack,Office,1,8900,4000,0,Completed
ORD-000828,2024-04-03,South,Online,Desk lamp,Home,1,24900,12500,15,Completed
ORD-000829,2024-04-03,South,Online,Notebook pack,Office,1,8900,4000,0,Completed
ORD-000830,2024-04-03,West,Online,Phone case,Accessories,3,9900,3500,0,Completed
ORD-000831,2024-04-03,West,Store,Wireless headphones,Electronics,4,49900,29000,0,Completed
ORD-000832,2024-04-03,Central,Store,Desk lamp,Home,3,24900,12500,10,Completed
ORD-000833,2024-04-03,West,Store,Bluetooth speaker,Electronics,2,34900,21000,0,Completed
ORD-000834,2024-04-03,South,Online,Travel bag,Accessories,1,39900,23000,0,Completed
ORD-000835,2024-04-03,Central,Store,Bluetooth speaker,Electronics,1,34900,21000,0,Completed
ORD-000836,2024-04-04,South,Online,Wireless headphones,Electronics,2,49900,29000,0,Completed
ORD-000837,2024-04-04,Central,Store,Laptop stand,Office,1,29900,16000,0,Completed
ORD-000838,2024-04-04,North,Store,Bluetooth speaker,Electronics,1,34900,21000,0,Completed
ORD-000839,2024-04-04,Central,Store,Notebook pack,Office,3,8900,4000,0,Completed
ORD-000840,2024-04-04,South,Online,Laptop stand,Office,4,29900,16000,0,Completed
ORD-000841,2024-04-04,North,Online,Wireless headphones,Electronics,4,49900,29000,0,Completed
ORD-000842,2024-04-04,South,Online,Phone case,Accessories,2,9900,3500,10,Completed
ORD-000843,2024-04-04,West,Store,Bluetooth speaker,Electronics,4,34900,21000,0,Completed
ORD-000844,2024-04-04,North,Online,Phone case,Accessories,4,9900,3500,0,Returned
ORD-000845,2024-04-05,West,Online,Laptop stand,Office,3,29900,16000,10,Completed
ORD-000846,2024-04-05,Central,Online,Phone case,Accessories,1,9900,3500,0,Completed
ORD-000847,2024-04-05,Central,Online,Desk lamp,Home,2,24900,12500,0,Completed
ORD-000848,2024-04-05,Central,Store,Bluetooth speaker,Electronics,3,34900,21000,0,Completed
ORD-000849,2024-04-05,Central,Online,Travel bag,Accessories,2,39900,23000,20,Completed
ORD-000850,2024-04-05,Central,Store,Notebook pack,Office,4,8900,4000,10,Completed
ORD-000851,2024-04-05,Central,Online,Notebook pack,Office,1,8900,4000,10,Completed
ORD-000852,2024-04-06,South,Online,Bluetooth speaker,Electronics,1,34900,21000,15,Completed
ORD-000853,2024-04-06,North,Online,Travel bag,Accessories,4,39900,23000,0,Completed
ORD-000854,2024-04-06,North,Store,Wireless headphones,Electronics,1,49900,29000,10,Completed
ORD-000855,2024-04-06,Central,Online,Phone case,Accessories,4,9900,3500,0,Completed
ORD-000856,2024-04-06,Central,Store,Notebook pack,Office,3,8900,4000,20,Returned
ORD-000857,2024-04-06,West,Online,Notebook pack,Office,4,8900,4000,15,Completed
ORD-000858,2024-04-06,Central,Online,Wireless headphones,Electronics,1,49900,29000,0,Completed
ORD-000859,2024-04-06,North,Online,Notebook pack,Office,1,8900,4000,0,Completed
ORD-000860,2024-04-06,South,Store,Travel bag,Accessories,4,39900,23000,0,Completed
ORD-000861,2024-04-06,Central,Online,Desk lamp,Home,4,24900,12500,15,Completed
ORD-000862,2024-04-06,North,Store,Travel bag,Accessories,2,39900,23000,0,Completed
ORD-000863,2024-04-06,North,Store,Wireless headphones,Electronics,4,49900,29000,20,Completed
ORD-000864,2024-04-06,South,Online,Desk lamp,Home,4,24900,12500,15,Completed
ORD-000865,2024-04-06,South,Online,Travel bag,Accessories,4,39900,23000,0,Completed
ORD-000866,2024-04-07,Central,Store,Storage set,Home,4,17900,9500,15,Completed
ORD-000867,2024-04-07,Central,Online,Laptop stand,Office,3,29900,16000,0,Completed
ORD-000868,2024-04-07,South,Online,Phone case,Accessories,4,9900,3500,20,Completed
ORD-000869,2024-04-07,Central,Online,Laptop stand,Office,1,29900,16000,0,Completed
ORD-000870,2024-04-07, South ,Online,Bluetooth speaker,Electronics,3,34900,21000,10,Returned
ORD-000871,2024-04-07,Central,Online,Wireless headphones,Electronics,4,49900,29000,0,Completed
ORD-000872,2024-04-07,West,Store,Notebook pack,Office,3,8900,4000,0,Completed
ORD-000873,2024-04-07,South,Online,Laptop stand,Office,1,29900,16000,10,Completed
ORD-000874,2024-04-07,South,Online,Wireless headphones,Electronics,1,49900,29000,0,Completed
ORD-000875,2024-04-07,West,Online,Bluetooth speaker,Electronics,2,34900,21000,10,Completed
ORD-000876,2024-04-07,North,Online,Laptop stand,Office,2,29900,16000,20,Completed
ORD-000877,2024-04-07,Central,Online,Phone case,Accessories,2,9900,3500,0,Completed
ORD-000878,2024-04-08,West,Store,Notebook pack,Office,2,8900,4000,15,Completed
ORD-000879,2024-04-08,West,Online,Travel bag,Accessories,4,39900,23000,10,Completed
ORD-000880,2024-04-08,North,Online,Notebook pack,Office,1,8900,4000,0,Completed
ORD-000881,2024-04-08,Central,Store,Phone case,Accessories,2,9900,3500,0,Completed
ORD-000882,2024-04-08,Central,Online,Phone case,Accessories,4,9900,3500,0,Returned
ORD-000883,2024-04-09,South,Store,Travel bag,Accessories,1,39900,23000,0,Completed
ORD-000884,2024-04-09,West,Online,Notebook pack,Office,3,8900,4000,0,Completed
ORD-000885,2024-04-09,Central,Online,Bluetooth speaker,Electronics,4,34900,21000,10,Completed
ORD-000886,2024-04-09,Central,Store,Storage set,Home,2,17900,9500,0,Completed
ORD-000887,2024-04-09,West,Online,Wireless headphones,Electronics,1,49900,29000,0,Completed
ORD-000888,2024-04-09,Central,Online,Notebook pack,Office,2,8900,4000,0,Completed
ORD-000889,2024-04-09,West,Store,Wireless headphones,Electronics,2,49900,29000,20,Completed
ORD-000890,2024-04-09,North,Store,Bluetooth speaker,Electronics,4,34900,21000,10,Completed
ORD-000891,2024-04-09,West,Store,Desk lamp,Home,3,24900,12500,0,Completed
ORD-000892,2024-04-09,South,Store,Bluetooth speaker,Electronics,3,34900,21000,10,Completed
ORD-000893,2024-04-09,Central,Store,Notebook pack,Office,3,8900,4000,10,Completed
ORD-000894,2024-04-09,West,Online,Notebook pack,Office,3,8900,4000,0,Completed
ORD-000895,2024-04-10,North,Online,Travel bag,Accessories,2,39900,23000,0,Completed
ORD-000896,2024-04-10,West,Store,Bluetooth speaker,Electronics,1,34900,21000,0,Completed
ORD-000897,2024-04-10,West,Online,Laptop stand,Office,4,29900,16000,0,Completed
ORD-000898,2024-04-10,South,Online,Wireless headphones,Electronics,3,49900,29000,20,Completed
ORD-000899,2024-04-10,Central,Online,Phone case,Accessories,1,9900,3500,0,Completed
ORD-000900,2024-04-10,North,Online,Phone case,Accessories,3,9900,3500,0,Completed
ORD-000901,2024-04-10,South,Store,Wireless headphones,Electronics,1,49900,29000,0,Completed
ORD-000902,2024-04-10,North,Online,Notebook pack,Office,3,8900,4000,10,Completed
ORD-000903,2024-04-11,South,Online,Travel bag,Accessories,4,39900,23000,15,Completed
ORD-000904,2024-04-11,Central,Store,Notebook pack,Office,4,8900,4000,10,Completed
ORD-000905,2024-04-11,North,Store,Storage set,Home,2,17900,9500,0,Completed
ORD-000906,2024-04-11,Central,Store,Laptop stand,Office,4,29900,16000,20,Completed
ORD-000907,2024-04-11,North,Store,Notebook pack,Office,1,8900,4000,0,Completed
ORD-000908,2024-04-12,West,Online,Desk lamp,Home,1,24900,12500,0,Completed
ORD-000909,2024-04-12,Central,Store,Wireless headphones,Electronics,1,49900,29000,0,Completed
ORD-000910,2024-04-12,North,Online,Wireless headphones,Electronics,3,49900,29000,15,Completed
ORD-000911,2024-04-12,West,Online,Desk lamp,Home,1,24900,12500,0,Completed
ORD-000912,2024-04-12,North,Online,Storage set,Home,3,17900,9500,15,Cancelled
ORD-000913,2024-04-12,Central,Store,Travel bag,Accessories,2,39900,23000,0,Cancelled
ORD-000914,2024-04-12,West,Online,Storage set,Home,3,17900,9500,0,Completed
ORD-000915,2024-04-12,North,Online,Travel bag,Accessories,2,39900,23000,0,Returned
ORD-000916,2024-04-12,North,Store,Wireless headphones,Electronics,4,49900,29000,10,Completed
ORD-000917,2024-04-12,North,Online,Phone case,Accessories,1,9900,3500,10,Completed
ORD-000918,2024-04-12,Central,Store,Laptop stand,Office,4,29900,16000,10,Completed
ORD-000919,2024-04-12,Central,Online,Laptop stand,Office,2,29900,16000,10,Completed
ORD-000920,2024-04-13,South,Online,Phone case,Accessories,3,9900,3500,0,Completed
ORD-000921,2024-04-13,Central,Store,Storage set,Home,1,17900,9500,10,Completed
ORD-000922,2024-04-13,Central,Store,Storage set,Home,2,17900,9500,0,Completed
ORD-000923,2024-04-13,South,Store,Desk lamp,Home,4,24900,12500,0,Completed
ORD-000924,2024-04-13,North,Online,Wireless headphones,Electronics,2,49900,29000,0,Completed
ORD-000925,2024-04-13,North,Store,Phone case,Accessories,2,9900,3500,0,Completed
ORD-000926,2024-04-13,North,Online,Bluetooth speaker,Electronics,4,34900,21000,0,Completed
ORD-000927,2024-04-13,West,Store,Storage set,Home,2,17900,9500,10,Completed
ORD-000928,2024-04-13,Central,Online,Bluetooth speaker,Electronics,2,34900,21000,0,Completed
ORD-000929,2024-04-14,North,Online,Phone case,Accessories,2,9900,3500,20,Completed
ORD-000930,2024-04-14,Central,Online,Travel bag,Accessories,2,39900,23000,10,Cancelled
ORD-000931,2024-04-14,Central,Online,Storage set,Home,1,17900,9500,0,Completed
ORD-000932,2024-04-14,Central,Online,Phone case,Accessories,3,9900,3500,0,Completed
ORD-000933,2024-04-14,West,Store,Desk lamp,Home,2,24900,12500,0,Completed
ORD-000934,2024-04-14,North,Store,Storage set,Home,4,17900,9500,15,Completed
ORD-000935,2024-04-14,West,Online,Phone case,Accessories,4,9900,3500,10,Completed
ORD-000936,2024-04-14,Central,Online,Notebook pack,Office,2,8900,4000,20,Completed
ORD-000937,2024-04-14,West,Online,Travel bag,Accessories,4,39900,23000,10,Completed
ORD-000938,2024-04-14,Central,Online,Travel bag,Accessories,1,39900,23000,0,Completed
ORD-000939,2024-04-14,South,Online,Wireless headphones,Electronics,2,49900,29000,0,Completed
ORD-000940,2024-04-14,North,Store,Bluetooth speaker,Electronics,2,34900,21000,10,Completed
ORD-000941,2024-04-14,West,Online,Wireless headphones,Electronics,2,49900,29000,15,Completed
ORD-000942,2024-04-14,South,Store,Notebook pack,Office,1,8900,4000,15,Completed
ORD-000943,2024-04-15,Central,Store,Wireless headphones,Electronics,2,49900,29000,10,Completed
ORD-000944,2024-04-15,West,Online,Notebook pack,Office,3,8900,4000,15,Completed
ORD-000945,2024-04-15,Central,Online,Notebook pack,Office,3,8900,4000,0,Completed
ORD-000946,2024-04-15,South,Store,Bluetooth speaker,Electronics,2,34900,21000,20,Completed
ORD-000947,2024-04-15,South,Store,Bluetooth speaker,Electronics,2,34900,21000,10,Completed
ORD-000948,2024-04-15,Central,Online,Notebook pack,Office,4,8900,4000,0,Completed
ORD-000949,2024-04-15, Central ,Online,Notebook pack,Office,1,8900,4000,0,Completed
ORD-000950,2024-04-15,Central,Online,Laptop stand,Office,1,29900,16000,0,Completed
ORD-000951,2024-04-15,North,Store,Bluetooth speaker,Electronics,3,34900,21000,20,Completed
ORD-000952,2024-04-15,Central,Store,Desk lamp,Home,4,24900,12500,0,Completed
ORD-000953,2024-04-16,Central,Store,Laptop stand,Office,2,29900,16000,0,Completed
ORD-000954,2024-04-16,Central,Online,Wireless headphones,Electronics,2,49900,29000,15,Completed
ORD-000955,2024-04-16,Central,Online,Notebook pack,Office,3,8900,4000,0,Completed
ORD-000956,2024-04-16,Central,Online,Phone case,Accessories,3,9900,3500,0,Completed
ORD-000957,2024-04-16,Central,Online,Phone case,Accessories,1,9900,3500,0,Completed
ORD-000958,2024-04-17,South,Online,Desk lamp,Home,2,24900,12500,15,Completed
ORD-000959,2024-04-17,North,Online,Desk lamp,Home,3,24900,12500,0,Completed
ORD-000960,2024-04-17,Central,Online,Notebook pack,Office,1,8900,4000,10,Cancelled
ORD-000961,2024-04-17,Central,Online,Desk lamp,Home,2,24900,12500,0,Completed
ORD-000962,2024-04-17,Central,Online,Wireless headphones,Electronics,2,49900,29000,20,Returned
ORD-000963,2024-04-17,North,Store,Desk lamp,Home,3,24900,12500,10,Completed
ORD-000964,2024-04-17,West,Store,Laptop stand,Office,2,29900,16000,10,Completed
ORD-000965,2024-04-18,South,Store,Notebook pack,Office,1,8900,4000,0,Completed
ORD-000966,2024-04-18,North,Store,Laptop stand,Office,2,29900,16000,0,Completed
ORD-000967,2024-04-18,South,Online,Wireless headphones,Electronics,2,49900,29000,10,Completed
ORD-000968,2024-04-18,North,Online,Storage set,Home,4,17900,9500,10,Returned
ORD-000969,2024-04-18,Central,Online,Travel bag,Accessories,1,39900,23000,20,Completed
ORD-000970,2024-04-18,South,Online,Desk lamp,Home,4,24900,12500,0,Completed
ORD-000971,2024-04-18,Central,Online,Notebook pack,Office,1,8900,4000,0,Completed
ORD-000972,2024-04-18,West,Online,Travel bag,Accessories,4,39900,23000,10,Completed
ORD-000973,2024-04-18,North,Online,Bluetooth speaker,Electronics,3,34900,21000,0,Cancelled
ORD-000974,2024-04-18,North,Online,Travel bag,Accessories,3,39900,23000,0,Completed
ORD-000975,2024-04-18,Central,Store,Desk lamp,Home,3,24900,12500,0,Completed
ORD-000976,2024-04-18,West,Online,Laptop stand,Office,4,29900,16000,0,Completed
ORD-000977,2024-04-19,Central,Store,Laptop stand,Office,4,29900,16000,0,Completed
ORD-000978,2024-04-19,Central,Online,Laptop stand,Office,2,29900,16000,0,Completed
ORD-000979,2024-04-19,West,Online,Phone case,Accessories,3,9900,3500,0,Completed
ORD-000980,2024-04-19,South,Online,Laptop stand,Office,1,29900,16000,0,Completed
ORD-000981,2024-04-19,West,Online,Wireless headphones,Electronics,1,49900,29000,0,Completed
ORD-000982,2024-04-19,Central,Online,Desk lamp,Home,3,24900,12500,0,Returned
ORD-000983,2024-04-19,North,Online,Notebook pack,Office,1,8900,4000,0,Completed
ORD-000984,2024-04-20,South,Online,Bluetooth speaker,Electronics,3,34900,21000,15,Completed
ORD-000985,2024-04-20,Central,Store,Laptop stand,Office,3,29900,16000,0,Completed
ORD-000986,2024-04-20,North,Online,Desk lamp,Home,3,24900,12500,10,Completed
ORD-000987,2024-04-20,North,Online,Desk lamp,Home,2,24900,12500,15,Completed
ORD-000988,2024-04-20,Central,Store,Bluetooth speaker,Electronics,1,34900,21000,15,Returned
ORD-000989,2024-04-20,Central,Store,Phone case,Accessories,2,9900,3500,15,Completed
ORD-000990,2024-04-20,North,Online,Notebook pack,Office,1,8900,4000,0,Completed
ORD-000991,2024-04-20,South,Online,Desk lamp,Home,2,24900,12500,0,Completed
ORD-000992,2024-04-20,North,Store,Bluetooth speaker,Electronics,4,34900,21000,0,Completed
ORD-000993,2024-04-21,North,Online,Phone case,Accessories,1,9900,3500,0,Completed
ORD-000994,2024-04-21,West,Store,Bluetooth speaker,Electronics,2,34900,21000,0,Completed
ORD-000995,2024-04-21,North,Online,Notebook pack,Office,3,8900,4000,20,Completed
ORD-000996,2024-04-21,West,Store,Desk lamp,Home,2,24900,12500,0,Completed
ORD-000997,2024-04-21,Central,Store,Wireless headphones,Electronics,3,49900,29000,0,Completed
ORD-000998,2024-04-21,West,Online,Wireless headphones,Electronics,2,49900,29000,20,Completed
ORD-000999,2024-04-21,Central,Online,Phone case,Accessories,4,9900,3500,10,Completed
ORD-001000,2024-04-22,Central,Online,Travel bag,Accessories,4,39900,23000,0,Cancelled
ORD-001001,2024-04-22,Central,Online,Bluetooth speaker,Electronics,4,34900,21000,10,Completed
ORD-001002,2024-04-22,North,Online,Wireless headphones,Electronics,4,49900,29000,0,Completed
ORD-001003,2024-04-22,South,Store,Laptop stand,Office,2,29900,16000,0,Completed
ORD-001004,2024-04-22,Central,Online,Travel bag,Accessories,4,39900,23000,20,Completed
ORD-001005,2024-04-22,West,Online,Wireless headphones,Electronics,1,49900,29000,0,Completed
ORD-001006,2024-04-22,North,Online,Bluetooth speaker,Electronics,1,34900,21000,10,Completed
ORD-001007,2024-04-22,North,Store,Desk lamp,Home,3,24900,12500,0,Completed
ORD-001008,2024-04-22,North,Store,Travel bag,Accessories,4,39900,23000,0,Completed
ORD-001009,2024-04-22,West,Store,Laptop stand,Office,4,29900,16000,0,Completed
ORD-001010,2024-04-23,Central,Online,Phone case,Accessories,4,9900,3500,0,Completed
ORD-001011,2024-04-23,Central,Store,Phone case,Accessories,1,9900,3500,0,Completed
ORD-001012,2024-04-23,Central,Online,Bluetooth speaker,Electronics,2,34900,21000,0,Completed
ORD-001013,2024-04-23,Central,Store,Desk lamp,Home,1,24900,12500,10,Completed
ORD-001014,2024-04-23,West,Online,Phone case,Accessories,4,9900,3500,0,Completed
ORD-001015,2024-04-23,West,Online,Notebook pack,Office,1,8900,4000,20,Completed
ORD-001016,2024-04-23,West,Online,Travel bag,Accessories,4,39900,23000,0,Completed
ORD-001017,2024-04-23,North,Online,Phone case,Accessories,3,9900,3500,15,Completed
ORD-001018,2024-04-23,North,Store,Travel bag,Accessories,4,39900,23000,10,Completed
ORD-001019,2024-04-23,South,Store,Phone case,Accessories,4,9900,3500,0,Completed
ORD-001020,2024-04-23,Central,Online,Wireless headphones,Electronics,4,49900,29000,10,Completed
ORD-001021,2024-04-24,North,Online,Notebook pack,Office,2,8900,4000,15,Completed
ORD-001022,2024-04-24,West,Store,Wireless headphones,Electronics,4,49900,29000,0,Completed
ORD-001023,2024-04-24,Central,Online,Notebook pack,Office,2,8900,4000,0,Completed
ORD-001024,2024-04-24,West,Online,Bluetooth speaker,Electronics,3,34900,21000,0,Completed
ORD-001025,2024-04-24,North,Store,Notebook pack,Office,4,8900,4000,0,Returned
ORD-001026,2024-04-24,North,Online,Laptop stand,Office,1,29900,16000,20,Completed
ORD-001027,2024-04-24,Central,Online,Travel bag,Accessories,4,39900,23000,0,Completed
ORD-001028,2024-04-24, Central ,Store,Notebook pack,Office,3,8900,4000,0,Completed
ORD-001029,2024-04-24,Central,Store,Travel bag,Accessories,1,39900,23000,15,Completed
ORD-001030,2024-04-25,North,Store,Laptop stand,Office,4,29900,16000,15,Completed
ORD-001031,2024-04-25,South,Online,Bluetooth speaker,Electronics,3,34900,21000,0,Completed
ORD-001032,2024-04-25,Central,Online,Phone case,Accessories,1,9900,3500,10,Completed
ORD-001033,2024-04-25,Central,Online,Laptop stand,Office,2,29900,16000,0,Completed
ORD-001034,2024-04-25,South,Online,Phone case,Accessories,1,9900,3500,10,Completed
ORD-001035,2024-04-25,South,Online,Desk lamp,Home,4,24900,12500,0,Completed
ORD-001036,2024-04-25,West,Store,Travel bag,Accessories,1,39900,23000,0,Completed
ORD-001037,2024-04-25,Central,Store,Desk lamp,Home,3,24900,12500,15,Completed
ORD-001038,2024-04-25,South,Store,Bluetooth speaker,Electronics,3,34900,21000,15,Completed
ORD-001039,2024-04-26,Central,Online,Storage set,Home,2,17900,9500,0,Completed
ORD-001040,2024-04-26,Central,Online,Laptop stand,Office,4,29900,16000,0,Returned
ORD-001041,2024-04-26,North,Online,Storage set,Home,3,17900,9500,10,Completed
ORD-001042,2024-04-26,South,Online,Desk lamp,Home,4,24900,12500,10,Completed
ORD-001043,2024-04-26,Central,Online,Bluetooth speaker,Electronics,1,34900,21000,20,Completed
ORD-001044,2024-04-26,South,Store,Notebook pack,Office,4,8900,4000,20,Completed
ORD-001045,2024-04-26,Central,Online,Desk lamp,Home,1,24900,12500,0,Completed
ORD-001046,2024-04-26,Central,Online,Laptop stand,Office,1,29900,16000,10,Completed
ORD-001047,2024-04-26,West,Store,Travel bag,Accessories,4,39900,23000,0,Completed
ORD-001048,2024-04-27,Central,Online,Laptop stand,Office,1,29900,16000,0,Completed
ORD-001049,2024-04-27,Central,Online,Bluetooth speaker,Electronics,2,34900,21000,20,Completed
ORD-001050,2024-04-27,Central,Store,Desk lamp,Home,3,24900,12500,0,Cancelled
ORD-001051,2024-04-27,West,Store,Wireless headphones,Electronics,1,49900,29000,10,Completed
ORD-001052,2024-04-27,Central,Online,Storage set,Home,3,17900,9500,20,Completed
ORD-001053,2024-04-27,West,Online,Storage set,Home,4,17900,9500,20,Returned
ORD-001054,2024-04-27,North,Store,Laptop stand,Office,2,29900,16000,0,Completed
ORD-001055,2024-04-27,West,Store,Desk lamp,Home,4,24900,12500,10,Completed
ORD-001056,2024-04-27,West,Store,Bluetooth speaker,Electronics,4,34900,21000,10,Returned
ORD-001057,2024-04-27,South,Store,Notebook pack,Office,1,8900,4000,15,Completed
ORD-001058,2024-04-28,Central,Store,Notebook pack,Office,3,8900,4000,0,Completed
ORD-001059,2024-04-28,South,Online,Wireless headphones,Electronics,4,49900,29000,10,Completed
ORD-001060,2024-04-28,Central,Online,Travel bag,Accessories,1,39900,23000,0,Completed
ORD-001061,2024-04-28,West,Store,Desk lamp,Home,3,24900,12500,0,Completed
ORD-001062,2024-04-28,Central,Store,Desk lamp,Home,3,24900,12500,10,Completed
ORD-001063,2024-04-28,Central,Online,Travel bag,Accessories,4,39900,23000,20,Completed
ORD-001064,2024-04-28,North,Online,Storage set,Home,2,17900,9500,20,Cancelled
ORD-001065,2024-04-28,Central,Store,Storage set,Home,1,17900,9500,0,Completed
ORD-001066,2024-04-29,North,Online,Desk lamp,Home,1,24900,12500,0,Completed
ORD-001067,2024-04-29,West,Online,Phone case,Accessories,2,9900,3500,10,Completed
ORD-001068,2024-04-29,Central,Online,Laptop stand,Office,2,29900,16000,0,Completed
ORD-001069,2024-04-29,West,Online,Storage set,Home,2,17900,9500,0,Completed
ORD-001070,2024-04-29,North,Store,Desk lamp,Home,2,24900,12500,10,Returned
ORD-001071,2024-04-29,South,Store,Notebook pack,Office,1,8900,4000,0,Completed
ORD-001072,2024-04-29,West,Online,Notebook pack,Office,2,8900,4000,10,Completed
ORD-001073,2024-04-29,North,Online,Laptop stand,Office,1,29900,16000,0,Completed
ORD-001074,2024-04-29,West,Store,Notebook pack,Office,1,8900,4000,0,Completed
ORD-001075,2024-04-30,West,Store,Laptop stand,Office,2,29900,16000,20,Completed
ORD-001076,2024-04-30,Central,Online,Desk lamp,Home,3,24900,12500,15,Completed
ORD-001077,2024-04-30,South,Online,Notebook pack,Office,3,8900,4000,0,Completed
ORD-001078,2024-04-30,Central,Store,Desk lamp,Home,3,24900,12500,10,Returned
ORD-001079,2024-04-30,West,Online,Laptop stand,Office,3,29900,16000,0,Completed
ORD-001080,2024-04-30,Central,Store,Desk lamp,Home,2,24900,12500,0,Returned
ORD-001081,2024-04-30,North,Online,Phone case,Accessories,2,9900,3500,0,Completed
ORD-001082,2024-04-30,South,Online,Desk lamp,Home,4,24900,12500,0,Completed
ORD-001083,2024-04-30,Central,Online,Phone case,Accessories,2,9900,3500,0,Completed
ORD-001084,2024-04-30,North,Online,Laptop stand,Office,3,29900,16000,0,Completed
ORD-001085,2024-04-30,South,Store,Storage set,Home,2,17900,9500,0,Completed
ORD-001086,2024-05-01,West,Online,Bluetooth speaker,Electronics,1,34900,21000,0,Completed
ORD-001087,2024-05-01,West,Online,Bluetooth speaker,Electronics,1,34900,21000,0,Completed
ORD-001088,2024-05-01,Central,Store,Phone case,Accessories,1,9900,3500,0,Completed
ORD-001089,2024-05-01,Central,Store,Phone case,Accessories,2,9900,3500,0,Completed
ORD-001090,2024-05-01,Central,Online,Laptop stand,Office,1,29900,16000,0,Completed
ORD-001091,2024-05-01,Central,Online,Bluetooth speaker,Electronics,4,34900,21000,0,Completed
ORD-001092,2024-05-01,Central,Online,Desk lamp,Home,2,24900,12500,0,Completed
ORD-001093,2024-05-01,West,Store,Travel bag,Accessories,2,39900,23000,0,Completed
ORD-001094,2024-05-01,Central,Online,Notebook pack,Office,4,8900,4000,0,Completed
ORD-001095,2024-05-01,North,Online,Travel bag,Accessories,3,39900,23000,10,Completed
ORD-001096,2024-05-01,North,Online,Travel bag,Accessories,4,39900,23000,10,Completed
ORD-001097,2024-05-01,West,Online,Desk lamp,Home,1,24900,12500,0,Completed
ORD-001098,2024-05-02,North,Online,Laptop stand,Office,3,29900,16000,15,Completed
ORD-001099,2024-05-02,South,Online,Laptop stand,Office,1,29900,16000,0,Completed
ORD-001100,2024-05-02,North,Store,Travel bag,Accessories,3,39900,23000,0,Completed
ORD-001101,2024-05-02,North,Store,Wireless headphones,Electronics,2,49900,29000,10,Completed
ORD-001102,2024-05-02,North,Store,Wireless headphones,Electronics,3,49900,29000,0,Completed
ORD-001103,2024-05-02,South,Online,Phone case,Accessories,2,9900,3500,0,Completed
ORD-001104,2024-05-02,West,Online,Laptop stand,Office,1,29900,16000,0,Completed
ORD-001105,2024-05-02,South,Online,Desk lamp,Home,4,24900,12500,15,Cancelled
ORD-001106,2024-05-02,Central,Store,Phone case,Accessories,3,9900,3500,10,Cancelled
ORD-001107,2024-05-02, West ,Online,Travel bag,Accessories,2,39900,23000,0,Completed
ORD-001108,2024-05-02,South,Online,Wireless headphones,Electronics,1,49900,29000,0,Completed
ORD-001109,2024-05-02,Central,Store,Storage set,Home,2,17900,9500,0,Completed
ORD-001110,2024-05-03,Central,Online,Phone case,Accessories,2,9900,3500,10,Completed
ORD-001111,2024-05-03,Central,Store,Phone case,Accessories,2,9900,3500,0,Completed
ORD-001112,2024-05-03,North,Online,Travel bag,Accessories,4,39900,23000,20,Completed
ORD-001113,2024-05-03,North,Online,Laptop stand,Office,4,29900,16000,0,Completed
ORD-001114,2024-05-03,Central,Online,Wireless headphones,Electronics,1,49900,29000,0,Completed
ORD-001115,2024-05-03,North,Store,Phone case,Accessories,3,9900,3500,0,Completed
ORD-001116,2024-05-03,Central,Online,Desk lamp,Home,3,24900,12500,0,Completed
ORD-001117,2024-05-04,North,Online,Phone case,Accessories,4,9900,3500,20,Completed
ORD-001118,2024-05-04,West,Store,Notebook pack,Office,2,8900,4000,10,Completed
ORD-001119,2024-05-04,South,Online,Bluetooth speaker,Electronics,2,34900,21000,0,Completed
ORD-001120,2024-05-04,West,Online,Travel bag,Accessories,2,39900,23000,0,Completed
ORD-001121,2024-05-04,Central,Online,Wireless headphones,Electronics,2,49900,29000,0,Completed
ORD-001122,2024-05-04,West,Online,Wireless headphones,Electronics,1,49900,29000,10,Completed
ORD-001123,2024-05-04,Central,Store,Storage set,Home,3,17900,9500,10,Completed
ORD-001124,2024-05-04,West,Store,Laptop stand,Office,1,29900,16000,10,Returned
ORD-001125,2024-05-04,West,Store,Phone case,Accessories,1,9900,3500,20,Completed
ORD-001126,2024-05-04,West,Online,Bluetooth speaker,Electronics,1,34900,21000,0,Completed
ORD-001127,2024-05-04,West,Online,Storage set,Home,3,17900,9500,10,Completed
ORD-001128,2024-05-04,West,Online,Phone case,Accessories,3,9900,3500,0,Completed
ORD-001129,2024-05-05,West,Store,Phone case,Accessories,1,9900,3500,0,Completed
ORD-001130,2024-05-05,Central,Online,Notebook pack,Office,3,8900,4000,0,Completed
ORD-001131,2024-05-05,South,Online,Notebook pack,Office,4,8900,4000,10,Completed
ORD-001132,2024-05-05,Central,Online,Travel bag,Accessories,4,39900,23000,20,Completed
ORD-001133,2024-05-05,West,Online,Notebook pack,Office,1,8900,4000,10,Completed
ORD-001134,2024-05-05,North,Online,Bluetooth speaker,Electronics,2,34900,21000,0,Completed
ORD-001135,2024-05-05,South,Store,Wireless headphones,Electronics,1,49900,29000,20,Cancelled
ORD-001136,2024-05-05,Central,Store,Laptop stand,Office,3,29900,16000,10,Completed
ORD-001137,2024-05-05,North,Online,Notebook pack,Office,2,8900,4000,10,Completed
ORD-001138,2024-05-05,West,Store,Storage set,Home,4,17900,9500,10,Completed
ORD-001139,2024-05-06,West,Online,Storage set,Home,3,17900,9500,0,Completed
ORD-001140,2024-05-06,Central,Online,Desk lamp,Home,2,24900,12500,0,Completed
ORD-001141,2024-05-06,West,Online,Notebook pack,Office,1,8900,4000,15,Completed
ORD-001142,2024-05-06,Central,Store,Laptop stand,Office,4,29900,16000,20,Completed
ORD-001143,2024-05-06,West,Online,Wireless headphones,Electronics,3,49900,29000,0,Completed
ORD-001144,2024-05-06,Central,Online,Bluetooth speaker,Electronics,1,34900,21000,0,Cancelled
ORD-001145,2024-05-06,Central,Online,Storage set,Home,2,17900,9500,10,Completed
ORD-001146,2024-05-06,North,Online,Storage set,Home,2,17900,9500,15,Completed
ORD-001147,2024-05-06,North,Online,Bluetooth speaker,Electronics,4,34900,21000,0,Completed
ORD-001148,2024-05-06,Central,Online,Desk lamp,Home,3,24900,12500,10,Completed
ORD-001149,2024-05-06,West,Online,Travel bag,Accessories,4,39900,23000,20,Completed
ORD-001150,2024-05-07,West,Online,Travel bag,Accessories,2,39900,23000,0,Completed
ORD-001151,2024-05-07,South,Online,Bluetooth speaker,Electronics,1,34900,21000,10,Returned
ORD-001152,2024-05-07,West,Online,Notebook pack,Office,4,8900,4000,0,Completed
ORD-001153,2024-05-07,North,Online,Laptop stand,Office,3,29900,16000,0,Completed
ORD-001154,2024-05-07,Central,Store,Laptop stand,Office,2,29900,16000,10,Completed
ORD-001155,2024-05-07,West,Online,Laptop stand,Office,4,29900,16000,0,Completed
ORD-001156,2024-05-07,West,Online,Bluetooth speaker,Electronics,3,34900,21000,0,Returned
ORD-001157,2024-05-07,Central,Store,Travel bag,Accessories,2,39900,23000,10,Completed
ORD-001158,2024-05-07,West,Store,Phone case,Accessories,2,9900,3500,15,Completed
ORD-001159,2024-05-07,Central,Store,Travel bag,Accessories,3,39900,23000,0,Returned
ORD-001160,2024-05-07,West,Store,Phone case,Accessories,2,9900,3500,10,Completed
ORD-001161,2024-05-07,South,Online,Laptop stand,Office,1,29900,16000,0,Completed
ORD-001162,2024-05-08,West,Online,Storage set,Home,1,17900,9500,0,Returned
ORD-001163,2024-05-08,West,Online,Desk lamp,Home,2,24900,12500,0,Completed
ORD-001164,2024-05-08,North,Online,Phone case,Accessories,3,9900,3500,0,Completed
ORD-001165,2024-05-08,Central,Online,Wireless headphones,Electronics,1,49900,29000,15,Completed
ORD-001166,2024-05-08,North,Store,Laptop stand,Office,2,29900,16000,0,Completed
ORD-001167,2024-05-09,Central,Online,Desk lamp,Home,2,24900,12500,0,Cancelled
ORD-001168,2024-05-09,North,Online,Desk lamp,Home,4,24900,12500,0,Completed
ORD-001169,2024-05-09,Central,Store,Notebook pack,Office,1,8900,4000,0,Completed
ORD-001170,2024-05-09,Central,Store,Storage set,Home,4,17900,9500,20,Completed
ORD-001171,2024-05-09,Central,Online,Notebook pack,Office,4,8900,4000,0,Completed
ORD-001172,2024-05-09,Central,Store,Wireless headphones,Electronics,1,49900,29000,0,Completed
ORD-001173,2024-05-10,South,Online,Laptop stand,Office,2,29900,16000,10,Completed
ORD-001174,2024-05-10,West,Online,Desk lamp,Home,4,24900,12500,20,Completed
ORD-001175,2024-05-10,North,Online,Wireless headphones,Electronics,3,49900,29000,10,Completed
ORD-001176,2024-05-10,West,Online,Wireless headphones,Electronics,3,49900,29000,15,Completed
ORD-001177,2024-05-10,West,Online,Notebook pack,Office,3,8900,4000,0,Completed
ORD-001178,2024-05-10,Central,Online,Bluetooth speaker,Electronics,1,34900,21000,15,Completed
ORD-001179,2024-05-10,West,Online,Laptop stand,Office,3,29900,16000,15,Returned
ORD-001180,2024-05-11,Central,Store,Phone case,Accessories,3,9900,3500,0,Completed
ORD-001181,2024-05-11,North,Store,Notebook pack,Office,1,8900,4000,10,Completed
ORD-001182,2024-05-11,South,Online,Wireless headphones,Electronics,4,49900,29000,10,Completed
ORD-001183,2024-05-11,Central,Store,Bluetooth speaker,Electronics,4,34900,21000,10,Completed
ORD-001184,2024-05-11,West,Online,Travel bag,Accessories,2,39900,23000,15,Completed
ORD-001185,2024-05-11,North,Online,Wireless headphones,Electronics,2,49900,29000,0,Completed
ORD-001186,2024-05-11, West ,Store,Wireless headphones,Electronics,3,49900,29000,0,Completed
ORD-001187,2024-05-11,West,Online,Laptop stand,Office,4,29900,16000,20,Completed
ORD-001188,2024-05-11,West,Store,Phone case,Accessories,2,9900,3500,0,Cancelled
ORD-001189,2024-05-11,North,Online,Travel bag,Accessories,4,39900,23000,0,Completed
ORD-001190,2024-05-11,North,Online,Desk lamp,Home,1,24900,12500,0,Returned
ORD-001191,2024-05-12,Central,Store,Laptop stand,Office,3,29900,16000,10,Completed
ORD-001192,2024-05-12,West,Store,Wireless headphones,Electronics,1,49900,29000,15,Completed
ORD-001193,2024-05-12,Central,Store,Travel bag,Accessories,4,39900,23000,0,Completed
ORD-001194,2024-05-12,West,Online,Wireless headphones,Electronics,3,49900,29000,20,Completed
ORD-001195,2024-05-12,North,Online,Notebook pack,Office,1,8900,4000,15,Completed
ORD-001196,2024-05-12,West,Online,Storage set,Home,1,17900,9500,20,Completed
ORD-001197,2024-05-12,Central,Store,Notebook pack,Office,1,8900,4000,0,Completed
ORD-001198,2024-05-12,South,Store,Wireless headphones,Electronics,3,49900,29000,15,Completed
ORD-001199,2024-05-12,Central,Online,Phone case,Accessories,1,9900,3500,15,Completed
ORD-001200,2024-05-12,West,Store,Storage set,Home,4,17900,9500,10,Completed
ORD-001201,2024-05-13,West,Store,Bluetooth speaker,Electronics,4,34900,21000,0,Completed
ORD-001202,2024-05-13,West,Online,Bluetooth speaker,Electronics,4,34900,21000,0,Completed
ORD-001203,2024-05-13,North,Store,Travel bag,Accessories,1,39900,23000,0,Completed
ORD-001204,2024-05-13,South,Online,Bluetooth speaker,Electronics,1,34900,21000,0,Completed
ORD-001205,2024-05-13,West,Store,Travel bag,Accessories,3,39900,23000,10,Completed
ORD-001206,2024-05-13,Central,Online,Wireless headphones,Electronics,2,49900,29000,0,Completed
ORD-001207,2024-05-14,West,Online,Storage set,Home,3,17900,9500,0,Completed
ORD-001208,2024-05-14,Central,Online,Phone case,Accessories,1,9900,3500,0,Completed
ORD-001209,2024-05-14,Central,Store,Travel bag,Accessories,3,39900,23000,0,Completed
ORD-001210,2024-05-14,North,Online,Desk lamp,Home,3,24900,12500,0,Cancelled
ORD-001211,2024-05-14,North,Online,Desk lamp,Home,1,24900,12500,0,Completed
ORD-001212,2024-05-14,South,Online,Storage set,Home,1,17900,9500,0,Completed
ORD-001213,2024-05-15,West,Online,Notebook pack,Office,3,8900,4000,10,Completed
ORD-001214,2024-05-15,North,Store,Desk lamp,Home,1,24900,12500,0,Returned
ORD-001215,2024-05-15,South,Online,Storage set,Home,2,17900,9500,0,Completed
ORD-001216,2024-05-15,West,Online,Notebook pack,Office,4,8900,4000,0,Cancelled
ORD-001217,2024-05-15,North,Online,Notebook pack,Office,1,8900,4000,0,Completed
ORD-001218,2024-05-15,North,Online,Notebook pack,Office,2,8900,4000,0,Completed
ORD-001219,2024-05-15,South,Online,Laptop stand,Office,2,29900,16000,0,Completed
ORD-001220,2024-05-15,West,Online,Laptop stand,Office,2,29900,16000,0,Completed
ORD-001221,2024-05-15,Central,Online,Bluetooth speaker,Electronics,4,34900,21000,0,Completed
ORD-001222,2024-05-15,West,Store,Desk lamp,Home,4,24900,12500,15,Completed
ORD-001223,2024-05-15,West,Online,Desk lamp,Home,2,24900,12500,0,Completed
ORD-001224,2024-05-15,Central,Online,Notebook pack,Office,2,8900,4000,20,Completed
ORD-001225,2024-05-16,West,Online,Laptop stand,Office,1,29900,16000,10,Completed
ORD-001226,2024-05-16,West,Store,Desk lamp,Home,4,24900,12500,0,Completed
ORD-001227,2024-05-16,West,Store,Phone case,Accessories,2,9900,3500,0,Completed
ORD-001228,2024-05-16,Central,Online,Notebook pack,Office,3,8900,4000,10,Completed
ORD-001229,2024-05-16,South,Online,Phone case,Accessories,3,9900,3500,0,Completed
ORD-001230,2024-05-16,Central,Store,Wireless headphones,Electronics,4,49900,29000,15,Completed
ORD-001231,2024-05-16,Central,Online,Laptop stand,Office,2,29900,16000,20,Completed
ORD-001232,2024-05-16,North,Online,Bluetooth speaker,Electronics,4,34900,21000,0,Completed
ORD-001233,2024-05-17,Central,Online,Phone case,Accessories,4,9900,3500,0,Completed
ORD-001234,2024-05-17,Central,Online,Phone case,Accessories,2,9900,3500,0,Completed
ORD-001235,2024-05-17,Central,Online,Bluetooth speaker,Electronics,1,34900,21000,10,Returned
ORD-001236,2024-05-17,North,Online,Bluetooth speaker,Electronics,2,34900,21000,0,Completed
ORD-001237,2024-05-17,Central,Store,Laptop stand,Office,3,29900,16000,0,Completed
ORD-001238,2024-05-18,North,Online,Laptop stand,Office,3,29900,16000,10,Completed
ORD-001239,2024-05-18,West,Store,Travel bag,Accessories,1,39900,23000,0,Completed
ORD-001240,2024-05-18,West,Online,Desk lamp,Home,2,24900,12500,0,Completed
ORD-001241,2024-05-18,South,Online,Phone case,Accessories,1,9900,3500,0,Completed
ORD-001242,2024-05-18,Central,Online,Travel bag,Accessories,1,39900,23000,0,Completed
ORD-001243,2024-05-18,Central,Store,Desk lamp,Home,4,24900,12500,15,Completed
ORD-001244,2024-05-18,Central,Online,Notebook pack,Office,4,8900,4000,10,Completed
ORD-001245,2024-05-18,Central,Online,Laptop stand,Office,1,29900,16000,20,Completed
ORD-001246,2024-05-18,South,Store,Notebook pack,Office,4,8900,4000,20,Completed
ORD-001247,2024-05-19,Central,Online,Bluetooth speaker,Electronics,1,34900,21000,0,Cancelled
ORD-001248,2024-05-19,North,Online,Laptop stand,Office,2,29900,16000,0,Completed
ORD-001249,2024-05-19,North,Online,Phone case,Accessories,4,9900,3500,0,Completed
ORD-001250,2024-05-19,Central,Online,Bluetooth speaker,Electronics,1,34900,21000,0,Completed
ORD-001251,2024-05-19,Central,Store,Travel bag,Accessories,2,39900,23000,0,Completed
ORD-001252,2024-05-19,Central,Store,Bluetooth speaker,Electronics,2,34900,21000,0,Completed
ORD-001253,2024-05-19,West,Store,Travel bag,Accessories,2,39900,23000,10,Returned
ORD-001254,2024-05-19,Central,Store,Storage set,Home,3,17900,9500,0,Cancelled
ORD-001255,2024-05-19,North,Online,Phone case,Accessories,2,9900,3500,0,Returned
ORD-001256,2024-05-19,Central,Online,Phone case,Accessories,1,9900,3500,0,Completed
ORD-001257,2024-05-19,Central,Store,Phone case,Accessories,3,9900,3500,0,Completed
ORD-001258,2024-05-19,Central,Online,Desk lamp,Home,4,24900,12500,0,Returned
ORD-001259,2024-05-19,South,Online,Desk lamp,Home,1,24900,12500,0,Completed
ORD-001260,2024-05-20,South,Online,Laptop stand,Office,2,29900,16000,20,Completed
ORD-001261,2024-05-20,West,Online,Bluetooth speaker,Electronics,1,34900,21000,0,Completed
ORD-001262,2024-05-20,Central,Online,Travel bag,Accessories,1,39900,23000,0,Completed
ORD-001263,2024-05-20,Central,Store,Phone case,Accessories,2,9900,3500,0,Completed
ORD-001264,2024-05-20,South,Online,Bluetooth speaker,Electronics,4,34900,21000,0,Completed
ORD-001265,2024-05-20, South ,Online,Storage set,Home,4,17900,9500,15,Completed
ORD-001266,2024-05-20,West,Store,Desk lamp,Home,2,24900,12500,0,Completed
ORD-001267,2024-05-20,North,Store,Travel bag,Accessories,1,39900,23000,10,Completed
ORD-001268,2024-05-20,North,Store,Notebook pack,Office,2,8900,4000,0,Completed
ORD-001269,2024-05-21,South,Online,Travel bag,Accessories,1,39900,23000,0,Completed
ORD-001270,2024-05-21,West,Online,Storage set,Home,2,17900,9500,0,Completed
ORD-001271,2024-05-21,West,Online,Wireless headphones,Electronics,2,49900,29000,10,Completed
ORD-001272,2024-05-21,West,Store,Bluetooth speaker,Electronics,2,34900,21000,10,Completed
ORD-001273,2024-05-21,West,Online,Bluetooth speaker,Electronics,2,34900,21000,10,Returned
ORD-001274,2024-05-21,West,Online,Travel bag,Accessories,2,39900,23000,0,Completed
ORD-001275,2024-05-22,South,Online,Travel bag,Accessories,2,39900,23000,0,Completed
ORD-001276,2024-05-22,South,Online,Laptop stand,Office,1,29900,16000,15,Completed
ORD-001277,2024-05-22,West,Online,Phone case,Accessories,2,9900,3500,0,Completed
ORD-001278,2024-05-22,West,Store,Notebook pack,Office,2,8900,4000,0,Completed
ORD-001279,2024-05-22,West,Store,Notebook pack,Office,1,8900,4000,0,Completed
ORD-001280,2024-05-23,Central,Store,Travel bag,Accessories,1,39900,23000,0,Completed
ORD-001281,2024-05-23,Central,Store,Bluetooth speaker,Electronics,2,34900,21000,10,Completed
ORD-001282,2024-05-23,Central,Online,Notebook pack,Office,4,8900,4000,0,Completed
ORD-001283,2024-05-23,West,Online,Phone case,Accessories,3,9900,3500,0,Completed
ORD-001284,2024-05-23,Central,Store,Wireless headphones,Electronics,3,49900,29000,10,Completed
ORD-001285,2024-05-23,Central,Online,Notebook pack,Office,1,8900,4000,20,Completed
ORD-001286,2024-05-23,West,Store,Storage set,Home,2,17900,9500,10,Completed
ORD-001287,2024-05-23,Central,Store,Notebook pack,Office,1,8900,4000,15,Completed
ORD-001288,2024-05-23,North,Store,Storage set,Home,2,17900,9500,0,Completed
ORD-001289,2024-05-23,Central,Online,Storage set,Home,4,17900,9500,0,Completed
ORD-001290,2024-05-23,Central,Store,Storage set,Home,3,17900,9500,0,Completed
ORD-001291,2024-05-23,Central,Store,Storage set,Home,1,17900,9500,20,Completed
ORD-001292,2024-05-24,Central,Online,Desk lamp,Home,4,24900,12500,10,Completed
ORD-001293,2024-05-24,North,Online,Phone case,Accessories,1,9900,3500,10,Returned
ORD-001294,2024-05-24,South,Online,Desk lamp,Home,4,24900,12500,0,Completed
ORD-001295,2024-05-24,South,Online,Travel bag,Accessories,3,39900,23000,0,Completed
ORD-001296,2024-05-24,West,Online,Desk lamp,Home,3,24900,12500,0,Returned
ORD-001297,2024-05-24,West,Online,Travel bag,Accessories,4,39900,23000,0,Cancelled
ORD-001298,2024-05-24,Central,Online,Bluetooth speaker,Electronics,1,34900,21000,0,Completed
ORD-001299,2024-05-24,West,Store,Storage set,Home,3,17900,9500,0,Completed
ORD-001300,2024-05-24,South,Store,Notebook pack,Office,4,8900,4000,10,Completed
ORD-001301,2024-05-24,West,Online,Wireless headphones,Electronics,1,49900,29000,10,Completed
ORD-001302,2024-05-24,South,Store,Laptop stand,Office,2,29900,16000,0,Completed
ORD-001303,2024-05-25,North,Online,Wireless headphones,Electronics,4,49900,29000,0,Completed
ORD-001304,2024-05-25,Central,Online,Bluetooth speaker,Electronics,4,34900,21000,0,Completed
ORD-001305,2024-05-25,Central,Online,Laptop stand,Office,4,29900,16000,0,Completed
ORD-001306,2024-05-25,North,Online,Bluetooth speaker,Electronics,3,34900,21000,15,Completed
ORD-001307,2024-05-25,West,Online,Storage set,Home,3,17900,9500,0,Completed
ORD-001308,2024-05-25,North,Online,Phone case,Accessories,4,9900,3500,0,Completed
ORD-001309,2024-05-25,North,Online,Travel bag,Accessories,2,39900,23000,0,Completed
ORD-001310,2024-05-25,Central,Store,Bluetooth speaker,Electronics,2,34900,21000,0,Completed
ORD-001311,2024-05-25,Central,Store,Storage set,Home,4,17900,9500,0,Returned
ORD-001312,2024-05-26,North,Online,Desk lamp,Home,1,24900,12500,0,Completed
ORD-001313,2024-05-26,Central,Store,Storage set,Home,1,17900,9500,0,Completed
ORD-001314,2024-05-26,South,Store,Wireless headphones,Electronics,1,49900,29000,0,Completed
ORD-001315,2024-05-26,Central,Online,Wireless headphones,Electronics,3,49900,29000,20,Completed
ORD-001316,2024-05-26,South,Online,Notebook pack,Office,3,8900,4000,20,Completed
ORD-001317,2024-05-26,South,Online,Notebook pack,Office,1,8900,4000,20,Completed
ORD-001318,2024-05-26,North,Store,Bluetooth speaker,Electronics,4,34900,21000,10,Completed
ORD-001319,2024-05-26,North,Online,Desk lamp,Home,3,24900,12500,20,Completed
ORD-001320,2024-05-27,Central,Store,Notebook pack,Office,4,8900,4000,0,Completed
ORD-001321,2024-05-27,West,Store,Wireless headphones,Electronics,3,49900,29000,0,Completed
ORD-001322,2024-05-27,West,Store,Wireless headphones,Electronics,4,49900,29000,0,Completed
ORD-001323,2024-05-27,Central,Store,Bluetooth speaker,Electronics,4,34900,21000,20,Completed
ORD-001324,2024-05-27,West,Online,Bluetooth speaker,Electronics,2,34900,21000,10,Completed
ORD-001325,2024-05-27,North,Store,Wireless headphones,Electronics,3,49900,29000,15,Cancelled
ORD-001326,2024-05-27,North,Online,Phone case,Accessories,1,9900,3500,0,Completed
ORD-001327,2024-05-27,Central,Store,Storage set,Home,1,17900,9500,0,Cancelled
ORD-001328,2024-05-28,West,Online,Desk lamp,Home,4,24900,12500,10,Completed
ORD-001329,2024-05-28,South,Store,Laptop stand,Office,1,29900,16000,10,Returned
ORD-001330,2024-05-28,North,Store,Phone case,Accessories,2,9900,3500,20,Completed
ORD-001331,2024-05-28,South,Online,Bluetooth speaker,Electronics,4,34900,21000,10,Completed
ORD-001332,2024-05-28,West,Online,Travel bag,Accessories,1,39900,23000,0,Completed
ORD-001333,2024-05-29,West,Online,Storage set,Home,3,17900,9500,0,Completed
ORD-001334,2024-05-29,South,Online,Travel bag,Accessories,1,39900,23000,0,Completed
ORD-001335,2024-05-29,West,Online,Travel bag,Accessories,3,39900,23000,10,Returned
ORD-001336,2024-05-29,Central,Store,Desk lamp,Home,2,24900,12500,0,Completed
ORD-001337,2024-05-29,Central,Store,Phone case,Accessories,3,9900,3500,15,Completed
ORD-001338,2024-05-29,North,Online,Phone case,Accessories,1,9900,3500,0,Completed
ORD-001339,2024-05-29,Central,Store,Bluetooth speaker,Electronics,4,34900,21000,10,Completed
ORD-001340,2024-05-29,South,Online,Laptop stand,Office,3,29900,16000,0,Completed
ORD-001341,2024-05-29,South,Online,Storage set,Home,2,17900,9500,15,Completed
ORD-001342,2024-05-29,West,Store,Laptop stand,Office,2,29900,16000,20,Completed
ORD-001343,2024-05-30,South,Store,Travel bag,Accessories,4,39900,23000,0,Completed
ORD-001344,2024-05-30, Central ,Store,Laptop stand,Office,4,29900,16000,0,Completed
ORD-001345,2024-05-30,West,Store,Wireless headphones,Electronics,4,49900,29000,10,Completed
ORD-001346,2024-05-30,South,Online,Phone case,Accessories,2,9900,3500,0,Completed
ORD-001347,2024-05-30,West,Online,Storage set,Home,1,17900,9500,10,Cancelled
ORD-001348,2024-05-30,Central,Store,Desk lamp,Home,2,24900,12500,20,Completed
ORD-001349,2024-05-30,North,Online,Phone case,Accessories,3,9900,3500,0,Cancelled
ORD-001350,2024-05-30,Central,Online,Travel bag,Accessories,4,39900,23000,0,Completed
ORD-001351,2024-05-30,South,Online,Desk lamp,Home,1,24900,12500,10,Completed
ORD-001352,2024-05-30,Central,Store,Travel bag,Accessories,3,39900,23000,0,Completed
ORD-001353,2024-05-31,South,Store,Phone case,Accessories,2,9900,3500,0,Completed
ORD-001354,2024-05-31,Central,Store,Phone case,Accessories,2,9900,3500,0,Cancelled
ORD-001355,2024-05-31,Central,Online,Travel bag,Accessories,3,39900,23000,0,Returned
ORD-001356,2024-05-31,Central,Store,Desk lamp,Home,4,24900,12500,0,Completed
ORD-001357,2024-05-31,North,Store,Phone case,Accessories,1,9900,3500,10,Completed
ORD-001358,2024-05-31,North,Online,Bluetooth speaker,Electronics,2,34900,21000,0,Completed
ORD-001359,2024-06-01,North,Online,Bluetooth speaker,Electronics,2,34900,21000,0,Completed
ORD-001360,2024-06-01,North,Online,Wireless headphones,Electronics,3,49900,29000,0,Completed
ORD-001361,2024-06-01,West,Store,Travel bag,Accessories,2,39900,23000,0,Returned
ORD-001362,2024-06-01,South,Online,Laptop stand,Office,4,29900,16000,10,Completed
ORD-001363,2024-06-01,South,Online,Notebook pack,Office,1,8900,4000,10,Completed
ORD-001364,2024-06-01,Central,Online,Wireless headphones,Electronics,2,49900,29000,20,Completed
ORD-001365,2024-06-01,South,Online,Storage set,Home,4,17900,9500,0,Completed
ORD-001366,2024-06-01,South,Online,Travel bag,Accessories,4,39900,23000,0,Completed
ORD-001367,2024-06-01,West,Online,Travel bag,Accessories,2,39900,23000,0,Completed
ORD-001368,2024-06-01,South,Online,Storage set,Home,2,17900,9500,0,Completed
ORD-001369,2024-06-01,Central,Store,Travel bag,Accessories,2,39900,23000,0,Completed
ORD-001370,2024-06-01,South,Online,Bluetooth speaker,Electronics,3,34900,21000,10,Completed
ORD-001371,2024-06-02,North,Store,Laptop stand,Office,3,29900,16000,0,Completed
ORD-001372,2024-06-02,Central,Online,Storage set,Home,1,17900,9500,0,Completed
ORD-001373,2024-06-02,South,Store,Laptop stand,Office,1,29900,16000,0,Completed
ORD-001374,2024-06-02,South,Store,Laptop stand,Office,1,29900,16000,0,Returned
ORD-001375,2024-06-02,North,Store,Travel bag,Accessories,4,39900,23000,0,Completed
ORD-001376,2024-06-02,South,Store,Wireless headphones,Electronics,2,49900,29000,0,Completed
ORD-001377,2024-06-02,North,Store,Laptop stand,Office,3,29900,16000,10,Completed
ORD-001378,2024-06-02,South,Online,Travel bag,Accessories,3,39900,23000,10,Completed
ORD-001379,2024-06-02,West,Online,Laptop stand,Office,2,29900,16000,0,Completed
ORD-001380,2024-06-02,Central,Online,Laptop stand,Office,1,29900,16000,10,Completed
ORD-001381,2024-06-02,West,Online,Storage set,Home,1,17900,9500,0,Completed
ORD-001382,2024-06-02,West,Online,Phone case,Accessories,4,9900,3500,10,Returned
ORD-001383,2024-06-03,Central,Store,Phone case,Accessories,1,9900,3500,0,Completed
ORD-001384,2024-06-03,South,Store,Wireless headphones,Electronics,3,49900,29000,0,Completed
ORD-001385,2024-06-03,South,Store,Wireless headphones,Electronics,2,49900,29000,0,Completed
ORD-001386,2024-06-03,Central,Store,Desk lamp,Home,4,24900,12500,0,Completed
ORD-001387,2024-06-03,Central,Store,Bluetooth speaker,Electronics,1,34900,21000,0,Completed
ORD-001388,2024-06-03,Central,Store,Laptop stand,Office,4,29900,16000,0,Completed
ORD-001389,2024-06-03,West,Store,Wireless headphones,Electronics,4,49900,29000,0,Completed
ORD-001390,2024-06-04,Central,Online,Notebook pack,Office,3,8900,4000,15,Completed
ORD-001391,2024-06-04,North,Online,Notebook pack,Office,2,8900,4000,0,Completed
ORD-001392,2024-06-04,Central,Store,Desk lamp,Home,1,24900,12500,0,Completed
ORD-001393,2024-06-04,Central,Online,Storage set,Home,3,17900,9500,0,Completed
ORD-001394,2024-06-04,North,Online,Laptop stand,Office,4,29900,16000,0,Completed
ORD-001395,2024-06-04,North,Store,Travel bag,Accessories,2,39900,23000,0,Completed
ORD-001396,2024-06-04,Central,Store,Desk lamp,Home,1,24900,12500,0,Completed
ORD-001397,2024-06-04,West,Store,Phone case,Accessories,1,9900,3500,0,Completed
ORD-001398,2024-06-04,Central,Store,Desk lamp,Home,4,24900,12500,0,Returned
ORD-001399,2024-06-04,North,Store,Travel bag,Accessories,1,39900,23000,0,Completed
ORD-001400,2024-06-04,West,Online,Wireless headphones,Electronics,3,49900,29000,0,Completed
ORD-001401,2024-06-04,Central,Online,Wireless headphones,Electronics,4,49900,29000,0,Completed
ORD-001402,2024-06-05,Central,Store,Desk lamp,Home,3,24900,12500,20,Completed
ORD-001403,2024-06-05,Central,Store,Travel bag,Accessories,1,39900,23000,10,Completed
ORD-001404,2024-06-05,Central,Store,Desk lamp,Home,2,24900,12500,0,Completed
ORD-001405,2024-06-05,Central,Online,Wireless headphones,Electronics,2,49900,29000,0,Completed
ORD-001406,2024-06-05,West,Online,Bluetooth speaker,Electronics,3,34900,21000,10,Cancelled
ORD-001407,2024-06-05,Central,Online,Storage set,Home,4,17900,9500,10,Completed
ORD-001408,2024-06-05,Central,Store,Laptop stand,Office,4,29900,16000,0,Completed
ORD-001409,2024-06-06,North,Store,Wireless headphones,Electronics,3,49900,29000,0,Completed
ORD-001410,2024-06-06,Central,Online,Bluetooth speaker,Electronics,4,34900,21000,0,Completed
ORD-001411,2024-06-06,South,Store,Bluetooth speaker,Electronics,2,34900,21000,0,Completed
ORD-001412,2024-06-06,West,Online,Notebook pack,Office,3,8900,4000,0,Completed
ORD-001413,2024-06-06,North,Online,Travel bag,Accessories,1,39900,23000,0,Cancelled
ORD-001414,2024-06-06,Central,Online,Storage set,Home,1,17900,9500,0,Completed
ORD-001415,2024-06-06,Central,Online,Notebook pack,Office,2,8900,4000,0,Completed
ORD-001416,2024-06-07,Central,Store,Storage set,Home,3,17900,9500,15,Completed
ORD-001417,2024-06-07,West,Online,Bluetooth speaker,Electronics,4,34900,21000,0,Returned
ORD-001418,2024-06-07,North,Online,Wireless headphones,Electronics,2,49900,29000,0,Returned
ORD-001419,2024-06-07,West,Store,Wireless headphones,Electronics,4,49900,29000,0,Completed
ORD-001420,2024-06-07,North,Store,Bluetooth speaker,Electronics,4,34900,21000,0,Completed
ORD-001421,2024-06-07,Central,Online,Laptop stand,Office,2,29900,16000,0,Completed
ORD-001422,2024-06-07,Central,Store,Phone case,Accessories,3,9900,3500,0,Completed
ORD-001423,2024-06-08, North ,Online,Bluetooth speaker,Electronics,2,34900,21000,0,Completed
ORD-001424,2024-06-08,West,Online,Laptop stand,Office,1,29900,16000,10,Completed
ORD-001425,2024-06-08,Central,Online,Storage set,Home,3,17900,9500,10,Cancelled
ORD-001426,2024-06-08,North,Store,Notebook pack,Office,3,8900,4000,10,Completed
ORD-001427,2024-06-08,Central,Online,Laptop stand,Office,1,29900,16000,15,Completed
ORD-001428,2024-06-08,North,Store,Laptop stand,Office,1,29900,16000,10,Completed
ORD-001429,2024-06-08,West,Store,Laptop stand,Office,2,29900,16000,15,Completed
ORD-001430,2024-06-08,Central,Store,Laptop stand,Office,4,29900,16000,0,Completed
ORD-001431,2024-06-08,Central,Store,Travel bag,Accessories,1,39900,23000,0,Completed
ORD-001432,2024-06-08,Central,Online,Desk lamp,Home,2,24900,12500,10,Completed
ORD-001433,2024-06-08,West,Store,Desk lamp,Home,2,24900,12500,0,Completed
ORD-001434,2024-06-09,West,Store,Phone case,Accessories,1,9900,3500,10,Completed
ORD-001435,2024-06-09,South,Online,Wireless headphones,Electronics,1,49900,29000,0,Completed
ORD-001436,2024-06-09,North,Store,Wireless headphones,Electronics,3,49900,29000,0,Completed
ORD-001437,2024-06-09,West,Online,Wireless headphones,Electronics,1,49900,29000,0,Completed
ORD-001438,2024-06-09,Central,Online,Bluetooth speaker,Electronics,4,34900,21000,15,Completed
ORD-001439,2024-06-09,North,Online,Phone case,Accessories,3,9900,3500,10,Completed
ORD-001440,2024-06-09,North,Online,Wireless headphones,Electronics,4,49900,29000,0,Returned
ORD-001441,2024-06-09,Central,Online,Wireless headphones,Electronics,3,49900,29000,10,Completed
ORD-001442,2024-06-09,South,Store,Travel bag,Accessories,1,39900,23000,0,Cancelled
ORD-001443,2024-06-09,North,Store,Storage set,Home,3,17900,9500,0,Completed
ORD-001444,2024-06-10,West,Store,Bluetooth speaker,Electronics,2,34900,21000,0,Completed
ORD-001445,2024-06-10,South,Online,Desk lamp,Home,3,24900,12500,10,Completed
ORD-001446,2024-06-10,Central,Online,Bluetooth speaker,Electronics,3,34900,21000,20,Completed
ORD-001447,2024-06-10,West,Store,Bluetooth speaker,Electronics,2,34900,21000,10,Completed
ORD-001448,2024-06-10,Central,Store,Desk lamp,Home,4,24900,12500,15,Completed
ORD-001449,2024-06-10,West,Online,Travel bag,Accessories,1,39900,23000,0,Completed
ORD-001450,2024-06-10,Central,Online,Travel bag,Accessories,4,39900,23000,10,Completed
ORD-001451,2024-06-10,North,Store,Notebook pack,Office,2,8900,4000,0,Completed
ORD-001452,2024-06-10,Central,Store,Phone case,Accessories,4,9900,3500,0,Completed
ORD-001453,2024-06-10,South,Online,Storage set,Home,1,17900,9500,0,Completed
ORD-001454,2024-06-11,West,Store,Phone case,Accessories,1,9900,3500,20,Completed
ORD-001455,2024-06-11,Central,Online,Desk lamp,Home,4,24900,12500,0,Completed
ORD-001456,2024-06-11,West,Online,Wireless headphones,Electronics,2,49900,29000,0,Completed
ORD-001457,2024-06-11,Central,Store,Travel bag,Accessories,1,39900,23000,0,Completed
ORD-001458,2024-06-11,North,Online,Desk lamp,Home,1,24900,12500,0,Completed
ORD-001459,2024-06-11,North,Online,Travel bag,Accessories,2,39900,23000,10,Completed
ORD-001460,2024-06-11,Central,Store,Laptop stand,Office,4,29900,16000,10,Completed
ORD-001461,2024-06-11,North,Online,Laptop stand,Office,1,29900,16000,10,Completed
ORD-001462,2024-06-11,North,Store,Desk lamp,Home,4,24900,12500,0,Completed
ORD-001463,2024-06-11,South,Online,Laptop stand,Office,2,29900,16000,0,Completed
ORD-001464,2024-06-12,West,Online,Desk lamp,Home,1,24900,12500,0,Completed
ORD-001465,2024-06-12,West,Online,Bluetooth speaker,Electronics,3,34900,21000,10,Completed
ORD-001466,2024-06-12,North,Store,Travel bag,Accessories,4,39900,23000,0,Completed
ORD-001467,2024-06-12,Central,Store,Bluetooth speaker,Electronics,3,34900,21000,0,Completed
ORD-001468,2024-06-12,North,Online,Bluetooth speaker,Electronics,3,34900,21000,0,Completed
ORD-001469,2024-06-12,Central,Online,Wireless headphones,Electronics,1,49900,29000,0,Completed
ORD-001470,2024-06-12,North,Online,Wireless headphones,Electronics,3,49900,29000,0,Completed
ORD-001471,2024-06-12,West,Online,Laptop stand,Office,3,29900,16000,10,Completed
ORD-001472,2024-06-12,South,Online,Desk lamp,Home,4,24900,12500,15,Completed
ORD-001473,2024-06-12,North,Store,Desk lamp,Home,4,24900,12500,0,Completed
ORD-001474,2024-06-12,North,Store,Laptop stand,Office,1,29900,16000,15,Completed
ORD-001475,2024-06-13,West,Store,Storage set,Home,2,17900,9500,20,Completed
ORD-001476,2024-06-13,Central,Online,Notebook pack,Office,3,8900,4000,0,Completed
ORD-001477,2024-06-13,North,Store,Travel bag,Accessories,4,39900,23000,0,Cancelled
ORD-001478,2024-06-13,West,Online,Bluetooth speaker,Electronics,4,34900,21000,0,Completed
ORD-001479,2024-06-13,South,Store,Laptop stand,Office,1,29900,16000,0,Completed
ORD-001480,2024-06-13,West,Online,Desk lamp,Home,3,24900,12500,0,Completed
ORD-001481,2024-06-13,North,Store,Bluetooth speaker,Electronics,3,34900,21000,20,Cancelled
ORD-001482,2024-06-13,South,Online,Phone case,Accessories,1,9900,3500,20,Completed
ORD-001483,2024-06-14,Central,Store,Laptop stand,Office,2,29900,16000,0,Completed
ORD-001484,2024-06-14,Central,Store,Notebook pack,Office,4,8900,4000,0,Completed
ORD-001485,2024-06-14,South,Store,Wireless headphones,Electronics,2,49900,29000,10,Completed
ORD-001486,2024-06-14,West,Online,Desk lamp,Home,2,24900,12500,0,Completed
ORD-001487,2024-06-14,Central,Online,Storage set,Home,1,17900,9500,0,Completed
ORD-001488,2024-06-14,North,Online,Phone case,Accessories,1,9900,3500,20,Returned
ORD-001489,2024-06-14,Central,Online,Travel bag,Accessories,3,39900,23000,0,Completed
ORD-001490,2024-06-14,South,Online,Storage set,Home,3,17900,9500,0,Completed
ORD-001491,2024-06-14,North,Online,Phone case,Accessories,1,9900,3500,20,Completed
ORD-001492,2024-06-14,West,Online,Wireless headphones,Electronics,4,49900,29000,20,Completed
ORD-001493,2024-06-15,West,Store,Wireless headphones,Electronics,3,49900,29000,0,Completed
ORD-001494,2024-06-15,North,Online,Desk lamp,Home,3,24900,12500,15,Completed
ORD-001495,2024-06-15,Central,Store,Travel bag,Accessories,3,39900,23000,0,Completed
ORD-001496,2024-06-15,Central,Store,Travel bag,Accessories,2,39900,23000,0,Returned
ORD-001497,2024-06-15,Central,Store,Phone case,Accessories,2,9900,3500,20,Completed
ORD-001498,2024-06-15,West,Online,Travel bag,Accessories,2,39900,23000,0,Completed
ORD-001499,2024-06-15,Central,Store,Desk lamp,Home,3,24900,12500,0,Completed
ORD-001500,2024-06-15,Central,Online,Desk lamp,Home,4,24900,12500,0,Completed
ORD-001501,2024-06-15,West,Store,Phone case,Accessories,4,9900,3500,10,Completed
ORD-001502,2024-06-15, Central ,Store,Wireless headphones,Electronics,4,49900,29000,10,Completed
ORD-001503,2024-06-16,Central,Store,Storage set,Home,1,17900,9500,0,Completed
ORD-001504,2024-06-16,West,Online,Laptop stand,Office,1,29900,16000,10,Completed
ORD-001505,2024-06-16,Central,Online,Phone case,Accessories,4,9900,3500,0,Completed
ORD-001506,2024-06-16,West,Online,Bluetooth speaker,Electronics,3,34900,21000,0,Completed
ORD-001507,2024-06-16,Central,Store,Travel bag,Accessories,4,39900,23000,10,Completed
ORD-001508,2024-06-16,West,Store,Bluetooth speaker,Electronics,1,34900,21000,0,Completed
ORD-001509,2024-06-16,North,Store,Travel bag,Accessories,1,39900,23000,10,Completed
ORD-001510,2024-06-16,South,Store,Wireless headphones,Electronics,2,49900,29000,0,Completed
ORD-001511,2024-06-16,North,Store,Travel bag,Accessories,1,39900,23000,0,Completed
ORD-001512,2024-06-16,Central,Store,Phone case,Accessories,4,9900,3500,0,Completed
ORD-001513,2024-06-16,Central,Online,Storage set,Home,3,17900,9500,0,Returned
ORD-001514,2024-06-16,South,Online,Travel bag,Accessories,4,39900,23000,0,Completed
ORD-001515,2024-06-16,West,Online,Notebook pack,Office,3,8900,4000,0,Returned
ORD-001516,2024-06-17,South,Online,Storage set,Home,4,17900,9500,15,Completed
ORD-001517,2024-06-17,North,Store,Travel bag,Accessories,2,39900,23000,0,Completed
ORD-001518,2024-06-17,Central,Online,Desk lamp,Home,2,24900,12500,0,Completed
ORD-001519,2024-06-17,West,Store,Travel bag,Accessories,3,39900,23000,15,Completed
ORD-001520,2024-06-17,Central,Online,Notebook pack,Office,4,8900,4000,0,Completed
ORD-001521,2024-06-17,North,Store,Desk lamp,Home,1,24900,12500,0,Completed
ORD-001522,2024-06-17,West,Store,Desk lamp,Home,3,24900,12500,0,Completed
ORD-001523,2024-06-17,Central,Online,Storage set,Home,2,17900,9500,10,Completed
ORD-001524,2024-06-17,West,Store,Travel bag,Accessories,3,39900,23000,0,Completed
ORD-001525,2024-06-17,South,Online,Wireless headphones,Electronics,1,49900,29000,0,Returned
ORD-001526,2024-06-17,North,Online,Bluetooth speaker,Electronics,2,34900,21000,0,Completed
ORD-001527,2024-06-18,Central,Online,Storage set,Home,1,17900,9500,0,Completed
ORD-001528,2024-06-18,Central,Online,Bluetooth speaker,Electronics,3,34900,21000,10,Completed
ORD-001529,2024-06-18,North,Online,Desk lamp,Home,2,24900,12500,10,Completed
ORD-001530,2024-06-18,North,Online,Wireless headphones,Electronics,3,49900,29000,0,Completed
ORD-001531,2024-06-18,North,Store,Wireless headphones,Electronics,1,49900,29000,0,Completed
ORD-001532,2024-06-18,Central,Store,Wireless headphones,Electronics,2,49900,29000,15,Completed
ORD-001533,2024-06-18,North,Online,Storage set,Home,1,17900,9500,10,Returned
ORD-001534,2024-06-18,Central,Online,Laptop stand,Office,1,29900,16000,0,Completed
ORD-001535,2024-06-18,Central,Store,Laptop stand,Office,4,29900,16000,0,Completed
ORD-001536,2024-06-18,Central,Online,Storage set,Home,3,17900,9500,20,Completed
ORD-001537,2024-06-19,West,Store,Desk lamp,Home,4,24900,12500,0,Completed
ORD-001538,2024-06-19,West,Store,Laptop stand,Office,4,29900,16000,0,Completed
ORD-001539,2024-06-19,West,Store,Notebook pack,Office,4,8900,4000,0,Completed
ORD-001540,2024-06-19,South,Online,Laptop stand,Office,3,29900,16000,0,Completed
ORD-001541,2024-06-19,Central,Online,Notebook pack,Office,2,8900,4000,0,Completed
ORD-001542,2024-06-19,North,Online,Notebook pack,Office,1,8900,4000,0,Completed
ORD-001543,2024-06-19,Central,Online,Notebook pack,Office,3,8900,4000,15,Completed
ORD-001544,2024-06-19,Central,Online,Travel bag,Accessories,2,39900,23000,0,Completed
ORD-001545,2024-06-19,South,Store,Bluetooth speaker,Electronics,4,34900,21000,0,Completed
ORD-001546,2024-06-20,West,Online,Wireless headphones,Electronics,3,49900,29000,0,Completed
ORD-001547,2024-06-20,South,Online,Desk lamp,Home,2,24900,12500,0,Completed
ORD-001548,2024-06-20,West,Online,Wireless headphones,Electronics,4,49900,29000,0,Completed
ORD-001549,2024-06-20,Central,Online,Wireless headphones,Electronics,4,49900,29000,0,Completed
ORD-001550,2024-06-20,Central,Store,Laptop stand,Office,4,29900,16000,0,Completed
ORD-001551,2024-06-20,South,Online,Phone case,Accessories,4,9900,3500,0,Completed
ORD-001552,2024-06-20,West,Store,Bluetooth speaker,Electronics,1,34900,21000,0,Completed
ORD-001553,2024-06-20,North,Store,Wireless headphones,Electronics,4,49900,29000,0,Completed
ORD-001554,2024-06-21,West,Store,Wireless headphones,Electronics,3,49900,29000,15,Completed
ORD-001555,2024-06-21,West,Online,Wireless headphones,Electronics,3,49900,29000,10,Completed
ORD-001556,2024-06-21,Central,Online,Travel bag,Accessories,2,39900,23000,0,Completed
ORD-001557,2024-06-21,West,Store,Notebook pack,Office,4,8900,4000,10,Completed
ORD-001558,2024-06-21,South,Store,Storage set,Home,3,17900,9500,0,Completed
ORD-001559,2024-06-21,North,Store,Storage set,Home,1,17900,9500,0,Completed
ORD-001560,2024-06-21,South,Store,Storage set,Home,2,17900,9500,10,Completed
ORD-001561,2024-06-21,North,Online,Phone case,Accessories,2,9900,3500,0,Completed
ORD-001562,2024-06-21,North,Online,Phone case,Accessories,3,9900,3500,10,Completed
ORD-001563,2024-06-21,South,Store,Phone case,Accessories,1,9900,3500,20,Completed
ORD-001564,2024-06-22,West,Store,Travel bag,Accessories,2,39900,23000,10,Completed
ORD-001565,2024-06-22,Central,Store,Laptop stand,Office,1,29900,16000,0,Completed
ORD-001566,2024-06-22,Central,Store,Bluetooth speaker,Electronics,2,34900,21000,0,Completed
ORD-001567,2024-06-22,Central,Online,Phone case,Accessories,1,9900,3500,0,Completed
ORD-001568,2024-06-22,Central,Online,Travel bag,Accessories,1,39900,23000,0,Completed
ORD-001569,2024-06-22,South,Store,Wireless headphones,Electronics,4,49900,29000,0,Completed
ORD-001570,2024-06-22,South,Online,Desk lamp,Home,4,24900,12500,0,Completed
ORD-001571,2024-06-22,South,Store,Wireless headphones,Electronics,2,49900,29000,0,Completed
ORD-001572,2024-06-22,Central,Online,Laptop stand,Office,3,29900,16000,0,Completed
ORD-001573,2024-06-22,Central,Online,Travel bag,Accessories,3,39900,23000,0,Completed
ORD-001574,2024-06-22,Central,Online,Storage set,Home,3,17900,9500,10,Completed
ORD-001575,2024-06-22,West,Store,Phone case,Accessories,2,9900,3500,0,Completed
ORD-001576,2024-06-23,Central,Online,Desk lamp,Home,1,24900,12500,10,Completed
ORD-001577,2024-06-23,North,Online,Wireless headphones,Electronics,1,49900,29000,0,Completed
ORD-001578,2024-06-23,South,Store,Wireless headphones,Electronics,1,49900,29000,0,Completed
ORD-001579,2024-06-23,North,Online,Bluetooth speaker,Electronics,3,34900,21000,15,Completed
ORD-001580,2024-06-23,West,Store,Desk lamp,Home,1,24900,12500,0,Completed
ORD-001581,2024-06-23, Central ,Online,Phone case,Accessories,3,9900,3500,10,Completed
ORD-001582,2024-06-23,North,Online,Phone case,Accessories,3,9900,3500,15,Completed
ORD-001583,2024-06-23,North,Store,Phone case,Accessories,1,9900,3500,0,Completed
ORD-001584,2024-06-23,South,Online,Storage set,Home,4,17900,9500,0,Completed
ORD-001585,2024-06-24,Central,Online,Notebook pack,Office,4,8900,4000,10,Cancelled
ORD-001586,2024-06-24,West,Store,Phone case,Accessories,2,9900,3500,0,Completed
ORD-001587,2024-06-24,Central,Online,Notebook pack,Office,3,8900,4000,0,Completed
ORD-001588,2024-06-24,West,Online,Notebook pack,Office,4,8900,4000,0,Completed
ORD-001589,2024-06-24,Central,Store,Notebook pack,Office,4,8900,4000,20,Completed
ORD-001590,2024-06-24,Central,Online,Desk lamp,Home,2,24900,12500,0,Completed
ORD-001591,2024-06-24,North,Online,Laptop stand,Office,3,29900,16000,15,Completed
ORD-001592,2024-06-24,Central,Online,Phone case,Accessories,1,9900,3500,0,Completed
ORD-001593,2024-06-24,West,Online,Laptop stand,Office,2,29900,16000,20,Completed
ORD-001594,2024-06-24,West,Online,Desk lamp,Home,1,24900,12500,0,Completed
ORD-001595,2024-06-24,Central,Store,Notebook pack,Office,4,8900,4000,0,Cancelled
ORD-001596,2024-06-25,West,Online,Laptop stand,Office,2,29900,16000,0,Completed
ORD-001597,2024-06-25,West,Online,Notebook pack,Office,2,8900,4000,0,Completed
ORD-001598,2024-06-25,Central,Online,Storage set,Home,4,17900,9500,0,Completed
ORD-001599,2024-06-25,North,Online,Travel bag,Accessories,3,39900,23000,0,Completed
ORD-001600,2024-06-25,Central,Online,Notebook pack,Office,4,8900,4000,20,Completed
ORD-001601,2024-06-25,West,Online,Wireless headphones,Electronics,2,49900,29000,10,Completed
ORD-001602,2024-06-26,North,Online,Notebook pack,Office,3,8900,4000,0,Completed
ORD-001603,2024-06-26,Central,Online,Desk lamp,Home,4,24900,12500,15,Completed
ORD-001604,2024-06-26,West,Store,Laptop stand,Office,3,29900,16000,0,Completed
ORD-001605,2024-06-26,South,Store,Phone case,Accessories,1,9900,3500,10,Completed
ORD-001606,2024-06-26,South,Online,Wireless headphones,Electronics,4,49900,29000,0,Completed
ORD-001607,2024-06-26,Central,Online,Desk lamp,Home,1,24900,12500,15,Completed
ORD-001608,2024-06-26,North,Online,Storage set,Home,1,17900,9500,0,Completed
ORD-001609,2024-06-26,Central,Store,Bluetooth speaker,Electronics,4,34900,21000,0,Returned
ORD-001610,2024-06-27,Central,Online,Travel bag,Accessories,2,39900,23000,15,Completed
ORD-001611,2024-06-27,West,Store,Phone case,Accessories,4,9900,3500,0,Completed
ORD-001612,2024-06-27,West,Store,Desk lamp,Home,2,24900,12500,0,Completed
ORD-001613,2024-06-27,Central,Online,Storage set,Home,1,17900,9500,20,Completed
ORD-001614,2024-06-27,Central,Store,Laptop stand,Office,1,29900,16000,0,Completed
ORD-001615,2024-06-27,North,Online,Desk lamp,Home,4,24900,12500,0,Completed
ORD-001616,2024-06-27,North,Store,Phone case,Accessories,2,9900,3500,0,Completed
ORD-001617,2024-06-27,North,Online,Laptop stand,Office,2,29900,16000,0,Completed
ORD-001618,2024-06-27,Central,Online,Travel bag,Accessories,2,39900,23000,0,Completed
ORD-001619,2024-06-28,South,Store,Phone case,Accessories,3,9900,3500,10,Completed
ORD-001620,2024-06-28,North,Store,Travel bag,Accessories,4,39900,23000,0,Completed
ORD-001621,2024-06-28,South,Store,Desk lamp,Home,3,24900,12500,0,Completed
ORD-001622,2024-06-28,South,Store,Notebook pack,Office,1,8900,4000,0,Completed
ORD-001623,2024-06-28,Central,Store,Desk lamp,Home,4,24900,12500,20,Completed
ORD-001624,2024-06-28,West,Store,Storage set,Home,2,17900,9500,0,Completed
ORD-001625,2024-06-28,West,Online,Travel bag,Accessories,1,39900,23000,0,Completed
ORD-001626,2024-06-28,West,Online,Wireless headphones,Electronics,3,49900,29000,10,Completed
ORD-001627,2024-06-28,Central,Store,Desk lamp,Home,4,24900,12500,0,Completed
ORD-001628,2024-06-28,Central,Online,Storage set,Home,3,17900,9500,0,Completed
ORD-001629,2024-06-29,North,Online,Storage set,Home,1,17900,9500,0,Completed
ORD-001630,2024-06-29,Central,Online,Wireless headphones,Electronics,1,49900,29000,0,Completed
ORD-001631,2024-06-29,Central,Online,Phone case,Accessories,4,9900,3500,0,Completed
ORD-001632,2024-06-29,West,Online,Desk lamp,Home,4,24900,12500,15,Completed
ORD-001633,2024-06-29,West,Online,Desk lamp,Home,1,24900,12500,0,Completed
ORD-001634,2024-06-29,North,Store,Notebook pack,Office,3,8900,4000,20,Completed
ORD-001635,2024-06-29,North,Store,Notebook pack,Office,3,8900,4000,0,Completed
ORD-001636,2024-06-29,Central,Online,Laptop stand,Office,1,29900,16000,0,Returned
ORD-001637,2024-06-29,South,Online,Laptop stand,Office,4,29900,16000,0,Completed
ORD-001638,2024-06-29,North,Online,Wireless headphones,Electronics,3,49900,29000,20,Completed
ORD-001639,2024-06-29,Central,Online,Wireless headphones,Electronics,1,49900,29000,0,Completed
ORD-001640,2024-06-29,South,Store,Travel bag,Accessories,1,39900,23000,15,Completed
ORD-001641,2024-06-29,Central,Online,Desk lamp,Home,1,24900,12500,0,Completed
ORD-001642,2024-06-30,Central,Store,Travel bag,Accessories,2,39900,23000,0,Completed
ORD-001643,2024-06-30,Central,Store,Storage set,Home,1,17900,9500,0,Completed
ORD-001644,2024-06-30,South,Online,Travel bag,Accessories,4,39900,23000,0,Completed
ORD-001645,2024-06-30,West,Store,Bluetooth speaker,Electronics,3,34900,21000,0,Completed
ORD-001646,2024-06-30,Central,Online,Wireless headphones,Electronics,1,49900,29000,0,Completed
ORD-001647,2024-06-30,West,Online,Wireless headphones,Electronics,2,49900,29000,15,Completed
ORD-001648,2024-06-30,Central,Online,Desk lamp,Home,3,24900,12500,0,Completed
ORD-001649,2024-06-30,West,Online,Storage set,Home,4,17900,9500,0,Completed
ORD-001650,2024-06-30,North,Store,Bluetooth speaker,Electronics,2,34900,21000,0,Completed
ORD-001651,2024-06-30,West,Store,Notebook pack,Office,4,8900,4000,10,Returned
ORD-001652,2024-06-30,West,Online,Laptop stand,Office,3,29900,16000,0,Completed
ORD-001653,2024-06-30,North,Store,Bluetooth speaker,Electronics,4,34900,21000,0,Completed
ORD-001654,2024-07-01,Central,Online,Storage set,Home,1,17900,9500,0,Completed
ORD-001655,2024-07-01,North,Online,Desk lamp,Home,4,24900,12500,10,Completed
ORD-001656,2024-07-01,North,Store,Bluetooth speaker,Electronics,3,34900,21000,0,Completed
ORD-001657,2024-07-01,North,Store,Bluetooth speaker,Electronics,4,34900,21000,0,Completed
ORD-001658,2024-07-01,Central,Online,Travel bag,Accessories,4,39900,23000,0,Completed
ORD-001659,2024-07-01,South,Online,Wireless headphones,Electronics,3,49900,29000,20,Returned
ORD-001660,2024-07-01, West ,Store,Notebook pack,Office,2,8900,4000,10,Completed
ORD-001661,2024-07-02,West,Store,Travel bag,Accessories,1,39900,23000,15,Completed
ORD-001662,2024-07-02,West,Store,Laptop stand,Office,4,29900,16000,0,Completed
ORD-001663,2024-07-02,North,Online,Laptop stand,Office,2,29900,16000,0,Completed
ORD-001664,2024-07-02,North,Online,Laptop stand,Office,3,29900,16000,0,Completed
ORD-001665,2024-07-02,Central,Store,Laptop stand,Office,1,29900,16000,0,Completed
ORD-001666,2024-07-02,West,Store,Notebook pack,Office,4,8900,4000,0,Completed
ORD-001667,2024-07-02,North,Online,Phone case,Accessories,2,9900,3500,0,Completed
ORD-001668,2024-07-02,Central,Store,Bluetooth speaker,Electronics,3,34900,21000,20,Completed
ORD-001669,2024-07-02,West,Online,Laptop stand,Office,4,29900,16000,0,Completed
ORD-001670,2024-07-02,West,Store,Desk lamp,Home,2,24900,12500,0,Completed
ORD-001671,2024-07-02,South,Online,Phone case,Accessories,2,9900,3500,0,Completed
ORD-001672,2024-07-03,North,Store,Laptop stand,Office,3,29900,16000,0,Completed
ORD-001673,2024-07-03,Central,Online,Storage set,Home,4,17900,9500,0,Completed
ORD-001674,2024-07-03,Central,Online,Storage set,Home,4,17900,9500,0,Completed
ORD-001675,2024-07-03,North,Online,Laptop stand,Office,3,29900,16000,0,Completed
ORD-001676,2024-07-03,Central,Store,Notebook pack,Office,1,8900,4000,0,Completed
ORD-001677,2024-07-03,West,Online,Desk lamp,Home,2,24900,12500,15,Completed
ORD-001678,2024-07-03,West,Online,Notebook pack,Office,1,8900,4000,10,Completed
ORD-001679,2024-07-03,West,Store,Bluetooth speaker,Electronics,2,34900,21000,0,Cancelled
ORD-001680,2024-07-03,Central,Online,Travel bag,Accessories,1,39900,23000,10,Completed
ORD-001681,2024-07-04,Central,Store,Notebook pack,Office,3,8900,4000,20,Completed
ORD-001682,2024-07-04,Central,Online,Notebook pack,Office,1,8900,4000,10,Completed
ORD-001683,2024-07-04,Central,Online,Travel bag,Accessories,1,39900,23000,20,Completed
ORD-001684,2024-07-04,Central,Online,Storage set,Home,2,17900,9500,20,Completed
ORD-001685,2024-07-04,South,Store,Travel bag,Accessories,3,39900,23000,10,Completed
ORD-001686,2024-07-04,North,Online,Bluetooth speaker,Electronics,2,34900,21000,0,Completed
ORD-001687,2024-07-04,West,Store,Storage set,Home,1,17900,9500,0,Completed
ORD-001688,2024-07-04,West,Online,Phone case,Accessories,1,9900,3500,15,Completed
ORD-001689,2024-07-04,West,Online,Desk lamp,Home,4,24900,12500,20,Completed
ORD-001690,2024-07-04,South,Online,Travel bag,Accessories,3,39900,23000,0,Completed
ORD-001691,2024-07-04,South,Store,Notebook pack,Office,1,8900,4000,0,Returned
ORD-001692,2024-07-04,West,Store,Phone case,Accessories,4,9900,3500,0,Completed
ORD-001693,2024-07-05,South,Online,Desk lamp,Home,1,24900,12500,0,Completed
ORD-001694,2024-07-05,South,Online,Notebook pack,Office,3,8900,4000,0,Completed
ORD-001695,2024-07-05,West,Online,Laptop stand,Office,3,29900,16000,0,Completed
ORD-001696,2024-07-05,Central,Online,Travel bag,Accessories,2,39900,23000,20,Completed
ORD-001697,2024-07-05,Central,Online,Storage set,Home,3,17900,9500,0,Completed
ORD-001698,2024-07-05,Central,Online,Bluetooth speaker,Electronics,2,34900,21000,15,Completed
ORD-001699,2024-07-05,West,Store,Laptop stand,Office,2,29900,16000,10,Completed
ORD-001700,2024-07-06,North,Store,Desk lamp,Home,2,24900,12500,0,Completed
ORD-001701,2024-07-06,Central,Online,Wireless headphones,Electronics,4,49900,29000,10,Completed
ORD-001702,2024-07-06,Central,Online,Phone case,Accessories,1,9900,3500,0,Completed
ORD-001703,2024-07-06,North,Online,Laptop stand,Office,3,29900,16000,10,Completed
ORD-001704,2024-07-06,West,Store,Notebook pack,Office,2,8900,4000,10,Completed
ORD-001705,2024-07-06,Central,Store,Notebook pack,Office,1,8900,4000,10,Completed
ORD-001706,2024-07-06,Central,Store,Wireless headphones,Electronics,3,49900,29000,0,Completed
ORD-001707,2024-07-06,West,Store,Wireless headphones,Electronics,2,49900,29000,0,Completed
ORD-001708,2024-07-06,South,Online,Storage set,Home,2,17900,9500,0,Completed
ORD-001709,2024-07-06,Central,Online,Phone case,Accessories,1,9900,3500,20,Completed
ORD-001710,2024-07-07,Central,Online,Wireless headphones,Electronics,2,49900,29000,10,Completed
ORD-001711,2024-07-07,South,Store,Laptop stand,Office,2,29900,16000,10,Completed
ORD-001712,2024-07-07,West,Store,Desk lamp,Home,3,24900,12500,10,Completed
ORD-001713,2024-07-07,South,Online,Travel bag,Accessories,3,39900,23000,0,Completed
ORD-001714,2024-07-07,Central,Online,Laptop stand,Office,2,29900,16000,10,Completed
ORD-001715,2024-07-07,West,Store,Phone case,Accessories,3,9900,3500,10,Completed
ORD-001716,2024-07-07,West,Store,Phone case,Accessories,4,9900,3500,10,Completed
ORD-001717,2024-07-07,Central,Store,Laptop stand,Office,4,29900,16000,0,Completed
ORD-001718,2024-07-07,South,Online,Laptop stand,Office,4,29900,16000,0,Completed
ORD-001719,2024-07-07,Central,Store,Wireless headphones,Electronics,3,49900,29000,10,Completed
ORD-001720,2024-07-08,Central,Store,Travel bag,Accessories,2,39900,23000,10,Completed
ORD-001721,2024-07-08,North,Online,Notebook pack,Office,1,8900,4000,15,Completed
ORD-001722,2024-07-08,West,Store,Notebook pack,Office,1,8900,4000,10,Completed
ORD-001723,2024-07-08,Central,Store,Notebook pack,Office,4,8900,4000,15,Completed
ORD-001724,2024-07-08,West,Online,Desk lamp,Home,2,24900,12500,0,Completed
ORD-001725,2024-07-08,North,Online,Wireless headphones,Electronics,1,49900,29000,0,Completed
ORD-001726,2024-07-08,North,Online,Wireless headphones,Electronics,2,49900,29000,10,Completed
ORD-001727,2024-07-08,Central,Online,Wireless headphones,Electronics,4,49900,29000,10,Completed
ORD-001728,2024-07-08,West,Online,Laptop stand,Office,4,29900,16000,0,Completed
ORD-001729,2024-07-08,North,Online,Desk lamp,Home,4,24900,12500,0,Completed
ORD-001730,2024-07-08,West,Online,Laptop stand,Office,1,29900,16000,0,Completed
ORD-001731,2024-07-08,Central,Store,Bluetooth speaker,Electronics,4,34900,21000,0,Completed
ORD-001732,2024-07-09,South,Online,Travel bag,Accessories,2,39900,23000,0,Cancelled
ORD-001733,2024-07-09,West,Store,Travel bag,Accessories,1,39900,23000,0,Completed
ORD-001734,2024-07-09,Central,Online,Wireless headphones,Electronics,3,49900,29000,0,Completed
ORD-001735,2024-07-09,Central,Store,Laptop stand,Office,1,29900,16000,0,Completed
ORD-001736,2024-07-09,South,Online,Phone case,Accessories,4,9900,3500,10,Completed
ORD-001737,2024-07-09,North,Online,Storage set,Home,4,17900,9500,0,Completed
ORD-001738,2024-07-09,North,Store,Desk lamp,Home,4,24900,12500,15,Completed
ORD-001739,2024-07-09, West ,Store,Storage set,Home,4,17900,9500,0,Completed
ORD-001740,2024-07-10,South,Online,Phone case,Accessories,1,9900,3500,20,Completed
ORD-001741,2024-07-10,Central,Store,Bluetooth speaker,Electronics,2,34900,21000,0,Completed
ORD-001742,2024-07-10,Central,Store,Storage set,Home,1,17900,9500,15,Completed
ORD-001743,2024-07-10,North,Store,Phone case,Accessories,4,9900,3500,0,Completed
ORD-001744,2024-07-10,West,Store,Travel bag,Accessories,3,39900,23000,0,Completed
ORD-001745,2024-07-10,South,Online,Notebook pack,Office,3,8900,4000,0,Completed
ORD-001746,2024-07-10,Central,Online,Notebook pack,Office,4,8900,4000,0,Completed
ORD-001747,2024-07-10,North,Store,Desk lamp,Home,4,24900,12500,0,Completed
ORD-001748,2024-07-10,Central,Store,Desk lamp,Home,1,24900,12500,0,Completed
ORD-001749,2024-07-10,Central,Online,Bluetooth speaker,Electronics,1,34900,21000,10,Completed
ORD-001750,2024-07-11,South,Store,Notebook pack,Office,3,8900,4000,10,Returned
ORD-001751,2024-07-11,Central,Store,Laptop stand,Office,4,29900,16000,0,Completed
ORD-001752,2024-07-11,West,Online,Travel bag,Accessories,2,39900,23000,0,Completed
ORD-001753,2024-07-11,Central,Online,Storage set,Home,1,17900,9500,0,Completed
ORD-001754,2024-07-11,Central,Store,Travel bag,Accessories,3,39900,23000,20,Completed
ORD-001755,2024-07-11,Central,Online,Phone case,Accessories,2,9900,3500,20,Completed
ORD-001756,2024-07-12,North,Store,Desk lamp,Home,3,24900,12500,0,Cancelled
ORD-001757,2024-07-12,Central,Online,Desk lamp,Home,4,24900,12500,0,Completed
ORD-001758,2024-07-12,Central,Online,Bluetooth speaker,Electronics,4,34900,21000,10,Completed
ORD-001759,2024-07-12,Central,Store,Notebook pack,Office,2,8900,4000,20,Returned
ORD-001760,2024-07-12,South,Store,Laptop stand,Office,4,29900,16000,0,Completed
ORD-001761,2024-07-12,South,Online,Bluetooth speaker,Electronics,3,34900,21000,0,Completed
ORD-001762,2024-07-12,West,Online,Phone case,Accessories,4,9900,3500,0,Completed
ORD-001763,2024-07-13,Central,Store,Travel bag,Accessories,1,39900,23000,0,Completed
ORD-001764,2024-07-13,North,Online,Storage set,Home,1,17900,9500,20,Returned
ORD-001765,2024-07-13,South,Online,Wireless headphones,Electronics,3,49900,29000,10,Completed
ORD-001766,2024-07-13,Central,Online,Laptop stand,Office,1,29900,16000,15,Returned
ORD-001767,2024-07-13,Central,Online,Phone case,Accessories,1,9900,3500,0,Completed
ORD-001768,2024-07-13,South,Online,Desk lamp,Home,2,24900,12500,0,Completed
ORD-001769,2024-07-13,North,Store,Bluetooth speaker,Electronics,1,34900,21000,0,Completed
ORD-001770,2024-07-13,West,Online,Laptop stand,Office,1,29900,16000,0,Completed
ORD-001771,2024-07-13,West,Online,Notebook pack,Office,3,8900,4000,0,Returned
ORD-001772,2024-07-13,Central,Store,Travel bag,Accessories,1,39900,23000,0,Completed
ORD-001773,2024-07-14,North,Online,Laptop stand,Office,3,29900,16000,10,Completed
ORD-001774,2024-07-14,North,Store,Travel bag,Accessories,1,39900,23000,0,Completed
ORD-001775,2024-07-14,Central,Online,Bluetooth speaker,Electronics,1,34900,21000,0,Completed
ORD-001776,2024-07-14,West,Online,Bluetooth speaker,Electronics,1,34900,21000,0,Completed
ORD-001777,2024-07-14,West,Store,Wireless headphones,Electronics,2,49900,29000,10,Completed
ORD-001778,2024-07-14,Central,Store,Storage set,Home,2,17900,9500,10,Completed
ORD-001779,2024-07-14,North,Store,Laptop stand,Office,2,29900,16000,0,Completed
ORD-001780,2024-07-14,Central,Online,Travel bag,Accessories,2,39900,23000,0,Completed
ORD-001781,2024-07-14,Central,Online,Phone case,Accessories,3,9900,3500,0,Completed
ORD-001782,2024-07-15,North,Store,Desk lamp,Home,4,24900,12500,0,Completed
ORD-001783,2024-07-15,Central,Store,Travel bag,Accessories,3,39900,23000,0,Completed
ORD-001784,2024-07-15,North,Store,Laptop stand,Office,3,29900,16000,0,Completed
ORD-001785,2024-07-15,Central,Store,Bluetooth speaker,Electronics,4,34900,21000,0,Completed
ORD-001786,2024-07-15,South,Store,Notebook pack,Office,1,8900,4000,0,Completed
ORD-001787,2024-07-15,West,Online,Notebook pack,Office,4,8900,4000,0,Completed
ORD-001788,2024-07-15,Central,Online,Bluetooth speaker,Electronics,2,34900,21000,0,Completed
ORD-001789,2024-07-15,Central,Store,Wireless headphones,Electronics,4,49900,29000,10,Completed
ORD-001790,2024-07-15,Central,Online,Storage set,Home,3,17900,9500,0,Completed
ORD-001791,2024-07-15,West,Store,Wireless headphones,Electronics,1,49900,29000,0,Completed
ORD-001792,2024-07-15,South,Online,Travel bag,Accessories,2,39900,23000,20,Completed
ORD-001793,2024-07-15,West,Online,Storage set,Home,2,17900,9500,0,Completed
ORD-001794,2024-07-16,Central,Store,Bluetooth speaker,Electronics,3,34900,21000,0,Completed
ORD-001795,2024-07-16,South,Online,Wireless headphones,Electronics,2,49900,29000,0,Completed
ORD-001796,2024-07-16,West,Online,Storage set,Home,2,17900,9500,0,Completed
ORD-001797,2024-07-16,North,Online,Notebook pack,Office,1,8900,4000,0,Completed
ORD-001798,2024-07-16,West,Store,Storage set,Home,4,17900,9500,10,Completed
ORD-001799,2024-07-17,North,Store,Travel bag,Accessories,2,39900,23000,0,Completed
ORD-001800,2024-07-17,West,Store,Laptop stand,Office,4,29900,16000,0,Completed
ORD-001801,2024-07-17,Central,Store,Notebook pack,Office,1,8900,4000,0,Completed
ORD-001802,2024-07-17,Central,Online,Storage set,Home,1,17900,9500,10,Completed
ORD-001803,2024-07-17,South,Online,Bluetooth speaker,Electronics,2,34900,21000,0,Completed
ORD-001804,2024-07-17,Central,Store,Bluetooth speaker,Electronics,4,34900,21000,0,Completed
ORD-001805,2024-07-18,Central,Store,Wireless headphones,Electronics,2,49900,29000,0,Completed
ORD-001806,2024-07-18,Central,Online,Bluetooth speaker,Electronics,1,34900,21000,10,Completed
ORD-001807,2024-07-18,North,Online,Wireless headphones,Electronics,4,49900,29000,10,Completed
ORD-001808,2024-07-18,Central,Online,Travel bag,Accessories,4,39900,23000,0,Completed
ORD-001809,2024-07-18,Central,Store,Phone case,Accessories,3,9900,3500,15,Cancelled
ORD-001810,2024-07-18,West,Store,Bluetooth speaker,Electronics,4,34900,21000,15,Completed
ORD-001811,2024-07-18,Central,Store,Wireless headphones,Electronics,3,49900,29000,0,Completed
ORD-001812,2024-07-18,Central,Online,Phone case,Accessories,1,9900,3500,0,Completed
ORD-001813,2024-07-18,North,Online,Notebook pack,Office,3,8900,4000,0,Completed
ORD-001814,2024-07-18,West,Online,Laptop stand,Office,3,29900,16000,0,Completed
ORD-001815,2024-07-18,Central,Online,Wireless headphones,Electronics,1,49900,29000,0,Completed
ORD-001816,2024-07-18,Central,Online,Wireless headphones,Electronics,2,49900,29000,0,Completed
ORD-001817,2024-07-19,Central,Online,Phone case,Accessories,4,9900,3500,10,Completed
ORD-001818,2024-07-19, North ,Online,Phone case,Accessories,1,9900,3500,0,Cancelled
ORD-001819,2024-07-19,Central,Store,Bluetooth speaker,Electronics,1,34900,21000,0,Completed
ORD-001820,2024-07-19,Central,Online,Laptop stand,Office,3,29900,16000,10,Completed
ORD-001821,2024-07-19,West,Online,Bluetooth speaker,Electronics,1,34900,21000,10,Completed
ORD-001822,2024-07-19,South,Online,Laptop stand,Office,2,29900,16000,10,Completed
ORD-001823,2024-07-19,Central,Store,Phone case,Accessories,3,9900,3500,10,Completed
ORD-001824,2024-07-20,South,Store,Wireless headphones,Electronics,3,49900,29000,0,Completed
ORD-001825,2024-07-20,West,Store,Wireless headphones,Electronics,3,49900,29000,0,Completed
ORD-001826,2024-07-20,North,Online,Notebook pack,Office,3,8900,4000,0,Completed
ORD-001827,2024-07-20,South,Store,Phone case,Accessories,3,9900,3500,0,Completed
ORD-001828,2024-07-20,Central,Online,Wireless headphones,Electronics,4,49900,29000,0,Completed
ORD-001829,2024-07-20,Central,Store,Phone case,Accessories,4,9900,3500,0,Completed
ORD-001830,2024-07-20,South,Online,Bluetooth speaker,Electronics,3,34900,21000,0,Completed
ORD-001831,2024-07-20,Central,Store,Notebook pack,Office,4,8900,4000,10,Completed
ORD-001832,2024-07-20,South,Online,Desk lamp,Home,4,24900,12500,20,Completed
ORD-001833,2024-07-20,South,Online,Laptop stand,Office,2,29900,16000,0,Completed
ORD-001834,2024-07-20,South,Store,Travel bag,Accessories,1,39900,23000,0,Completed
ORD-001835,2024-07-21,North,Online,Laptop stand,Office,4,29900,16000,0,Completed
ORD-001836,2024-07-21,Central,Online,Storage set,Home,3,17900,9500,10,Completed
ORD-001837,2024-07-21,Central,Online,Notebook pack,Office,2,8900,4000,15,Completed
ORD-001838,2024-07-21,Central,Store,Phone case,Accessories,2,9900,3500,20,Completed
ORD-001839,2024-07-21,North,Store,Laptop stand,Office,4,29900,16000,10,Completed
ORD-001840,2024-07-21,Central,Store,Bluetooth speaker,Electronics,4,34900,21000,0,Completed
ORD-001841,2024-07-21,North,Store,Storage set,Home,1,17900,9500,0,Completed
ORD-001842,2024-07-21,Central,Online,Wireless headphones,Electronics,4,49900,29000,10,Returned
ORD-001843,2024-07-22,South,Store,Travel bag,Accessories,2,39900,23000,0,Completed
ORD-001844,2024-07-22,North,Store,Storage set,Home,2,17900,9500,0,Completed
ORD-001845,2024-07-22,Central,Online,Wireless headphones,Electronics,2,49900,29000,10,Completed
ORD-001846,2024-07-22,West,Store,Storage set,Home,1,17900,9500,15,Completed
ORD-001847,2024-07-22,Central,Store,Desk lamp,Home,1,24900,12500,0,Completed
ORD-001848,2024-07-23,West,Online,Phone case,Accessories,4,9900,3500,20,Completed
ORD-001849,2024-07-23,South,Store,Bluetooth speaker,Electronics,1,34900,21000,0,Completed
ORD-001850,2024-07-23,Central,Online,Wireless headphones,Electronics,1,49900,29000,0,Completed
ORD-001851,2024-07-23,Central,Online,Phone case,Accessories,2,9900,3500,15,Completed
ORD-001852,2024-07-23,South,Online,Bluetooth speaker,Electronics,3,34900,21000,0,Completed
ORD-001853,2024-07-23,Central,Online,Phone case,Accessories,1,9900,3500,0,Completed
ORD-001854,2024-07-23,West,Online,Storage set,Home,4,17900,9500,0,Completed
ORD-001855,2024-07-23,South,Online,Laptop stand,Office,2,29900,16000,0,Completed
ORD-001856,2024-07-23,West,Online,Storage set,Home,3,17900,9500,0,Completed
ORD-001857,2024-07-23,Central,Online,Laptop stand,Office,3,29900,16000,0,Completed
ORD-001858,2024-07-23,North,Online,Desk lamp,Home,4,24900,12500,0,Completed
ORD-001859,2024-07-24,North,Online,Laptop stand,Office,3,29900,16000,10,Completed
ORD-001860,2024-07-24,Central,Store,Travel bag,Accessories,3,39900,23000,10,Completed
ORD-001861,2024-07-24,Central,Online,Notebook pack,Office,4,8900,4000,10,Completed
ORD-001862,2024-07-24,North,Store,Phone case,Accessories,1,9900,3500,10,Completed
ORD-001863,2024-07-24,Central,Online,Storage set,Home,3,17900,9500,10,Completed
ORD-001864,2024-07-24,South,Online,Bluetooth speaker,Electronics,4,34900,21000,0,Completed
ORD-001865,2024-07-24,West,Store,Wireless headphones,Electronics,2,49900,29000,10,Completed
ORD-001866,2024-07-24,Central,Online,Wireless headphones,Electronics,3,49900,29000,0,Completed
ORD-001867,2024-07-25,Central,Online,Wireless headphones,Electronics,2,49900,29000,0,Completed
ORD-001868,2024-07-25,Central,Store,Storage set,Home,2,17900,9500,0,Completed
ORD-001869,2024-07-25,North,Online,Laptop stand,Office,1,29900,16000,20,Completed
ORD-001870,2024-07-25,North,Online,Laptop stand,Office,4,29900,16000,0,Completed
ORD-001871,2024-07-25,Central,Store,Wireless headphones,Electronics,2,49900,29000,0,Completed
ORD-001872,2024-07-25,Central,Online,Phone case,Accessories,2,9900,3500,0,Completed
ORD-001873,2024-07-26,West,Online,Travel bag,Accessories,4,39900,23000,10,Completed
ORD-001874,2024-07-26,West,Online,Phone case,Accessories,4,9900,3500,10,Completed
ORD-001875,2024-07-26,Central,Online,Desk lamp,Home,3,24900,12500,20,Completed
ORD-001876,2024-07-26,Central,Store,Storage set,Home,3,17900,9500,10,Completed
ORD-001877,2024-07-26,Central,Online,Desk lamp,Home,4,24900,12500,0,Completed
ORD-001878,2024-07-27,North,Store,Laptop stand,Office,3,29900,16000,10,Completed
ORD-001879,2024-07-27,Central,Online,Desk lamp,Home,2,24900,12500,0,Completed
ORD-001880,2024-07-27,West,Online,Notebook pack,Office,3,8900,4000,20,Completed
ORD-001881,2024-07-27,Central,Online,Desk lamp,Home,4,24900,12500,10,Completed
ORD-001882,2024-07-27,Central,Online,Desk lamp,Home,4,24900,12500,10,Completed
ORD-001883,2024-07-27,Central,Online,Laptop stand,Office,3,29900,16000,0,Completed
ORD-001884,2024-07-27,West,Online,Notebook pack,Office,3,8900,4000,0,Completed
ORD-001885,2024-07-27,North,Store,Travel bag,Accessories,1,39900,23000,20,Completed
ORD-001886,2024-07-27,West,Store,Desk lamp,Home,1,24900,12500,15,Completed
ORD-001887,2024-07-27,Central,Online,Laptop stand,Office,3,29900,16000,0,Completed
ORD-001888,2024-07-27,West,Store,Storage set,Home,4,17900,9500,15,Completed
ORD-001889,2024-07-27,North,Store,Storage set,Home,4,17900,9500,20,Returned
ORD-001890,2024-07-27,South,Store,Travel bag,Accessories,4,39900,23000,0,Cancelled
ORD-001891,2024-07-28,North,Store,Wireless headphones,Electronics,3,49900,29000,0,Completed
ORD-001892,2024-07-28,North,Online,Laptop stand,Office,1,29900,16000,0,Completed
ORD-001893,2024-07-28,West,Store,Travel bag,Accessories,3,39900,23000,0,Completed
ORD-001894,2024-07-28,Central,Online,Phone case,Accessories,3,9900,3500,0,Completed
ORD-001895,2024-07-28,North,Store,Wireless headphones,Electronics,3,49900,29000,20,Completed
ORD-001896,2024-07-28,West,Online,Phone case,Accessories,3,9900,3500,0,Completed
ORD-001897,2024-07-28, Central ,Store,Notebook pack,Office,3,8900,4000,0,Completed
ORD-001898,2024-07-28,North,Store,Wireless headphones,Electronics,4,49900,29000,0,Completed
ORD-001899,2024-07-28,West,Online,Wireless headphones,Electronics,3,49900,29000,0,Completed
ORD-001900,2024-07-28,West,Store,Wireless headphones,Electronics,3,49900,29000,10,Completed
ORD-001901,2024-07-28,South,Store,Notebook pack,Office,1,8900,4000,20,Completed
ORD-001902,2024-07-28,West,Store,Desk lamp,Home,1,24900,12500,0,Completed
ORD-001903,2024-07-28,West,Store,Storage set,Home,4,17900,9500,15,Completed
ORD-001904,2024-07-29,North,Store,Notebook pack,Office,3,8900,4000,0,Completed
ORD-001905,2024-07-29,West,Online,Travel bag,Accessories,3,39900,23000,0,Completed
ORD-001906,2024-07-29,North,Online,Wireless headphones,Electronics,2,49900,29000,0,Completed
ORD-001907,2024-07-29,Central,Store,Notebook pack,Office,2,8900,4000,10,Completed
ORD-001908,2024-07-29,West,Store,Notebook pack,Office,2,8900,4000,0,Completed
ORD-001909,2024-07-29,North,Online,Laptop stand,Office,1,29900,16000,10,Completed
ORD-001910,2024-07-29,Central,Online,Bluetooth speaker,Electronics,2,34900,21000,10,Completed
ORD-001911,2024-07-30,West,Online,Travel bag,Accessories,2,39900,23000,10,Completed
ORD-001912,2024-07-30,North,Store,Phone case,Accessories,1,9900,3500,0,Completed
ORD-001913,2024-07-30,Central,Online,Storage set,Home,4,17900,9500,0,Completed
ORD-001914,2024-07-30,North,Online,Bluetooth speaker,Electronics,1,34900,21000,0,Completed
ORD-001915,2024-07-30,West,Online,Phone case,Accessories,3,9900,3500,0,Completed
ORD-001916,2024-07-30,West,Online,Bluetooth speaker,Electronics,3,34900,21000,0,Returned
ORD-001917,2024-07-30,North,Store,Wireless headphones,Electronics,4,49900,29000,20,Completed
ORD-001918,2024-07-31,West,Online,Laptop stand,Office,3,29900,16000,0,Completed
ORD-001919,2024-07-31,West,Online,Travel bag,Accessories,3,39900,23000,10,Completed
ORD-001920,2024-07-31,North,Online,Wireless headphones,Electronics,1,49900,29000,0,Completed
ORD-001921,2024-07-31,West,Online,Phone case,Accessories,2,9900,3500,15,Completed
ORD-001922,2024-07-31,South,Store,Notebook pack,Office,4,8900,4000,0,Returned
ORD-001923,2024-07-31,West,Store,Desk lamp,Home,2,24900,12500,0,Returned
ORD-001924,2024-07-31,North,Online,Desk lamp,Home,4,24900,12500,10,Returned
ORD-001925,2024-07-31,South,Online,Laptop stand,Office,1,29900,16000,0,Completed
ORD-001926,2024-07-31,West,Online,Wireless headphones,Electronics,4,49900,29000,0,Completed
ORD-001927,2024-07-31,North,Online,Desk lamp,Home,2,24900,12500,0,Cancelled
ORD-001928,2024-08-01,Central,Online,Phone case,Accessories,4,9900,3500,0,Completed
ORD-001929,2024-08-01,Central,Online,Wireless headphones,Electronics,3,49900,29000,0,Completed
ORD-001930,2024-08-01,West,Store,Notebook pack,Office,1,8900,4000,0,Completed
ORD-001931,2024-08-01,North,Online,Storage set,Home,2,17900,9500,0,Completed
ORD-001932,2024-08-01,South,Online,Bluetooth speaker,Electronics,1,34900,21000,0,Completed
ORD-001933,2024-08-01,Central,Store,Laptop stand,Office,3,29900,16000,10,Completed
ORD-001934,2024-08-02,South,Online,Notebook pack,Office,1,8900,4000,10,Completed
ORD-001935,2024-08-02,West,Store,Wireless headphones,Electronics,1,49900,29000,0,Completed
ORD-001936,2024-08-02,North,Online,Storage set,Home,4,17900,9500,0,Completed
ORD-001937,2024-08-02,Central,Online,Travel bag,Accessories,3,39900,23000,0,Completed
ORD-001938,2024-08-02,South,Online,Laptop stand,Office,3,29900,16000,0,Completed
ORD-001939,2024-08-02,Central,Store,Laptop stand,Office,4,29900,16000,10,Completed
ORD-001940,2024-08-02,West,Online,Notebook pack,Office,3,8900,4000,0,Completed
ORD-001941,2024-08-02,North,Store,Desk lamp,Home,1,24900,12500,0,Completed
ORD-001942,2024-08-02,West,Online,Desk lamp,Home,4,24900,12500,0,Returned
ORD-001943,2024-08-02,Central,Store,Desk lamp,Home,2,24900,12500,0,Completed
ORD-001944,2024-08-02,Central,Store,Wireless headphones,Electronics,2,49900,29000,0,Completed
ORD-001945,2024-08-03,Central,Store,Notebook pack,Office,2,8900,4000,0,Completed
ORD-001946,2024-08-03,South,Store,Desk lamp,Home,2,24900,12500,15,Completed
ORD-001947,2024-08-03,Central,Store,Desk lamp,Home,4,24900,12500,15,Completed
ORD-001948,2024-08-03,Central,Store,Travel bag,Accessories,4,39900,23000,15,Completed
ORD-001949,2024-08-03,South,Online,Desk lamp,Home,1,24900,12500,0,Completed
ORD-001950,2024-08-03,Central,Store,Laptop stand,Office,1,29900,16000,0,Completed
ORD-001951,2024-08-03,Central,Online,Desk lamp,Home,2,24900,12500,0,Completed
ORD-001952,2024-08-04,South,Online,Travel bag,Accessories,3,39900,23000,0,Cancelled
ORD-001953,2024-08-04,North,Online,Laptop stand,Office,2,29900,16000,0,Completed
ORD-001954,2024-08-04,West,Online,Laptop stand,Office,1,29900,16000,0,Completed
ORD-001955,2024-08-04,Central,Online,Phone case,Accessories,1,9900,3500,0,Completed
ORD-001956,2024-08-04,North,Store,Desk lamp,Home,3,24900,12500,15,Returned
ORD-001957,2024-08-04,Central,Store,Wireless headphones,Electronics,1,49900,29000,10,Completed
ORD-001958,2024-08-04,West,Store,Desk lamp,Home,4,24900,12500,10,Completed
ORD-001959,2024-08-04,North,Store,Bluetooth speaker,Electronics,3,34900,21000,0,Completed
ORD-001960,2024-08-04,West,Store,Phone case,Accessories,4,9900,3500,0,Completed
ORD-001961,2024-08-04,West,Store,Laptop stand,Office,3,29900,16000,10,Completed
ORD-001962,2024-08-04,West,Online,Laptop stand,Office,1,29900,16000,10,Completed
ORD-001963,2024-08-04,Central,Online,Phone case,Accessories,3,9900,3500,0,Completed
ORD-001964,2024-08-04,South,Store,Phone case,Accessories,4,9900,3500,10,Completed
ORD-001965,2024-08-05,South,Online,Wireless headphones,Electronics,1,49900,29000,0,Completed
ORD-001966,2024-08-05,Central,Store,Storage set,Home,4,17900,9500,15,Completed
ORD-001967,2024-08-05,Central,Store,Wireless headphones,Electronics,4,49900,29000,0,Completed
ORD-001968,2024-08-05,West,Store,Travel bag,Accessories,4,39900,23000,10,Completed
ORD-001969,2024-08-05,North,Store,Desk lamp,Home,1,24900,12500,0,Completed
ORD-001970,2024-08-05,West,Store,Wireless headphones,Electronics,3,49900,29000,0,Completed
ORD-001971,2024-08-05,West,Online,Notebook pack,Office,4,8900,4000,10,Completed
ORD-001972,2024-08-05,West,Online,Laptop stand,Office,3,29900,16000,10,Completed
ORD-001973,2024-08-05,West,Store,Desk lamp,Home,3,24900,12500,0,Completed
ORD-001974,2024-08-05,Central,Online,Storage set,Home,1,17900,9500,10,Completed
ORD-001975,2024-08-05,South,Store,Phone case,Accessories,2,9900,3500,0,Completed
ORD-001976,2024-08-06, West ,Store,Notebook pack,Office,2,8900,4000,20,Completed
ORD-001977,2024-08-06,Central,Online,Bluetooth speaker,Electronics,3,34900,21000,10,Completed
ORD-001978,2024-08-06,South,Online,Travel bag,Accessories,1,39900,23000,0,Completed
ORD-001979,2024-08-06,West,Online,Travel bag,Accessories,3,39900,23000,0,Completed
ORD-001980,2024-08-06,North,Store,Travel bag,Accessories,3,39900,23000,10,Cancelled
ORD-001981,2024-08-06,West,Online,Notebook pack,Office,1,8900,4000,0,Completed
ORD-001982,2024-08-06,North,Online,Laptop stand,Office,2,29900,16000,0,Completed
ORD-001983,2024-08-06,North,Online,Storage set,Home,1,17900,9500,15,Completed
ORD-001984,2024-08-06,Central,Online,Phone case,Accessories,2,9900,3500,0,Completed
ORD-001985,2024-08-06,South,Store,Travel bag,Accessories,4,39900,23000,10,Completed
ORD-001986,2024-08-07,Central,Online,Laptop stand,Office,2,29900,16000,0,Completed
ORD-001987,2024-08-07,Central,Store,Desk lamp,Home,2,24900,12500,10,Completed
ORD-001988,2024-08-07,West,Store,Bluetooth speaker,Electronics,4,34900,21000,0,Completed
ORD-001989,2024-08-07,South,Store,Storage set,Home,2,17900,9500,0,Completed
ORD-001990,2024-08-07,Central,Online,Wireless headphones,Electronics,4,49900,29000,0,Cancelled
ORD-001991,2024-08-07,South,Online,Wireless headphones,Electronics,1,49900,29000,15,Completed
ORD-001992,2024-08-07,North,Online,Desk lamp,Home,3,24900,12500,0,Returned
ORD-001993,2024-08-07,South,Online,Wireless headphones,Electronics,2,49900,29000,20,Completed
ORD-001994,2024-08-07,Central,Store,Phone case,Accessories,3,9900,3500,0,Completed
ORD-001995,2024-08-07,North,Online,Travel bag,Accessories,3,39900,23000,15,Cancelled
ORD-001996,2024-08-08,South,Store,Notebook pack,Office,1,8900,4000,10,Completed
ORD-001997,2024-08-08,West,Online,Desk lamp,Home,2,24900,12500,15,Completed
ORD-001998,2024-08-08,West,Online,Phone case,Accessories,1,9900,3500,20,Completed
ORD-001999,2024-08-08,West,Online,Travel bag,Accessories,4,39900,23000,0,Completed
ORD-002000,2024-08-08,Central,Online,Bluetooth speaker,Electronics,4,34900,21000,15,Completed
ORD-002001,2024-08-09,Central,Online,Laptop stand,Office,1,29900,16000,0,Completed
ORD-002002,2024-08-09,North,Store,Laptop stand,Office,1,29900,16000,10,Completed
ORD-002003,2024-08-09,West,Online,Wireless headphones,Electronics,1,49900,29000,0,Completed
ORD-002004,2024-08-09,West,Store,Notebook pack,Office,2,8900,4000,10,Completed
ORD-002005,2024-08-09,West,Online,Storage set,Home,2,17900,9500,0,Completed
ORD-002006,2024-08-09,South,Store,Phone case,Accessories,2,9900,3500,0,Completed
ORD-002007,2024-08-09,North,Online,Phone case,Accessories,1,9900,3500,15,Completed
ORD-002008,2024-08-10,Central,Online,Bluetooth speaker,Electronics,2,34900,21000,20,Completed
ORD-002009,2024-08-10,West,Store,Desk lamp,Home,4,24900,12500,20,Completed
ORD-002010,2024-08-10,West,Store,Travel bag,Accessories,1,39900,23000,0,Completed
ORD-002011,2024-08-10,West,Online,Storage set,Home,4,17900,9500,0,Completed
ORD-002012,2024-08-10,West,Store,Phone case,Accessories,1,9900,3500,15,Completed
ORD-002013,2024-08-10,West,Online,Notebook pack,Office,4,8900,4000,10,Completed
ORD-002014,2024-08-10,Central,Online,Laptop stand,Office,2,29900,16000,0,Completed
ORD-002015,2024-08-10,Central,Online,Travel bag,Accessories,1,39900,23000,0,Completed
ORD-002016,2024-08-10,South,Online,Phone case,Accessories,3,9900,3500,10,Completed
ORD-002017,2024-08-10,Central,Online,Wireless headphones,Electronics,2,49900,29000,10,Completed
ORD-002018,2024-08-10,North,Online,Wireless headphones,Electronics,2,49900,29000,0,Completed
ORD-002019,2024-08-11,Central,Store,Desk lamp,Home,1,24900,12500,20,Completed
ORD-002020,2024-08-11,West,Store,Desk lamp,Home,1,24900,12500,10,Completed
ORD-002021,2024-08-11,North,Online,Wireless headphones,Electronics,1,49900,29000,20,Completed
ORD-002022,2024-08-11,South,Store,Storage set,Home,3,17900,9500,20,Cancelled
ORD-002023,2024-08-11,Central,Store,Storage set,Home,1,17900,9500,0,Completed
ORD-002024,2024-08-11,West,Online,Laptop stand,Office,3,29900,16000,0,Completed
ORD-002025,2024-08-11,Central,Online,Laptop stand,Office,4,29900,16000,0,Completed
ORD-002026,2024-08-11,West,Online,Storage set,Home,1,17900,9500,10,Completed
ORD-002027,2024-08-11,North,Store,Phone case,Accessories,1,9900,3500,10,Completed
ORD-002028,2024-08-11,North,Online,Phone case,Accessories,2,9900,3500,20,Completed
ORD-002029,2024-08-11,Central,Online,Travel bag,Accessories,3,39900,23000,0,Completed
ORD-002030,2024-08-11,West,Online,Storage set,Home,4,17900,9500,0,Completed
ORD-002031,2024-08-11,Central,Online,Wireless headphones,Electronics,2,49900,29000,0,Completed
ORD-002032,2024-08-12,Central,Store,Bluetooth speaker,Electronics,4,34900,21000,10,Completed
ORD-002033,2024-08-12,South,Online,Wireless headphones,Electronics,2,49900,29000,10,Completed
ORD-002034,2024-08-12,South,Store,Wireless headphones,Electronics,3,49900,29000,15,Completed
ORD-002035,2024-08-12,Central,Online,Desk lamp,Home,1,24900,12500,0,Completed
ORD-002036,2024-08-12,Central,Online,Laptop stand,Office,2,29900,16000,0,Completed
ORD-002037,2024-08-12,West,Online,Wireless headphones,Electronics,2,49900,29000,10,Completed
ORD-002038,2024-08-13,South,Online,Desk lamp,Home,1,24900,12500,10,Completed
ORD-002039,2024-08-13,South,Online,Wireless headphones,Electronics,3,49900,29000,0,Completed
ORD-002040,2024-08-13,South,Online,Bluetooth speaker,Electronics,1,34900,21000,0,Completed
ORD-002041,2024-08-13,West,Store,Bluetooth speaker,Electronics,1,34900,21000,0,Completed
ORD-002042,2024-08-13,West,Store,Phone case,Accessories,3,9900,3500,10,Completed
ORD-002043,2024-08-13,South,Store,Storage set,Home,3,17900,9500,20,Completed
ORD-002044,2024-08-13,West,Online,Phone case,Accessories,3,9900,3500,0,Completed
ORD-002045,2024-08-14,West,Store,Travel bag,Accessories,3,39900,23000,10,Completed
ORD-002046,2024-08-14,North,Online,Laptop stand,Office,2,29900,16000,20,Completed
ORD-002047,2024-08-14,Central,Online,Notebook pack,Office,4,8900,4000,0,Completed
ORD-002048,2024-08-14,Central,Online,Travel bag,Accessories,4,39900,23000,0,Completed
ORD-002049,2024-08-14,Central,Online,Storage set,Home,2,17900,9500,20,Completed
ORD-002050,2024-08-14,West,Online,Notebook pack,Office,4,8900,4000,0,Completed
ORD-002051,2024-08-14,North,Online,Travel bag,Accessories,4,39900,23000,0,Completed
ORD-002052,2024-08-15,Central,Online,Wireless headphones,Electronics,2,49900,29000,10,Returned
ORD-002053,2024-08-15,North,Online,Travel bag,Accessories,2,39900,23000,0,Completed
ORD-002054,2024-08-15,West,Store,Laptop stand,Office,2,29900,16000,10,Completed
ORD-002055,2024-08-15, North ,Online,Storage set,Home,2,17900,9500,15,Completed
ORD-002056,2024-08-15,Central,Store,Phone case,Accessories,1,9900,3500,10,Completed
ORD-002057,2024-08-15,North,Store,Bluetooth speaker,Electronics,1,34900,21000,0,Completed
ORD-002058,2024-08-15,Central,Online,Notebook pack,Office,2,8900,4000,0,Completed
ORD-002059,2024-08-15,South,Store,Notebook pack,Office,4,8900,4000,0,Completed
ORD-002060,2024-08-15,North,Online,Laptop stand,Office,2,29900,16000,0,Completed
ORD-002061,2024-08-15,North,Online,Travel bag,Accessories,4,39900,23000,10,Completed
ORD-002062,2024-08-15,West,Store,Storage set,Home,2,17900,9500,20,Completed
ORD-002063,2024-08-16,West,Online,Desk lamp,Home,4,24900,12500,0,Completed
ORD-002064,2024-08-16,West,Online,Notebook pack,Office,2,8900,4000,0,Completed
ORD-002065,2024-08-16,West,Online,Phone case,Accessories,3,9900,3500,20,Completed
ORD-002066,2024-08-16,North,Store,Bluetooth speaker,Electronics,4,34900,21000,20,Completed
ORD-002067,2024-08-16,West,Online,Storage set,Home,1,17900,9500,0,Cancelled
ORD-002068,2024-08-17,South,Online,Wireless headphones,Electronics,2,49900,29000,0,Completed
ORD-002069,2024-08-17,West,Store,Laptop stand,Office,1,29900,16000,0,Returned
ORD-002070,2024-08-17,South,Store,Wireless headphones,Electronics,3,49900,29000,0,Completed
ORD-002071,2024-08-17,Central,Store,Wireless headphones,Electronics,4,49900,29000,10,Completed
ORD-002072,2024-08-17,North,Store,Wireless headphones,Electronics,1,49900,29000,10,Completed
ORD-002073,2024-08-17,Central,Online,Travel bag,Accessories,4,39900,23000,0,Completed
ORD-002074,2024-08-17,Central,Store,Travel bag,Accessories,4,39900,23000,0,Completed
ORD-002075,2024-08-17,South,Online,Notebook pack,Office,4,8900,4000,0,Completed
ORD-002076,2024-08-17,West,Online,Phone case,Accessories,3,9900,3500,15,Completed
ORD-002077,2024-08-17,West,Store,Wireless headphones,Electronics,1,49900,29000,0,Completed
ORD-002078,2024-08-17,North,Store,Bluetooth speaker,Electronics,1,34900,21000,15,Completed
ORD-002079,2024-08-17,West,Online,Wireless headphones,Electronics,1,49900,29000,0,Completed
ORD-002080,2024-08-17,South,Online,Phone case,Accessories,1,9900,3500,10,Completed
ORD-002081,2024-08-17,Central,Store,Desk lamp,Home,1,24900,12500,0,Completed
ORD-002082,2024-08-18,Central,Store,Wireless headphones,Electronics,2,49900,29000,0,Completed
ORD-002083,2024-08-18,South,Online,Notebook pack,Office,2,8900,4000,10,Completed
ORD-002084,2024-08-18,Central,Store,Desk lamp,Home,1,24900,12500,0,Completed
ORD-002085,2024-08-18,North,Online,Bluetooth speaker,Electronics,2,34900,21000,15,Completed
ORD-002086,2024-08-18,South,Store,Storage set,Home,1,17900,9500,0,Completed
ORD-002087,2024-08-18,North,Store,Storage set,Home,3,17900,9500,10,Completed
ORD-002088,2024-08-18,Central,Online,Laptop stand,Office,3,29900,16000,10,Completed
ORD-002089,2024-08-18,Central,Online,Laptop stand,Office,1,29900,16000,0,Completed
ORD-002090,2024-08-19,North,Store,Travel bag,Accessories,4,39900,23000,0,Completed
ORD-002091,2024-08-19,Central,Store,Bluetooth speaker,Electronics,3,34900,21000,10,Completed
ORD-002092,2024-08-19,South,Store,Bluetooth speaker,Electronics,3,34900,21000,0,Completed
ORD-002093,2024-08-19,Central,Online,Phone case,Accessories,4,9900,3500,0,Cancelled
ORD-002094,2024-08-19,Central,Online,Storage set,Home,3,17900,9500,0,Completed
ORD-002095,2024-08-20,Central,Store,Travel bag,Accessories,4,39900,23000,0,Completed
ORD-002096,2024-08-20,Central,Online,Travel bag,Accessories,2,39900,23000,10,Completed
ORD-002097,2024-08-20,Central,Online,Desk lamp,Home,2,24900,12500,0,Returned
ORD-002098,2024-08-20,North,Online,Storage set,Home,2,17900,9500,0,Completed
ORD-002099,2024-08-20,Central,Online,Phone case,Accessories,3,9900,3500,0,Completed
ORD-002100,2024-08-20,Central,Store,Phone case,Accessories,2,9900,3500,0,Completed
ORD-002101,2024-08-20,West,Online,Notebook pack,Office,3,8900,4000,10,Completed
ORD-002102,2024-08-20,Central,Store,Desk lamp,Home,2,24900,12500,0,Completed
ORD-002103,2024-08-20,South,Online,Laptop stand,Office,3,29900,16000,10,Completed
ORD-002104,2024-08-20,South,Online,Bluetooth speaker,Electronics,3,34900,21000,10,Completed
ORD-002105,2024-08-21,South,Online,Notebook pack,Office,1,8900,4000,0,Completed
ORD-002106,2024-08-21,West,Store,Storage set,Home,3,17900,9500,10,Returned
ORD-002107,2024-08-21,West,Online,Phone case,Accessories,3,9900,3500,10,Returned
ORD-002108,2024-08-21,West,Online,Notebook pack,Office,2,8900,4000,10,Completed
ORD-002109,2024-08-21,Central,Online,Storage set,Home,1,17900,9500,0,Completed
ORD-002110,2024-08-21,West,Store,Travel bag,Accessories,1,39900,23000,0,Completed
ORD-002111,2024-08-21,North,Online,Laptop stand,Office,2,29900,16000,10,Completed
ORD-002112,2024-08-22,West,Online,Notebook pack,Office,2,8900,4000,0,Completed
ORD-002113,2024-08-22,West,Online,Notebook pack,Office,2,8900,4000,10,Returned
ORD-002114,2024-08-22,West,Store,Phone case,Accessories,2,9900,3500,15,Completed
ORD-002115,2024-08-22,Central,Online,Bluetooth speaker,Electronics,2,34900,21000,0,Completed
ORD-002116,2024-08-22,West,Online,Storage set,Home,1,17900,9500,0,Completed
ORD-002117,2024-08-22,North,Store,Laptop stand,Office,4,29900,16000,0,Completed
ORD-002118,2024-08-22,Central,Online,Desk lamp,Home,2,24900,12500,0,Completed
ORD-002119,2024-08-23,Central,Online,Laptop stand,Office,4,29900,16000,0,Completed
ORD-002120,2024-08-23,West,Online,Notebook pack,Office,3,8900,4000,0,Completed
ORD-002121,2024-08-23,West,Online,Notebook pack,Office,1,8900,4000,10,Completed
ORD-002122,2024-08-23,North,Store,Travel bag,Accessories,1,39900,23000,10,Completed
ORD-002123,2024-08-23,West,Online,Wireless headphones,Electronics,2,49900,29000,0,Returned
ORD-002124,2024-08-23,North,Online,Desk lamp,Home,2,24900,12500,0,Completed
ORD-002125,2024-08-24,North,Online,Notebook pack,Office,1,8900,4000,0,Completed
ORD-002126,2024-08-24,South,Online,Travel bag,Accessories,2,39900,23000,0,Completed
ORD-002127,2024-08-24,Central,Online,Storage set,Home,3,17900,9500,0,Completed
ORD-002128,2024-08-24,North,Store,Wireless headphones,Electronics,2,49900,29000,0,Completed
ORD-002129,2024-08-24,West,Store,Storage set,Home,2,17900,9500,0,Completed
ORD-002130,2024-08-24,North,Store,Travel bag,Accessories,4,39900,23000,0,Completed
ORD-002131,2024-08-24,South,Online,Travel bag,Accessories,1,39900,23000,0,Completed
ORD-002132,2024-08-24,Central,Online,Wireless headphones,Electronics,3,49900,29000,0,Completed
ORD-002133,2024-08-24,Central,Online,Travel bag,Accessories,3,39900,23000,0,Completed
ORD-002134,2024-08-24, North ,Online,Travel bag,Accessories,3,39900,23000,0,Completed
ORD-002135,2024-08-24,Central,Store,Laptop stand,Office,4,29900,16000,0,Completed
ORD-002136,2024-08-24,Central,Online,Travel bag,Accessories,4,39900,23000,15,Completed
ORD-002137,2024-08-25,West,Store,Storage set,Home,3,17900,9500,15,Completed
ORD-002138,2024-08-25,Central,Online,Laptop stand,Office,2,29900,16000,0,Completed
ORD-002139,2024-08-25,Central,Online,Laptop stand,Office,1,29900,16000,0,Completed
ORD-002140,2024-08-25,Central,Store,Notebook pack,Office,4,8900,4000,10,Completed
ORD-002141,2024-08-25,South,Online,Travel bag,Accessories,4,39900,23000,0,Completed
ORD-002142,2024-08-25,North,Online,Storage set,Home,1,17900,9500,15,Completed
ORD-002143,2024-08-25,West,Store,Wireless headphones,Electronics,3,49900,29000,0,Completed
ORD-002144,2024-08-25,North,Online,Desk lamp,Home,2,24900,12500,20,Completed
ORD-002145,2024-08-25,North,Online,Notebook pack,Office,1,8900,4000,0,Completed
ORD-002146,2024-08-25,Central,Online,Bluetooth speaker,Electronics,2,34900,21000,0,Completed
ORD-002147,2024-08-26,North,Online,Phone case,Accessories,2,9900,3500,0,Completed
ORD-002148,2024-08-26,Central,Store,Laptop stand,Office,4,29900,16000,0,Completed
ORD-002149,2024-08-26,North,Store,Storage set,Home,1,17900,9500,0,Completed
ORD-002150,2024-08-26,Central,Store,Phone case,Accessories,1,9900,3500,10,Returned
ORD-002151,2024-08-26,South,Store,Laptop stand,Office,2,29900,16000,15,Completed
ORD-002152,2024-08-27,Central,Online,Storage set,Home,1,17900,9500,20,Completed
ORD-002153,2024-08-27,South,Store,Travel bag,Accessories,2,39900,23000,10,Completed
ORD-002154,2024-08-27,Central,Online,Laptop stand,Office,4,29900,16000,15,Completed
ORD-002155,2024-08-27,South,Online,Notebook pack,Office,2,8900,4000,0,Completed
ORD-002156,2024-08-27,North,Online,Travel bag,Accessories,4,39900,23000,20,Completed
ORD-002157,2024-08-27,West,Store,Desk lamp,Home,4,24900,12500,10,Completed
ORD-002158,2024-08-27,North,Online,Travel bag,Accessories,2,39900,23000,0,Completed
ORD-002159,2024-08-27,Central,Online,Phone case,Accessories,2,9900,3500,15,Completed
ORD-002160,2024-08-27,South,Online,Desk lamp,Home,2,24900,12500,15,Completed
ORD-002161,2024-08-28,North,Online,Travel bag,Accessories,1,39900,23000,20,Completed
ORD-002162,2024-08-28,South,Online,Bluetooth speaker,Electronics,2,34900,21000,10,Completed
ORD-002163,2024-08-28,Central,Online,Notebook pack,Office,3,8900,4000,0,Completed
ORD-002164,2024-08-28,Central,Online,Travel bag,Accessories,4,39900,23000,10,Cancelled
ORD-002165,2024-08-28,South,Online,Storage set,Home,2,17900,9500,10,Completed
ORD-002166,2024-08-28,Central,Store,Bluetooth speaker,Electronics,3,34900,21000,0,Completed
ORD-002167,2024-08-28,Central,Online,Storage set,Home,2,17900,9500,0,Completed
ORD-002168,2024-08-28,Central,Store,Bluetooth speaker,Electronics,1,34900,21000,0,Completed
ORD-002169,2024-08-29,West,Store,Travel bag,Accessories,1,39900,23000,10,Completed
ORD-002170,2024-08-29,Central,Online,Travel bag,Accessories,4,39900,23000,10,Completed
ORD-002171,2024-08-29,West,Online,Phone case,Accessories,3,9900,3500,0,Completed
ORD-002172,2024-08-29,West,Store,Travel bag,Accessories,4,39900,23000,10,Completed
ORD-002173,2024-08-29,West,Store,Notebook pack,Office,1,8900,4000,0,Cancelled
ORD-002174,2024-08-29,Central,Online,Bluetooth speaker,Electronics,1,34900,21000,0,Completed
ORD-002175,2024-08-30,Central,Online,Phone case,Accessories,4,9900,3500,0,Completed
ORD-002176,2024-08-30,Central,Online,Phone case,Accessories,1,9900,3500,10,Completed
ORD-002177,2024-08-30,West,Online,Wireless headphones,Electronics,2,49900,29000,0,Completed
ORD-002178,2024-08-30,West,Online,Travel bag,Accessories,1,39900,23000,0,Completed
ORD-002179,2024-08-30,North,Online,Phone case,Accessories,2,9900,3500,0,Completed
ORD-002180,2024-08-30,North,Online,Travel bag,Accessories,1,39900,23000,0,Completed
ORD-002181,2024-08-31,West,Store,Travel bag,Accessories,2,39900,23000,10,Completed
ORD-002182,2024-08-31,Central,Store,Desk lamp,Home,4,24900,12500,0,Completed
ORD-002183,2024-08-31,North,Online,Bluetooth speaker,Electronics,1,34900,21000,0,Completed
ORD-002184,2024-08-31,North,Online,Travel bag,Accessories,3,39900,23000,10,Completed
ORD-002185,2024-08-31,North,Online,Phone case,Accessories,4,9900,3500,0,Completed
ORD-002186,2024-08-31,Central,Online,Notebook pack,Office,2,8900,4000,20,Completed
ORD-002187,2024-08-31,North,Online,Bluetooth speaker,Electronics,2,34900,21000,10,Completed
ORD-002188,2024-09-01,Central,Store,Laptop stand,Office,2,29900,16000,0,Completed
ORD-002189,2024-09-01,Central,Online,Wireless headphones,Electronics,2,49900,29000,10,Completed
ORD-002190,2024-09-01,North,Store,Notebook pack,Office,1,8900,4000,0,Completed
ORD-002191,2024-09-01,Central,Store,Wireless headphones,Electronics,3,49900,29000,20,Completed
ORD-002192,2024-09-01,Central,Online,Storage set,Home,4,17900,9500,0,Completed
ORD-002193,2024-09-01,North,Online,Bluetooth speaker,Electronics,2,34900,21000,15,Completed
ORD-002194,2024-09-01,South,Online,Bluetooth speaker,Electronics,4,34900,21000,15,Completed
ORD-002195,2024-09-01,West,Online,Storage set,Home,4,17900,9500,0,Completed
ORD-002196,2024-09-01,North,Store,Travel bag,Accessories,3,39900,23000,0,Completed
ORD-002197,2024-09-01,West,Online,Storage set,Home,4,17900,9500,10,Completed
ORD-002198,2024-09-01,Central,Online,Desk lamp,Home,4,24900,12500,10,Completed
ORD-002199,2024-09-01,Central,Online,Wireless headphones,Electronics,2,49900,29000,10,Completed
ORD-002200,2024-09-02,Central,Store,Travel bag,Accessories,3,39900,23000,0,Completed
ORD-002201,2024-09-02,West,Store,Notebook pack,Office,4,8900,4000,0,Completed
ORD-002202,2024-09-02,Central,Online,Desk lamp,Home,4,24900,12500,20,Completed
ORD-002203,2024-09-02,Central,Online,Bluetooth speaker,Electronics,3,34900,21000,15,Completed
ORD-002204,2024-09-02,Central,Store,Storage set,Home,2,17900,9500,0,Completed
ORD-002205,2024-09-02,Central,Online,Laptop stand,Office,4,29900,16000,0,Completed
ORD-002206,2024-09-02,West,Store,Storage set,Home,2,17900,9500,15,Completed
ORD-002207,2024-09-02,South,Online,Storage set,Home,3,17900,9500,0,Completed
ORD-002208,2024-09-02,North,Store,Desk lamp,Home,3,24900,12500,10,Completed
ORD-002209,2024-09-03,West,Store,Desk lamp,Home,3,24900,12500,0,Completed
ORD-002210,2024-09-03,West,Online,Laptop stand,Office,3,29900,16000,0,Completed
ORD-002211,2024-09-03,North,Online,Laptop stand,Office,4,29900,16000,0,Completed
ORD-002212,2024-09-03,West,Online,Laptop stand,Office,3,29900,16000,0,Completed
ORD-002213,2024-09-03, North ,Online,Laptop stand,Office,4,29900,16000,0,Completed
ORD-002214,2024-09-03,Central,Online,Travel bag,Accessories,1,39900,23000,0,Completed
ORD-002215,2024-09-03,North,Online,Wireless headphones,Electronics,1,49900,29000,0,Completed
ORD-002216,2024-09-03,West,Store,Bluetooth speaker,Electronics,2,34900,21000,0,Completed
ORD-002217,2024-09-03,North,Online,Wireless headphones,Electronics,3,49900,29000,0,Completed
ORD-002218,2024-09-03,South,Online,Storage set,Home,3,17900,9500,20,Completed
ORD-002219,2024-09-04,North,Online,Desk lamp,Home,2,24900,12500,0,Cancelled
ORD-002220,2024-09-04,Central,Store,Travel bag,Accessories,2,39900,23000,0,Completed
ORD-002221,2024-09-04,West,Online,Laptop stand,Office,2,29900,16000,15,Completed
ORD-002222,2024-09-04,South,Store,Phone case,Accessories,2,9900,3500,0,Completed
ORD-002223,2024-09-04,Central,Store,Laptop stand,Office,4,29900,16000,0,Completed
ORD-002224,2024-09-04,Central,Online,Bluetooth speaker,Electronics,2,34900,21000,10,Completed
ORD-002225,2024-09-04,North,Store,Travel bag,Accessories,2,39900,23000,15,Completed
ORD-002226,2024-09-04,Central,Online,Notebook pack,Office,4,8900,4000,15,Completed
ORD-002227,2024-09-05,South,Store,Desk lamp,Home,4,24900,12500,0,Completed
ORD-002228,2024-09-05,Central,Online,Storage set,Home,2,17900,9500,10,Completed
ORD-002229,2024-09-05,South,Online,Travel bag,Accessories,1,39900,23000,10,Completed
ORD-002230,2024-09-05,Central,Store,Bluetooth speaker,Electronics,4,34900,21000,0,Completed
ORD-002231,2024-09-05,Central,Store,Wireless headphones,Electronics,4,49900,29000,0,Completed
ORD-002232,2024-09-05,Central,Store,Storage set,Home,3,17900,9500,0,Completed
ORD-002233,2024-09-05,West,Store,Storage set,Home,3,17900,9500,0,Completed
ORD-002234,2024-09-05,North,Store,Desk lamp,Home,1,24900,12500,0,Completed
ORD-002235,2024-09-05,Central,Online,Laptop stand,Office,4,29900,16000,0,Returned
ORD-002236,2024-09-05,Central,Online,Storage set,Home,1,17900,9500,0,Completed
ORD-002237,2024-09-06,Central,Online,Desk lamp,Home,4,24900,12500,15,Completed
ORD-002238,2024-09-06,South,Online,Storage set,Home,1,17900,9500,0,Completed
ORD-002239,2024-09-06,West,Online,Bluetooth speaker,Electronics,3,34900,21000,10,Completed
ORD-002240,2024-09-06,Central,Online,Desk lamp,Home,2,24900,12500,10,Completed
ORD-002241,2024-09-06,Central,Store,Wireless headphones,Electronics,4,49900,29000,0,Completed
ORD-002242,2024-09-07,Central,Store,Desk lamp,Home,3,24900,12500,0,Completed
ORD-002243,2024-09-07,Central,Store,Storage set,Home,2,17900,9500,0,Completed
ORD-002244,2024-09-07,North,Online,Wireless headphones,Electronics,1,49900,29000,0,Completed
ORD-002245,2024-09-07,South,Online,Phone case,Accessories,4,9900,3500,15,Completed
ORD-002246,2024-09-07,West,Online,Notebook pack,Office,4,8900,4000,10,Completed
ORD-002247,2024-09-07,North,Store,Travel bag,Accessories,2,39900,23000,15,Completed
ORD-002248,2024-09-07,West,Online,Notebook pack,Office,4,8900,4000,0,Completed
ORD-002249,2024-09-07,Central,Online,Wireless headphones,Electronics,1,49900,29000,0,Completed
ORD-002250,2024-09-07,Central,Online,Desk lamp,Home,2,24900,12500,10,Completed
ORD-002251,2024-09-08,North,Online,Desk lamp,Home,4,24900,12500,0,Completed
ORD-002252,2024-09-08,Central,Online,Phone case,Accessories,2,9900,3500,0,Completed
ORD-002253,2024-09-08,West,Store,Desk lamp,Home,3,24900,12500,0,Completed
ORD-002254,2024-09-08,West,Store,Travel bag,Accessories,1,39900,23000,0,Completed
ORD-002255,2024-09-08,North,Store,Phone case,Accessories,4,9900,3500,0,Completed
ORD-002256,2024-09-08,West,Online,Laptop stand,Office,1,29900,16000,0,Completed
ORD-002257,2024-09-08,North,Online,Laptop stand,Office,3,29900,16000,0,Completed
ORD-002258,2024-09-08,Central,Online,Phone case,Accessories,3,9900,3500,0,Completed
ORD-002259,2024-09-08,West,Store,Bluetooth speaker,Electronics,4,34900,21000,10,Completed
ORD-002260,2024-09-08,West,Online,Bluetooth speaker,Electronics,4,34900,21000,0,Completed
ORD-002261,2024-09-09,North,Store,Desk lamp,Home,1,24900,12500,10,Completed
ORD-002262,2024-09-09,North,Online,Storage set,Home,2,17900,9500,0,Completed
ORD-002263,2024-09-09,West,Store,Travel bag,Accessories,4,39900,23000,0,Completed
ORD-002264,2024-09-09,North,Online,Storage set,Home,1,17900,9500,0,Completed
ORD-002265,2024-09-09,Central,Store,Bluetooth speaker,Electronics,2,34900,21000,20,Completed
ORD-002266,2024-09-09,South,Store,Bluetooth speaker,Electronics,3,34900,21000,10,Cancelled
ORD-002267,2024-09-09,West,Online,Phone case,Accessories,3,9900,3500,10,Completed
ORD-002268,2024-09-09,South,Store,Desk lamp,Home,3,24900,12500,15,Completed
ORD-002269,2024-09-09,Central,Online,Storage set,Home,4,17900,9500,0,Returned
ORD-002270,2024-09-10,West,Store,Phone case,Accessories,1,9900,3500,20,Completed
ORD-002271,2024-09-10,North,Online,Laptop stand,Office,2,29900,16000,15,Completed
ORD-002272,2024-09-10,Central,Online,Storage set,Home,1,17900,9500,10,Completed
ORD-002273,2024-09-10,West,Online,Travel bag,Accessories,3,39900,23000,0,Completed
ORD-002274,2024-09-10,West,Store,Phone case,Accessories,3,9900,3500,20,Completed
ORD-002275,2024-09-10,West,Online,Travel bag,Accessories,4,39900,23000,20,Completed
ORD-002276,2024-09-10,North,Online,Notebook pack,Office,4,8900,4000,20,Completed
ORD-002277,2024-09-10,Central,Store,Storage set,Home,3,17900,9500,0,Completed
ORD-002278,2024-09-10,North,Online,Notebook pack,Office,4,8900,4000,15,Completed
ORD-002279,2024-09-11,North,Online,Wireless headphones,Electronics,1,49900,29000,20,Completed
ORD-002280,2024-09-11,West,Online,Desk lamp,Home,2,24900,12500,0,Completed
ORD-002281,2024-09-11,South,Store,Notebook pack,Office,3,8900,4000,10,Completed
ORD-002282,2024-09-11,West,Online,Desk lamp,Home,1,24900,12500,20,Completed
ORD-002283,2024-09-11,South,Store,Wireless headphones,Electronics,2,49900,29000,10,Completed
ORD-002284,2024-09-11,North,Online,Phone case,Accessories,1,9900,3500,15,Completed
ORD-002285,2024-09-12,South,Online,Phone case,Accessories,1,9900,3500,0,Completed
ORD-002286,2024-09-12,North,Store,Laptop stand,Office,2,29900,16000,10,Completed
ORD-002287,2024-09-12,West,Online,Notebook pack,Office,4,8900,4000,0,Returned
ORD-002288,2024-09-12,South,Online,Laptop stand,Office,4,29900,16000,0,Completed
ORD-002289,2024-09-12,North,Store,Bluetooth speaker,Electronics,2,34900,21000,0,Completed
ORD-002290,2024-09-12,South,Online,Desk lamp,Home,3,24900,12500,10,Completed
ORD-002291,2024-09-13,Central,Store,Travel bag,Accessories,3,39900,23000,20,Completed
ORD-002292,2024-09-13, South ,Online,Phone case,Accessories,4,9900,3500,0,Completed
ORD-002293,2024-09-13,West,Store,Wireless headphones,Electronics,4,49900,29000,0,Completed
ORD-002294,2024-09-13,West,Store,Travel bag,Accessories,4,39900,23000,0,Completed
ORD-002295,2024-09-13,South,Store,Travel bag,Accessories,2,39900,23000,0,Completed
ORD-002296,2024-09-13,Central,Online,Laptop stand,Office,3,29900,16000,0,Completed
ORD-002297,2024-09-13,Central,Online,Storage set,Home,3,17900,9500,20,Completed
ORD-002298,2024-09-13,North,Online,Travel bag,Accessories,3,39900,23000,10,Completed
ORD-002299,2024-09-13,Central,Online,Notebook pack,Office,2,8900,4000,0,Completed
ORD-002300,2024-09-13,Central,Store,Laptop stand,Office,2,29900,16000,0,Returned
ORD-002301,2024-09-13,Central,Store,Wireless headphones,Electronics,3,49900,29000,0,Completed
ORD-002302,2024-09-13,Central,Online,Wireless headphones,Electronics,1,49900,29000,0,Completed
ORD-002303,2024-09-14,West,Store,Storage set,Home,2,17900,9500,0,Completed
ORD-002304,2024-09-14,West,Store,Wireless headphones,Electronics,3,49900,29000,0,Completed
ORD-002305,2024-09-14,North,Store,Storage set,Home,4,17900,9500,0,Completed
ORD-002306,2024-09-14,West,Store,Wireless headphones,Electronics,3,49900,29000,0,Completed
ORD-002307,2024-09-14,North,Store,Travel bag,Accessories,3,39900,23000,10,Completed
ORD-002308,2024-09-14,West,Online,Phone case,Accessories,3,9900,3500,10,Completed
ORD-002309,2024-09-14,South,Online,Travel bag,Accessories,2,39900,23000,0,Completed
ORD-002310,2024-09-14,South,Store,Notebook pack,Office,1,8900,4000,0,Returned
ORD-002311,2024-09-14,North,Online,Laptop stand,Office,3,29900,16000,0,Returned
ORD-002312,2024-09-14,West,Online,Storage set,Home,3,17900,9500,0,Completed
ORD-002313,2024-09-14,North,Online,Bluetooth speaker,Electronics,1,34900,21000,15,Completed
ORD-002314,2024-09-14,North,Store,Storage set,Home,3,17900,9500,20,Completed
ORD-002315,2024-09-14,Central,Online,Phone case,Accessories,4,9900,3500,0,Completed
ORD-002316,2024-09-14,West,Online,Laptop stand,Office,1,29900,16000,0,Completed
ORD-002317,2024-09-15,South,Store,Laptop stand,Office,1,29900,16000,20,Completed
ORD-002318,2024-09-15,North,Store,Notebook pack,Office,2,8900,4000,0,Returned
ORD-002319,2024-09-15,North,Store,Notebook pack,Office,4,8900,4000,0,Completed
ORD-002320,2024-09-15,Central,Online,Travel bag,Accessories,4,39900,23000,10,Completed
ORD-002321,2024-09-15,West,Store,Bluetooth speaker,Electronics,4,34900,21000,0,Completed
ORD-002322,2024-09-15,South,Online,Notebook pack,Office,1,8900,4000,0,Completed
ORD-002323,2024-09-15,North,Store,Notebook pack,Office,3,8900,4000,10,Completed
ORD-002324,2024-09-15,West,Store,Wireless headphones,Electronics,1,49900,29000,0,Completed
ORD-002325,2024-09-15,South,Online,Bluetooth speaker,Electronics,3,34900,21000,0,Completed
ORD-002326,2024-09-15,Central,Online,Notebook pack,Office,4,8900,4000,0,Completed
ORD-002327,2024-09-16,South,Store,Laptop stand,Office,3,29900,16000,15,Cancelled
ORD-002328,2024-09-16,Central,Online,Laptop stand,Office,1,29900,16000,20,Completed
ORD-002329,2024-09-16,Central,Online,Phone case,Accessories,1,9900,3500,0,Completed
ORD-002330,2024-09-16,South,Store,Desk lamp,Home,1,24900,12500,0,Completed
ORD-002331,2024-09-16,West,Online,Laptop stand,Office,1,29900,16000,0,Completed
ORD-002332,2024-09-17,North,Online,Storage set,Home,1,17900,9500,15,Completed
ORD-002333,2024-09-17,West,Store,Laptop stand,Office,1,29900,16000,15,Completed
ORD-002334,2024-09-17,Central,Store,Wireless headphones,Electronics,1,49900,29000,10,Completed
ORD-002335,2024-09-17,North,Online,Wireless headphones,Electronics,1,49900,29000,0,Completed
ORD-002336,2024-09-17,West,Online,Phone case,Accessories,1,9900,3500,0,Completed
ORD-002337,2024-09-17,North,Online,Storage set,Home,1,17900,9500,10,Completed
ORD-002338,2024-09-18,North,Store,Desk lamp,Home,2,24900,12500,20,Completed
ORD-002339,2024-09-18,South,Store,Laptop stand,Office,2,29900,16000,0,Completed
ORD-002340,2024-09-18,Central,Store,Travel bag,Accessories,2,39900,23000,15,Completed
ORD-002341,2024-09-18,Central,Online,Desk lamp,Home,3,24900,12500,0,Completed
ORD-002342,2024-09-18,South,Online,Bluetooth speaker,Electronics,4,34900,21000,0,Completed
ORD-002343,2024-09-18,West,Store,Storage set,Home,2,17900,9500,15,Completed
ORD-002344,2024-09-18,North,Online,Storage set,Home,2,17900,9500,10,Completed
ORD-002345,2024-09-18,North,Online,Travel bag,Accessories,1,39900,23000,0,Completed
ORD-002346,2024-09-19,Central,Online,Wireless headphones,Electronics,4,49900,29000,0,Completed
ORD-002347,2024-09-19,West,Online,Bluetooth speaker,Electronics,4,34900,21000,0,Completed
ORD-002348,2024-09-19,Central,Online,Laptop stand,Office,2,29900,16000,0,Completed
ORD-002349,2024-09-19,Central,Store,Storage set,Home,4,17900,9500,0,Completed
ORD-002350,2024-09-19,North,Store,Phone case,Accessories,1,9900,3500,10,Completed
ORD-002351,2024-09-19,Central,Store,Storage set,Home,2,17900,9500,0,Completed
ORD-002352,2024-09-20,West,Online,Phone case,Accessories,4,9900,3500,0,Completed
ORD-002353,2024-09-20,Central,Store,Phone case,Accessories,4,9900,3500,20,Completed
ORD-002354,2024-09-20,Central,Store,Phone case,Accessories,1,9900,3500,10,Completed
ORD-002355,2024-09-20,Central,Store,Travel bag,Accessories,2,39900,23000,0,Completed
ORD-002356,2024-09-20,South,Online,Laptop stand,Office,3,29900,16000,10,Completed
ORD-002357,2024-09-21,West,Online,Storage set,Home,2,17900,9500,10,Completed
ORD-002358,2024-09-21,South,Store,Desk lamp,Home,1,24900,12500,0,Completed
ORD-002359,2024-09-21,South,Online,Travel bag,Accessories,2,39900,23000,0,Completed
ORD-002360,2024-09-21,Central,Store,Travel bag,Accessories,2,39900,23000,10,Completed
ORD-002361,2024-09-21,North,Online,Notebook pack,Office,2,8900,4000,15,Completed
ORD-002362,2024-09-21,Central,Store,Notebook pack,Office,3,8900,4000,0,Completed
ORD-002363,2024-09-21,South,Online,Wireless headphones,Electronics,2,49900,29000,0,Completed
ORD-002364,2024-09-21,Central,Online,Storage set,Home,1,17900,9500,0,Cancelled
ORD-002365,2024-09-22,Central,Online,Desk lamp,Home,3,24900,12500,0,Completed
ORD-002366,2024-09-22,North,Online,Travel bag,Accessories,4,39900,23000,15,Completed
ORD-002367,2024-09-22,South,Online,Storage set,Home,3,17900,9500,10,Completed
ORD-002368,2024-09-22,North,Store,Storage set,Home,2,17900,9500,10,Completed
ORD-002369,2024-09-22,West,Online,Wireless headphones,Electronics,2,49900,29000,10,Completed
ORD-002370,2024-09-22,North,Online,Bluetooth speaker,Electronics,3,34900,21000,0,Completed
ORD-002371,2024-09-22, West ,Online,Notebook pack,Office,2,8900,4000,0,Completed
ORD-002372,2024-09-22,South,Online,Wireless headphones,Electronics,2,49900,29000,0,Completed
ORD-002373,2024-09-22,Central,Online,Desk lamp,Home,2,24900,12500,0,Completed
ORD-002374,2024-09-22,Central,Online,Phone case,Accessories,1,9900,3500,10,Completed
ORD-002375,2024-09-22,South,Store,Notebook pack,Office,3,8900,4000,15,Completed
ORD-002376,2024-09-22,West,Online,Bluetooth speaker,Electronics,4,34900,21000,0,Completed
ORD-002377,2024-09-22,South,Store,Desk lamp,Home,1,24900,12500,0,Completed
ORD-002378,2024-09-22,North,Online,Bluetooth speaker,Electronics,2,34900,21000,10,Completed
ORD-002379,2024-09-23,North,Store,Phone case,Accessories,2,9900,3500,20,Completed
ORD-002380,2024-09-23,Central,Online,Phone case,Accessories,2,9900,3500,20,Completed
ORD-002381,2024-09-23,Central,Online,Wireless headphones,Electronics,4,49900,29000,20,Completed
ORD-002382,2024-09-23,West,Online,Bluetooth speaker,Electronics,1,34900,21000,0,Completed
ORD-002383,2024-09-23,South,Online,Bluetooth speaker,Electronics,2,34900,21000,0,Completed
ORD-002384,2024-09-23,West,Online,Storage set,Home,1,17900,9500,0,Completed
ORD-002385,2024-09-23,Central,Online,Bluetooth speaker,Electronics,3,34900,21000,0,Completed
ORD-002386,2024-09-23,Central,Online,Laptop stand,Office,2,29900,16000,0,Completed
ORD-002387,2024-09-23,North,Store,Storage set,Home,1,17900,9500,0,Completed
ORD-002388,2024-09-23,Central,Store,Bluetooth speaker,Electronics,1,34900,21000,10,Completed
ORD-002389,2024-09-24,West,Online,Laptop stand,Office,1,29900,16000,10,Completed
ORD-002390,2024-09-24,West,Store,Wireless headphones,Electronics,1,49900,29000,0,Completed
ORD-002391,2024-09-24,North,Online,Bluetooth speaker,Electronics,1,34900,21000,0,Completed
ORD-002392,2024-09-24,North,Store,Notebook pack,Office,1,8900,4000,10,Cancelled
ORD-002393,2024-09-24,Central,Online,Notebook pack,Office,3,8900,4000,10,Completed
ORD-002394,2024-09-24,South,Online,Bluetooth speaker,Electronics,4,34900,21000,0,Completed
ORD-002395,2024-09-24,North,Store,Bluetooth speaker,Electronics,3,34900,21000,0,Completed
ORD-002396,2024-09-25,Central,Online,Travel bag,Accessories,4,39900,23000,0,Completed
ORD-002397,2024-09-25,South,Store,Wireless headphones,Electronics,4,49900,29000,0,Completed
ORD-002398,2024-09-25,South,Online,Notebook pack,Office,2,8900,4000,0,Completed
ORD-002399,2024-09-25,Central,Store,Storage set,Home,2,17900,9500,20,Completed
ORD-002400,2024-09-25,Central,Store,Wireless headphones,Electronics,4,49900,29000,10,Completed
ORD-002401,2024-09-25,South,Online,Wireless headphones,Electronics,2,49900,29000,0,Completed
ORD-002402,2024-09-25,South,Store,Phone case,Accessories,1,9900,3500,10,Completed
ORD-002403,2024-09-25,North,Online,Desk lamp,Home,1,24900,12500,20,Completed
ORD-002404,2024-09-25,West,Online,Laptop stand,Office,1,29900,16000,0,Completed
ORD-002405,2024-09-25,South,Online,Desk lamp,Home,2,24900,12500,0,Completed
ORD-002406,2024-09-26,Central,Online,Bluetooth speaker,Electronics,1,34900,21000,0,Completed
ORD-002407,2024-09-26,South,Online,Laptop stand,Office,3,29900,16000,0,Completed
ORD-002408,2024-09-26,West,Store,Storage set,Home,2,17900,9500,0,Completed
ORD-002409,2024-09-26,Central,Online,Travel bag,Accessories,3,39900,23000,0,Completed
ORD-002410,2024-09-26,Central,Store,Travel bag,Accessories,4,39900,23000,0,Returned
ORD-002411,2024-09-26,West,Store,Notebook pack,Office,1,8900,4000,0,Completed
ORD-002412,2024-09-26,Central,Store,Notebook pack,Office,3,8900,4000,0,Completed
ORD-002413,2024-09-26,South,Online,Wireless headphones,Electronics,3,49900,29000,0,Completed
ORD-002414,2024-09-27,West,Store,Wireless headphones,Electronics,3,49900,29000,0,Completed
ORD-002415,2024-09-27,West,Online,Desk lamp,Home,2,24900,12500,0,Completed
ORD-002416,2024-09-27,South,Online,Wireless headphones,Electronics,3,49900,29000,10,Completed
ORD-002417,2024-09-27,Central,Store,Laptop stand,Office,2,29900,16000,20,Completed
ORD-002418,2024-09-27,West,Online,Storage set,Home,3,17900,9500,15,Completed
ORD-002419,2024-09-27,West,Store,Storage set,Home,1,17900,9500,0,Completed
ORD-002420,2024-09-27,South,Store,Phone case,Accessories,1,9900,3500,10,Completed
ORD-002421,2024-09-27,South,Online,Bluetooth speaker,Electronics,2,34900,21000,0,Completed
ORD-002422,2024-09-27,North,Online,Storage set,Home,1,17900,9500,10,Returned
ORD-002423,2024-09-28,West,Online,Notebook pack,Office,4,8900,4000,10,Completed
ORD-002424,2024-09-28,North,Online,Wireless headphones,Electronics,1,49900,29000,20,Completed
ORD-002425,2024-09-28,Central,Online,Bluetooth speaker,Electronics,2,34900,21000,15,Completed
ORD-002426,2024-09-28,Central,Online,Wireless headphones,Electronics,4,49900,29000,10,Completed
ORD-002427,2024-09-28,West,Online,Laptop stand,Office,4,29900,16000,20,Completed
ORD-002428,2024-09-28,Central,Store,Storage set,Home,3,17900,9500,0,Completed
ORD-002429,2024-09-28,South,Store,Laptop stand,Office,3,29900,16000,0,Completed
ORD-002430,2024-09-28,Central,Online,Storage set,Home,1,17900,9500,0,Completed
ORD-002431,2024-09-28,Central,Store,Travel bag,Accessories,2,39900,23000,20,Completed
ORD-002432,2024-09-28,North,Online,Desk lamp,Home,3,24900,12500,0,Completed
ORD-002433,2024-09-28,West,Store,Laptop stand,Office,3,29900,16000,0,Completed
ORD-002434,2024-09-28,West,Store,Wireless headphones,Electronics,3,49900,29000,0,Returned
ORD-002435,2024-09-28,Central,Store,Travel bag,Accessories,1,39900,23000,0,Completed
ORD-002436,2024-09-28,Central,Store,Desk lamp,Home,1,24900,12500,20,Completed
ORD-002437,2024-09-29,Central,Online,Storage set,Home,1,17900,9500,15,Completed
ORD-002438,2024-09-29,North,Online,Travel bag,Accessories,3,39900,23000,20,Completed
ORD-002439,2024-09-29,West,Online,Desk lamp,Home,3,24900,12500,0,Completed
ORD-002440,2024-09-29,Central,Online,Desk lamp,Home,4,24900,12500,0,Completed
ORD-002441,2024-09-29,South,Store,Desk lamp,Home,3,24900,12500,0,Cancelled
ORD-002442,2024-09-29,Central,Store,Bluetooth speaker,Electronics,1,34900,21000,10,Cancelled
ORD-002443,2024-09-29,Central,Online,Storage set,Home,2,17900,9500,0,Completed
ORD-002444,2024-09-30,North,Store,Bluetooth speaker,Electronics,4,34900,21000,10,Completed
ORD-002445,2024-09-30,Central,Store,Wireless headphones,Electronics,1,49900,29000,15,Completed
ORD-002446,2024-09-30,West,Store,Desk lamp,Home,4,24900,12500,20,Completed
ORD-002447,2024-09-30,Central,Online,Desk lamp,Home,4,24900,12500,10,Completed
ORD-002448,2024-09-30,West,Store,Travel bag,Accessories,4,39900,23000,0,Completed
ORD-002449,2024-09-30,Central,Online,Desk lamp,Home,4,24900,12500,10,Completed
ORD-002450,2024-09-30, Central ,Online,Desk lamp,Home,1,24900,12500,10,Completed
ORD-002451,2024-09-30,West,Store,Storage set,Home,1,17900,9500,0,Completed
ORD-002452,2024-09-30,Central,Online,Storage set,Home,4,17900,9500,0,Completed
ORD-002453,2024-09-30,Central,Store,Wireless headphones,Electronics,4,49900,29000,0,Completed
ORD-002454,2024-10-01,West,Online,Travel bag,Accessories,4,39900,23000,0,Completed
ORD-002455,2024-10-01,Central,Online,Storage set,Home,3,17900,9500,10,Completed
ORD-002456,2024-10-01,South,Online,Desk lamp,Home,1,24900,12500,15,Cancelled
ORD-002457,2024-10-01,West,Store,Wireless headphones,Electronics,1,49900,29000,20,Returned
ORD-002458,2024-10-01,Central,Online,Travel bag,Accessories,2,39900,23000,0,Completed
ORD-002459,2024-10-01,Central,Online,Desk lamp,Home,4,24900,12500,0,Completed
ORD-002460,2024-10-01,West,Online,Bluetooth speaker,Electronics,4,34900,21000,15,Completed
ORD-002461,2024-10-01,West,Store,Desk lamp,Home,3,24900,12500,0,Cancelled
ORD-002462,2024-10-01,Central,Online,Bluetooth speaker,Electronics,3,34900,21000,0,Completed
ORD-002463,2024-10-01,West,Online,Laptop stand,Office,1,29900,16000,15,Completed
ORD-002464,2024-10-01,Central,Online,Desk lamp,Home,1,24900,12500,10,Completed
ORD-002465,2024-10-01,West,Online,Travel bag,Accessories,1,39900,23000,0,Cancelled
ORD-002466,2024-10-02,North,Store,Storage set,Home,3,17900,9500,15,Completed
ORD-002467,2024-10-02,North,Online,Wireless headphones,Electronics,1,49900,29000,10,Completed
ORD-002468,2024-10-02,South,Online,Laptop stand,Office,3,29900,16000,0,Completed
ORD-002469,2024-10-02,West,Online,Desk lamp,Home,4,24900,12500,10,Completed
ORD-002470,2024-10-02,West,Online,Wireless headphones,Electronics,3,49900,29000,0,Completed
ORD-002471,2024-10-02,Central,Online,Phone case,Accessories,2,9900,3500,0,Returned
ORD-002472,2024-10-02,South,Store,Desk lamp,Home,4,24900,12500,10,Completed
ORD-002473,2024-10-02,North,Store,Notebook pack,Office,4,8900,4000,10,Completed
ORD-002474,2024-10-02,West,Store,Travel bag,Accessories,1,39900,23000,10,Completed
ORD-002475,2024-10-02,West,Store,Travel bag,Accessories,3,39900,23000,0,Completed
ORD-002476,2024-10-02,Central,Online,Storage set,Home,2,17900,9500,20,Completed
ORD-002477,2024-10-03,Central,Store,Storage set,Home,1,17900,9500,0,Returned
ORD-002478,2024-10-03,North,Store,Phone case,Accessories,2,9900,3500,10,Completed
ORD-002479,2024-10-03,North,Online,Desk lamp,Home,4,24900,12500,0,Completed
ORD-002480,2024-10-03,North,Online,Notebook pack,Office,3,8900,4000,0,Completed
ORD-002481,2024-10-03,North,Store,Phone case,Accessories,3,9900,3500,0,Completed
ORD-002482,2024-10-03,West,Online,Desk lamp,Home,2,24900,12500,15,Completed
ORD-002483,2024-10-03,West,Online,Wireless headphones,Electronics,3,49900,29000,0,Completed
ORD-002484,2024-10-04,South,Store,Storage set,Home,4,17900,9500,0,Completed
ORD-002485,2024-10-04,West,Store,Desk lamp,Home,4,24900,12500,10,Completed
ORD-002486,2024-10-04,North,Store,Desk lamp,Home,1,24900,12500,15,Completed
ORD-002487,2024-10-04,North,Online,Desk lamp,Home,4,24900,12500,0,Completed
ORD-002488,2024-10-04,West,Store,Phone case,Accessories,4,9900,3500,0,Completed
ORD-002489,2024-10-04,West,Online,Storage set,Home,1,17900,9500,15,Completed
ORD-002490,2024-10-04,Central,Online,Notebook pack,Office,4,8900,4000,20,Completed
ORD-002491,2024-10-04,Central,Store,Travel bag,Accessories,1,39900,23000,0,Completed
ORD-002492,2024-10-04,West,Online,Travel bag,Accessories,4,39900,23000,0,Completed
ORD-002493,2024-10-04,Central,Online,Wireless headphones,Electronics,2,49900,29000,0,Completed
ORD-002494,2024-10-04,Central,Online,Desk lamp,Home,2,24900,12500,0,Completed
ORD-002495,2024-10-04,North,Online,Notebook pack,Office,4,8900,4000,20,Completed
ORD-002496,2024-10-05,West,Online,Desk lamp,Home,2,24900,12500,0,Completed
ORD-002497,2024-10-05,South,Store,Notebook pack,Office,1,8900,4000,0,Completed
ORD-002498,2024-10-05,Central,Store,Laptop stand,Office,3,29900,16000,10,Completed
ORD-002499,2024-10-05,North,Store,Desk lamp,Home,3,24900,12500,10,Returned
ORD-002500,2024-10-05,South,Online,Storage set,Home,3,17900,9500,0,Completed
ORD-002501,2024-10-05,Central,Store,Desk lamp,Home,1,24900,12500,10,Completed
ORD-002502,2024-10-05,South,Online,Phone case,Accessories,1,9900,3500,10,Completed
ORD-002503,2024-10-05,West,Online,Notebook pack,Office,4,8900,4000,0,Completed
ORD-002504,2024-10-05,North,Store,Desk lamp,Home,3,24900,12500,0,Completed
ORD-002505,2024-10-05,South,Store,Bluetooth speaker,Electronics,4,34900,21000,0,Completed
ORD-002506,2024-10-05,Central,Store,Travel bag,Accessories,4,39900,23000,0,Completed
ORD-002507,2024-10-05,West,Online,Desk lamp,Home,2,24900,12500,0,Completed
ORD-002508,2024-10-05,South,Online,Notebook pack,Office,2,8900,4000,10,Completed
ORD-002509,2024-10-06,South,Store,Wireless headphones,Electronics,3,49900,29000,10,Completed
ORD-002510,2024-10-06,South,Online,Notebook pack,Office,1,8900,4000,10,Completed
ORD-002511,2024-10-06,West,Online,Desk lamp,Home,3,24900,12500,0,Completed
ORD-002512,2024-10-06,Central,Online,Travel bag,Accessories,2,39900,23000,0,Completed
ORD-002513,2024-10-06,Central,Online,Laptop stand,Office,2,29900,16000,10,Completed
ORD-002514,2024-10-06,West,Store,Laptop stand,Office,2,29900,16000,15,Completed
ORD-002515,2024-10-06,Central,Online,Bluetooth speaker,Electronics,1,34900,21000,10,Returned
ORD-002516,2024-10-06,Central,Online,Desk lamp,Home,4,24900,12500,0,Returned
ORD-002517,2024-10-06,North,Online,Travel bag,Accessories,4,39900,23000,20,Completed
ORD-002518,2024-10-06,Central,Store,Storage set,Home,3,17900,9500,0,Completed
ORD-002519,2024-10-06,South,Online,Bluetooth speaker,Electronics,3,34900,21000,0,Completed
ORD-002520,2024-10-06,West,Store,Laptop stand,Office,3,29900,16000,0,Completed
ORD-002521,2024-10-07,West,Online,Laptop stand,Office,2,29900,16000,0,Completed
ORD-002522,2024-10-07,West,Online,Bluetooth speaker,Electronics,4,34900,21000,0,Completed
ORD-002523,2024-10-07,Central,Store,Storage set,Home,2,17900,9500,0,Completed
ORD-002524,2024-10-07,Central,Online,Notebook pack,Office,3,8900,4000,0,Completed
ORD-002525,2024-10-07,Central,Online,Notebook pack,Office,2,8900,4000,0,Completed
ORD-002526,2024-10-07,Central,Store,Travel bag,Accessories,1,39900,23000,0,Completed
ORD-002527,2024-10-07,North,Store,Notebook pack,Office,3,8900,4000,20,Completed
ORD-002528,2024-10-07,Central,Store,Bluetooth speaker,Electronics,1,34900,21000,0,Completed
ORD-002529,2024-10-07, Central ,Online,Phone case,Accessories,1,9900,3500,10,Completed
ORD-002530,2024-10-07,South,Store,Wireless headphones,Electronics,4,49900,29000,0,Completed
ORD-002531,2024-10-07,West,Online,Storage set,Home,3,17900,9500,0,Completed
ORD-002532,2024-10-07,South,Store,Notebook pack,Office,4,8900,4000,0,Returned
ORD-002533,2024-10-08,Central,Online,Phone case,Accessories,2,9900,3500,0,Completed
ORD-002534,2024-10-08,West,Store,Notebook pack,Office,3,8900,4000,0,Completed
ORD-002535,2024-10-08,West,Store,Travel bag,Accessories,3,39900,23000,10,Completed
ORD-002536,2024-10-08,North,Online,Laptop stand,Office,1,29900,16000,20,Completed
ORD-002537,2024-10-08,West,Online,Travel bag,Accessories,1,39900,23000,15,Completed
ORD-002538,2024-10-08,Central,Online,Laptop stand,Office,2,29900,16000,0,Completed
ORD-002539,2024-10-08,West,Store,Bluetooth speaker,Electronics,1,34900,21000,0,Completed
ORD-002540,2024-10-08,North,Online,Phone case,Accessories,4,9900,3500,0,Completed
ORD-002541,2024-10-08,Central,Online,Bluetooth speaker,Electronics,4,34900,21000,0,Completed
ORD-002542,2024-10-08,North,Store,Phone case,Accessories,2,9900,3500,0,Completed
ORD-002543,2024-10-08,South,Online,Phone case,Accessories,4,9900,3500,0,Completed
ORD-002544,2024-10-09,West,Online,Desk lamp,Home,1,24900,12500,0,Completed
ORD-002545,2024-10-09,South,Store,Desk lamp,Home,1,24900,12500,10,Completed
ORD-002546,2024-10-09,North,Store,Bluetooth speaker,Electronics,1,34900,21000,10,Completed
ORD-002547,2024-10-09,Central,Online,Wireless headphones,Electronics,1,49900,29000,0,Completed
ORD-002548,2024-10-09,North,Store,Phone case,Accessories,4,9900,3500,0,Completed
ORD-002549,2024-10-09,Central,Store,Phone case,Accessories,4,9900,3500,0,Completed
ORD-002550,2024-10-09,Central,Online,Notebook pack,Office,3,8900,4000,0,Completed
ORD-002551,2024-10-09,Central,Store,Desk lamp,Home,1,24900,12500,0,Completed
ORD-002552,2024-10-09,Central,Store,Phone case,Accessories,2,9900,3500,10,Completed
ORD-002553,2024-10-09,South,Store,Desk lamp,Home,4,24900,12500,0,Completed
ORD-002554,2024-10-10,Central,Store,Storage set,Home,2,17900,9500,20,Completed
ORD-002555,2024-10-10,West,Store,Desk lamp,Home,3,24900,12500,0,Completed
ORD-002556,2024-10-10,West,Store,Storage set,Home,1,17900,9500,10,Completed
ORD-002557,2024-10-10,South,Online,Bluetooth speaker,Electronics,2,34900,21000,0,Completed
ORD-002558,2024-10-10,South,Online,Notebook pack,Office,2,8900,4000,0,Returned
ORD-002559,2024-10-10,Central,Online,Laptop stand,Office,4,29900,16000,10,Completed
ORD-002560,2024-10-10,North,Online,Storage set,Home,2,17900,9500,20,Completed
ORD-002561,2024-10-10,West,Online,Laptop stand,Office,4,29900,16000,10,Completed
ORD-002562,2024-10-11,South,Store,Phone case,Accessories,4,9900,3500,0,Completed
ORD-002563,2024-10-11,North,Online,Phone case,Accessories,2,9900,3500,10,Completed
ORD-002564,2024-10-11,South,Online,Phone case,Accessories,3,9900,3500,0,Returned
ORD-002565,2024-10-11,North,Online,Storage set,Home,1,17900,9500,0,Completed
ORD-002566,2024-10-11,South,Online,Wireless headphones,Electronics,1,49900,29000,0,Completed
ORD-002567,2024-10-11,Central,Online,Phone case,Accessories,4,9900,3500,0,Completed
ORD-002568,2024-10-11,South,Online,Notebook pack,Office,2,8900,4000,10,Completed
ORD-002569,2024-10-12,Central,Online,Wireless headphones,Electronics,3,49900,29000,0,Completed
ORD-002570,2024-10-12,West,Store,Bluetooth speaker,Electronics,3,34900,21000,0,Completed
ORD-002571,2024-10-12,West,Store,Desk lamp,Home,1,24900,12500,0,Completed
ORD-002572,2024-10-12,West,Store,Desk lamp,Home,3,24900,12500,10,Completed
ORD-002573,2024-10-12,Central,Store,Storage set,Home,2,17900,9500,0,Completed
ORD-002574,2024-10-12,South,Store,Wireless headphones,Electronics,1,49900,29000,0,Completed
ORD-002575,2024-10-12,South,Online,Bluetooth speaker,Electronics,4,34900,21000,0,Completed
ORD-002576,2024-10-13,Central,Online,Bluetooth speaker,Electronics,4,34900,21000,0,Completed
ORD-002577,2024-10-13,North,Store,Desk lamp,Home,1,24900,12500,0,Completed
ORD-002578,2024-10-13,North,Online,Bluetooth speaker,Electronics,1,34900,21000,10,Completed
ORD-002579,2024-10-13,South,Store,Desk lamp,Home,4,24900,12500,20,Completed
ORD-002580,2024-10-13,North,Online,Storage set,Home,4,17900,9500,0,Completed
ORD-002581,2024-10-13,South,Online,Wireless headphones,Electronics,3,49900,29000,10,Completed
ORD-002582,2024-10-13,North,Online,Laptop stand,Office,1,29900,16000,10,Completed
ORD-002583,2024-10-13,West,Store,Desk lamp,Home,3,24900,12500,20,Completed
ORD-002584,2024-10-13,Central,Online,Laptop stand,Office,2,29900,16000,10,Completed
ORD-002585,2024-10-14,West,Online,Travel bag,Accessories,1,39900,23000,15,Completed
ORD-002586,2024-10-14,North,Store,Notebook pack,Office,4,8900,4000,15,Completed
ORD-002587,2024-10-14,West,Online,Storage set,Home,3,17900,9500,0,Returned
ORD-002588,2024-10-14,Central,Online,Notebook pack,Office,2,8900,4000,0,Completed
ORD-002589,2024-10-14,West,Store,Bluetooth speaker,Electronics,1,34900,21000,0,Completed
ORD-002590,2024-10-14,Central,Online,Wireless headphones,Electronics,2,49900,29000,0,Completed
ORD-002591,2024-10-14,North,Online,Laptop stand,Office,1,29900,16000,0,Completed
ORD-002592,2024-10-14,Central,Store,Bluetooth speaker,Electronics,1,34900,21000,0,Completed
ORD-002593,2024-10-14,Central,Store,Laptop stand,Office,1,29900,16000,0,Completed
ORD-002594,2024-10-14,West,Store,Desk lamp,Home,1,24900,12500,0,Completed
ORD-002595,2024-10-15,Central,Online,Wireless headphones,Electronics,3,49900,29000,20,Completed
ORD-002596,2024-10-15,South,Store,Phone case,Accessories,4,9900,3500,0,Completed
ORD-002597,2024-10-15,South,Online,Laptop stand,Office,3,29900,16000,0,Completed
ORD-002598,2024-10-15,West,Online,Desk lamp,Home,1,24900,12500,0,Completed
ORD-002599,2024-10-15,Central,Online,Phone case,Accessories,1,9900,3500,10,Completed
ORD-002600,2024-10-15,North,Online,Bluetooth speaker,Electronics,4,34900,21000,0,Completed
ORD-002601,2024-10-15,Central,Store,Travel bag,Accessories,4,39900,23000,0,Completed
ORD-002602,2024-10-15,Central,Store,Wireless headphones,Electronics,3,49900,29000,0,Completed
ORD-002603,2024-10-15,West,Online,Wireless headphones,Electronics,3,49900,29000,10,Completed
ORD-002604,2024-10-16,Central,Online,Wireless headphones,Electronics,1,49900,29000,0,Completed
ORD-002605,2024-10-16,West,Store,Bluetooth speaker,Electronics,3,34900,21000,0,Completed
ORD-002606,2024-10-16,Central,Online,Laptop stand,Office,4,29900,16000,0,Completed
ORD-002607,2024-10-16,North,Online,Wireless headphones,Electronics,3,49900,29000,0,Completed
ORD-002608,2024-10-16, Central ,Store,Notebook pack,Office,3,8900,4000,0,Completed
ORD-002609,2024-10-16,Central,Store,Wireless headphones,Electronics,2,49900,29000,10,Completed
ORD-002610,2024-10-16,West,Store,Phone case,Accessories,4,9900,3500,0,Completed
ORD-002611,2024-10-16,South,Online,Notebook pack,Office,2,8900,4000,10,Completed
ORD-002612,2024-10-17,West,Online,Wireless headphones,Electronics,4,49900,29000,0,Cancelled
ORD-002613,2024-10-17,West,Store,Wireless headphones,Electronics,1,49900,29000,0,Completed
ORD-002614,2024-10-17,North,Online,Phone case,Accessories,1,9900,3500,10,Completed
ORD-002615,2024-10-17,Central,Store,Storage set,Home,1,17900,9500,15,Completed
ORD-002616,2024-10-17,South,Online,Laptop stand,Office,1,29900,16000,0,Completed
ORD-002617,2024-10-18,West,Online,Wireless headphones,Electronics,4,49900,29000,20,Completed
ORD-002618,2024-10-18,South,Store,Phone case,Accessories,2,9900,3500,0,Completed
ORD-002619,2024-10-18,West,Online,Bluetooth speaker,Electronics,3,34900,21000,0,Returned
ORD-002620,2024-10-18,North,Online,Bluetooth speaker,Electronics,1,34900,21000,0,Completed
ORD-002621,2024-10-18,Central,Online,Storage set,Home,3,17900,9500,0,Completed
ORD-002622,2024-10-18,South,Store,Laptop stand,Office,4,29900,16000,15,Completed
ORD-002623,2024-10-18,North,Online,Laptop stand,Office,2,29900,16000,0,Completed
ORD-002624,2024-10-18,West,Online,Phone case,Accessories,2,9900,3500,0,Completed
ORD-002625,2024-10-18,South,Store,Desk lamp,Home,3,24900,12500,0,Returned
ORD-002626,2024-10-19,Central,Store,Storage set,Home,4,17900,9500,20,Completed
ORD-002627,2024-10-19,West,Store,Bluetooth speaker,Electronics,3,34900,21000,20,Completed
ORD-002628,2024-10-19,West,Store,Bluetooth speaker,Electronics,3,34900,21000,0,Completed
ORD-002629,2024-10-19,Central,Store,Bluetooth speaker,Electronics,3,34900,21000,0,Completed
ORD-002630,2024-10-19,South,Online,Storage set,Home,3,17900,9500,0,Completed
ORD-002631,2024-10-19,North,Online,Desk lamp,Home,1,24900,12500,0,Completed
ORD-002632,2024-10-19,West,Online,Bluetooth speaker,Electronics,2,34900,21000,0,Completed
ORD-002633,2024-10-19,North,Store,Travel bag,Accessories,1,39900,23000,20,Completed
ORD-002634,2024-10-20,West,Online,Laptop stand,Office,4,29900,16000,0,Completed
ORD-002635,2024-10-20,South,Online,Phone case,Accessories,4,9900,3500,10,Completed
ORD-002636,2024-10-20,South,Online,Wireless headphones,Electronics,1,49900,29000,0,Completed
ORD-002637,2024-10-20,North,Online,Travel bag,Accessories,4,39900,23000,15,Completed
ORD-002638,2024-10-20,Central,Store,Desk lamp,Home,2,24900,12500,0,Completed
ORD-002639,2024-10-20,West,Online,Bluetooth speaker,Electronics,4,34900,21000,0,Completed
ORD-002640,2024-10-20,South,Online,Travel bag,Accessories,4,39900,23000,0,Completed
ORD-002641,2024-10-20,West,Online,Laptop stand,Office,3,29900,16000,0,Completed
ORD-002642,2024-10-20,Central,Online,Bluetooth speaker,Electronics,3,34900,21000,0,Completed
ORD-002643,2024-10-20,South,Online,Notebook pack,Office,4,8900,4000,0,Completed
ORD-002644,2024-10-20,Central,Online,Wireless headphones,Electronics,2,49900,29000,0,Completed
ORD-002645,2024-10-20,South,Store,Storage set,Home,2,17900,9500,20,Completed
ORD-002646,2024-10-20,West,Store,Desk lamp,Home,4,24900,12500,10,Completed
ORD-002647,2024-10-20,South,Online,Wireless headphones,Electronics,3,49900,29000,0,Cancelled
ORD-002648,2024-10-21,Central,Store,Storage set,Home,2,17900,9500,20,Completed
ORD-002649,2024-10-21,North,Online,Travel bag,Accessories,4,39900,23000,15,Completed
ORD-002650,2024-10-21,North,Online,Storage set,Home,1,17900,9500,0,Completed
ORD-002651,2024-10-21,West,Online,Wireless headphones,Electronics,3,49900,29000,10,Completed
ORD-002652,2024-10-21,North,Online,Laptop stand,Office,3,29900,16000,10,Completed
ORD-002653,2024-10-21,Central,Store,Laptop stand,Office,4,29900,16000,0,Completed
ORD-002654,2024-10-22,West,Online,Bluetooth speaker,Electronics,3,34900,21000,0,Completed
ORD-002655,2024-10-22,South,Store,Wireless headphones,Electronics,1,49900,29000,15,Completed
ORD-002656,2024-10-22,North,Online,Desk lamp,Home,3,24900,12500,0,Completed
ORD-002657,2024-10-22,West,Store,Bluetooth speaker,Electronics,2,34900,21000,20,Completed
ORD-002658,2024-10-22,South,Store,Laptop stand,Office,2,29900,16000,10,Completed
ORD-002659,2024-10-22,Central,Online,Phone case,Accessories,3,9900,3500,10,Completed
ORD-002660,2024-10-22,Central,Online,Notebook pack,Office,3,8900,4000,15,Completed
ORD-002661,2024-10-22,South,Store,Bluetooth speaker,Electronics,2,34900,21000,0,Completed
ORD-002662,2024-10-22,West,Online,Phone case,Accessories,4,9900,3500,15,Completed
ORD-002663,2024-10-22,North,Online,Bluetooth speaker,Electronics,1,34900,21000,0,Completed
ORD-002664,2024-10-22,Central,Online,Travel bag,Accessories,4,39900,23000,20,Completed
ORD-002665,2024-10-22,Central,Online,Bluetooth speaker,Electronics,3,34900,21000,0,Completed
ORD-002666,2024-10-23,North,Store,Wireless headphones,Electronics,3,49900,29000,15,Completed
ORD-002667,2024-10-23,North,Online,Laptop stand,Office,4,29900,16000,20,Completed
ORD-002668,2024-10-23,West,Store,Laptop stand,Office,4,29900,16000,0,Completed
ORD-002669,2024-10-23,West,Online,Notebook pack,Office,1,8900,4000,15,Returned
ORD-002670,2024-10-23,Central,Online,Notebook pack,Office,4,8900,4000,0,Completed
ORD-002671,2024-10-24,West,Store,Laptop stand,Office,2,29900,16000,10,Completed
ORD-002672,2024-10-24,Central,Online,Wireless headphones,Electronics,3,49900,29000,0,Completed
ORD-002673,2024-10-24,West,Store,Travel bag,Accessories,2,39900,23000,10,Completed
ORD-002674,2024-10-24,North,Online,Laptop stand,Office,3,29900,16000,10,Completed
ORD-002675,2024-10-24,North,Store,Wireless headphones,Electronics,4,49900,29000,0,Completed
ORD-002676,2024-10-24,North,Online,Desk lamp,Home,4,24900,12500,0,Completed
ORD-002677,2024-10-24,Central,Online,Phone case,Accessories,3,9900,3500,10,Completed
ORD-002678,2024-10-24,North,Online,Bluetooth speaker,Electronics,1,34900,21000,0,Returned
ORD-002679,2024-10-24,Central,Online,Laptop stand,Office,4,29900,16000,20,Completed
ORD-002680,2024-10-24,North,Online,Wireless headphones,Electronics,4,49900,29000,0,Completed
ORD-002681,2024-10-24,Central,Online,Desk lamp,Home,3,24900,12500,0,Completed
ORD-002682,2024-10-24,West,Online,Wireless headphones,Electronics,2,49900,29000,20,Completed
ORD-002683,2024-10-25,South,Online,Desk lamp,Home,2,24900,12500,10,Returned
ORD-002684,2024-10-25,Central,Online,Wireless headphones,Electronics,4,49900,29000,0,Completed
ORD-002685,2024-10-25,West,Online,Travel bag,Accessories,4,39900,23000,0,Cancelled
ORD-002686,2024-10-25,Central,Online,Desk lamp,Home,2,24900,12500,0,Completed
ORD-002687,2024-10-25, Central ,Store,Storage set,Home,3,17900,9500,10,Cancelled
ORD-002688,2024-10-25,North,Store,Laptop stand,Office,4,29900,16000,0,Completed
ORD-002689,2024-10-25,South,Online,Laptop stand,Office,2,29900,16000,15,Completed
ORD-002690,2024-10-25,North,Store,Bluetooth speaker,Electronics,2,34900,21000,20,Cancelled
ORD-002691,2024-10-25,West,Store,Laptop stand,Office,4,29900,16000,10,Completed
ORD-002692,2024-10-26,Central,Store,Phone case,Accessories,2,9900,3500,0,Completed
ORD-002693,2024-10-26,Central,Online,Desk lamp,Home,4,24900,12500,10,Completed
ORD-002694,2024-10-26,Central,Online,Phone case,Accessories,1,9900,3500,15,Completed
ORD-002695,2024-10-26,West,Store,Travel bag,Accessories,3,39900,23000,0,Completed
ORD-002696,2024-10-26,Central,Store,Wireless headphones,Electronics,2,49900,29000,0,Completed
ORD-002697,2024-10-26,Central,Store,Desk lamp,Home,3,24900,12500,15,Completed
ORD-002698,2024-10-26,North,Store,Wireless headphones,Electronics,1,49900,29000,0,Completed
ORD-002699,2024-10-26,Central,Online,Travel bag,Accessories,1,39900,23000,15,Completed
ORD-002700,2024-10-27,Central,Store,Laptop stand,Office,3,29900,16000,0,Completed
ORD-002701,2024-10-27,West,Store,Storage set,Home,1,17900,9500,0,Completed
ORD-002702,2024-10-27,South,Online,Phone case,Accessories,1,9900,3500,10,Completed
ORD-002703,2024-10-27,Central,Online,Notebook pack,Office,2,8900,4000,0,Cancelled
ORD-002704,2024-10-27,West,Store,Laptop stand,Office,4,29900,16000,20,Completed
ORD-002705,2024-10-27,West,Store,Desk lamp,Home,1,24900,12500,0,Cancelled
ORD-002706,2024-10-27,South,Online,Phone case,Accessories,4,9900,3500,0,Completed
ORD-002707,2024-10-27,Central,Online,Desk lamp,Home,1,24900,12500,15,Cancelled
ORD-002708,2024-10-27,South,Online,Travel bag,Accessories,2,39900,23000,20,Completed
ORD-002709,2024-10-28,North,Online,Phone case,Accessories,1,9900,3500,0,Completed
ORD-002710,2024-10-28,North,Store,Phone case,Accessories,2,9900,3500,20,Completed
ORD-002711,2024-10-28,Central,Online,Desk lamp,Home,1,24900,12500,10,Completed
ORD-002712,2024-10-28,North,Online,Storage set,Home,1,17900,9500,0,Completed
ORD-002713,2024-10-28,North,Store,Wireless headphones,Electronics,4,49900,29000,0,Completed
ORD-002714,2024-10-28,West,Online,Wireless headphones,Electronics,4,49900,29000,10,Completed
ORD-002715,2024-10-28,West,Online,Bluetooth speaker,Electronics,4,34900,21000,10,Completed
ORD-002716,2024-10-28,West,Online,Storage set,Home,3,17900,9500,10,Completed
ORD-002717,2024-10-29,West,Online,Wireless headphones,Electronics,2,49900,29000,0,Completed
ORD-002718,2024-10-29,West,Store,Notebook pack,Office,1,8900,4000,0,Completed
ORD-002719,2024-10-29,Central,Store,Wireless headphones,Electronics,2,49900,29000,0,Completed
ORD-002720,2024-10-29,West,Store,Laptop stand,Office,4,29900,16000,0,Completed
ORD-002721,2024-10-29,West,Online,Wireless headphones,Electronics,4,49900,29000,20,Completed
ORD-002722,2024-10-29,Central,Online,Travel bag,Accessories,4,39900,23000,20,Completed
ORD-002723,2024-10-30,South,Store,Bluetooth speaker,Electronics,2,34900,21000,20,Completed
ORD-002724,2024-10-30,Central,Online,Phone case,Accessories,3,9900,3500,10,Completed
ORD-002725,2024-10-30,Central,Online,Wireless headphones,Electronics,2,49900,29000,0,Completed
ORD-002726,2024-10-30,South,Online,Laptop stand,Office,4,29900,16000,0,Completed
ORD-002727,2024-10-30,Central,Online,Wireless headphones,Electronics,1,49900,29000,0,Cancelled
ORD-002728,2024-10-30,West,Online,Phone case,Accessories,1,9900,3500,0,Completed
ORD-002729,2024-10-31,Central,Online,Notebook pack,Office,4,8900,4000,15,Completed
ORD-002730,2024-10-31,North,Store,Storage set,Home,2,17900,9500,0,Completed
ORD-002731,2024-10-31,Central,Store,Notebook pack,Office,2,8900,4000,0,Completed
ORD-002732,2024-10-31,South,Online,Bluetooth speaker,Electronics,3,34900,21000,20,Returned
ORD-002733,2024-10-31,Central,Online,Phone case,Accessories,1,9900,3500,0,Completed
ORD-002734,2024-10-31,South,Online,Bluetooth speaker,Electronics,3,34900,21000,0,Completed
ORD-002735,2024-10-31,North,Store,Bluetooth speaker,Electronics,2,34900,21000,0,Completed
ORD-002736,2024-11-01,Central,Online,Desk lamp,Home,2,24900,12500,10,Completed
ORD-002737,2024-11-01,Central,Store,Bluetooth speaker,Electronics,3,34900,21000,10,Completed
ORD-002738,2024-11-01,North,Online,Desk lamp,Home,3,24900,12500,0,Completed
ORD-002739,2024-11-01,Central,Store,Wireless headphones,Electronics,2,49900,29000,0,Completed
ORD-002740,2024-11-01,West,Online,Desk lamp,Home,1,24900,12500,10,Completed
ORD-002741,2024-11-01,North,Online,Wireless headphones,Electronics,3,49900,29000,0,Returned
ORD-002742,2024-11-01,North,Store,Phone case,Accessories,3,9900,3500,15,Completed
ORD-002743,2024-11-01,Central,Store,Desk lamp,Home,3,24900,12500,15,Completed
ORD-002744,2024-11-01,North,Online,Laptop stand,Office,2,29900,16000,0,Completed
ORD-002745,2024-11-01,Central,Online,Phone case,Accessories,4,9900,3500,0,Returned
ORD-002746,2024-11-01,North,Online,Notebook pack,Office,3,8900,4000,20,Completed
ORD-002747,2024-11-01,North,Online,Wireless headphones,Electronics,1,49900,29000,10,Completed
ORD-002748,2024-11-01,West,Store,Bluetooth speaker,Electronics,3,34900,21000,0,Completed
ORD-002749,2024-11-01,West,Online,Wireless headphones,Electronics,4,49900,29000,0,Completed
ORD-002750,2024-11-01,North,Online,Storage set,Home,4,17900,9500,0,Completed
ORD-002751,2024-11-02,Central,Store,Phone case,Accessories,1,9900,3500,15,Completed
ORD-002752,2024-11-02,South,Online,Laptop stand,Office,3,29900,16000,0,Completed
ORD-002753,2024-11-02,Central,Online,Phone case,Accessories,2,9900,3500,15,Completed
ORD-002754,2024-11-02,South,Online,Desk lamp,Home,4,24900,12500,10,Completed
ORD-002755,2024-11-02,West,Store,Bluetooth speaker,Electronics,2,34900,21000,20,Completed
ORD-002756,2024-11-02,West,Online,Laptop stand,Office,1,29900,16000,0,Completed
ORD-002757,2024-11-02,Central,Online,Desk lamp,Home,4,24900,12500,0,Completed
ORD-002758,2024-11-02,West,Online,Phone case,Accessories,3,9900,3500,0,Completed
ORD-002759,2024-11-02,Central,Store,Storage set,Home,4,17900,9500,0,Completed
ORD-002760,2024-11-02,West,Online,Laptop stand,Office,4,29900,16000,0,Completed
ORD-002761,2024-11-02,West,Store,Storage set,Home,3,17900,9500,20,Completed
ORD-002762,2024-11-03,Central,Online,Desk lamp,Home,3,24900,12500,0,Completed
ORD-002763,2024-11-03,Central,Online,Wireless headphones,Electronics,4,49900,29000,20,Completed
ORD-002764,2024-11-03,Central,Store,Travel bag,Accessories,3,39900,23000,0,Cancelled
ORD-002765,2024-11-03,Central,Online,Desk lamp,Home,1,24900,12500,0,Completed
ORD-002766,2024-11-03, West ,Online,Notebook pack,Office,1,8900,4000,0,Completed
ORD-002767,2024-11-03,South,Store,Wireless headphones,Electronics,2,49900,29000,0,Completed
ORD-002768,2024-11-03,Central,Online,Bluetooth speaker,Electronics,4,34900,21000,0,Cancelled
ORD-002769,2024-11-03,North,Store,Wireless headphones,Electronics,4,49900,29000,10,Completed
ORD-002770,2024-11-03,North,Online,Desk lamp,Home,3,24900,12500,20,Completed
ORD-002771,2024-11-03,South,Online,Laptop stand,Office,2,29900,16000,20,Completed
ORD-002772,2024-11-03,Central,Store,Desk lamp,Home,3,24900,12500,15,Completed
ORD-002773,2024-11-03,West,Store,Desk lamp,Home,1,24900,12500,0,Completed
ORD-002774,2024-11-03,West,Store,Storage set,Home,3,17900,9500,20,Completed
ORD-002775,2024-11-03,Central,Store,Laptop stand,Office,3,29900,16000,0,Completed
ORD-002776,2024-11-03,North,Online,Phone case,Accessories,2,9900,3500,15,Completed
ORD-002777,2024-11-04,South,Online,Notebook pack,Office,3,8900,4000,10,Returned
ORD-002778,2024-11-04,North,Store,Bluetooth speaker,Electronics,3,34900,21000,20,Completed
ORD-002779,2024-11-04,West,Online,Laptop stand,Office,1,29900,16000,0,Completed
ORD-002780,2024-11-04,West,Online,Wireless headphones,Electronics,3,49900,29000,0,Completed
ORD-002781,2024-11-04,West,Store,Bluetooth speaker,Electronics,3,34900,21000,15,Completed
ORD-002782,2024-11-04,West,Online,Desk lamp,Home,2,24900,12500,20,Completed
ORD-002783,2024-11-04,North,Online,Notebook pack,Office,1,8900,4000,0,Completed
ORD-002784,2024-11-04,South,Online,Phone case,Accessories,1,9900,3500,0,Completed
ORD-002785,2024-11-04,North,Online,Wireless headphones,Electronics,4,49900,29000,0,Completed
ORD-002786,2024-11-05,Central,Store,Phone case,Accessories,2,9900,3500,10,Returned
ORD-002787,2024-11-05,South,Online,Storage set,Home,3,17900,9500,15,Completed
ORD-002788,2024-11-05,Central,Online,Travel bag,Accessories,2,39900,23000,0,Completed
ORD-002789,2024-11-05,South,Store,Desk lamp,Home,1,24900,12500,0,Cancelled
ORD-002790,2024-11-05,Central,Store,Notebook pack,Office,2,8900,4000,0,Completed
ORD-002791,2024-11-05,Central,Online,Laptop stand,Office,2,29900,16000,10,Completed
ORD-002792,2024-11-05,Central,Online,Desk lamp,Home,3,24900,12500,15,Completed
ORD-002793,2024-11-05,South,Store,Wireless headphones,Electronics,4,49900,29000,15,Completed
ORD-002794,2024-11-05,North,Store,Storage set,Home,4,17900,9500,0,Completed
ORD-002795,2024-11-05,West,Online,Desk lamp,Home,4,24900,12500,0,Completed
ORD-002796,2024-11-05,South,Online,Desk lamp,Home,3,24900,12500,20,Returned
ORD-002797,2024-11-05,Central,Store,Phone case,Accessories,4,9900,3500,0,Completed
ORD-002798,2024-11-06,North,Store,Bluetooth speaker,Electronics,4,34900,21000,0,Completed
ORD-002799,2024-11-06,West,Online,Storage set,Home,2,17900,9500,10,Completed
ORD-002800,2024-11-06,Central,Online,Desk lamp,Home,2,24900,12500,0,Completed
ORD-002801,2024-11-06,West,Store,Phone case,Accessories,2,9900,3500,0,Completed
ORD-002802,2024-11-06,West,Store,Bluetooth speaker,Electronics,2,34900,21000,10,Completed
ORD-002803,2024-11-06,Central,Store,Desk lamp,Home,2,24900,12500,0,Completed
ORD-002804,2024-11-06,North,Store,Desk lamp,Home,1,24900,12500,0,Returned
ORD-002805,2024-11-06,South,Online,Wireless headphones,Electronics,4,49900,29000,0,Completed
ORD-002806,2024-11-06,Central,Online,Travel bag,Accessories,1,39900,23000,10,Completed
ORD-002807,2024-11-06,South,Online,Phone case,Accessories,1,9900,3500,0,Completed
ORD-002808,2024-11-06,West,Store,Wireless headphones,Electronics,2,49900,29000,0,Completed
ORD-002809,2024-11-07,South,Online,Bluetooth speaker,Electronics,2,34900,21000,0,Completed
ORD-002810,2024-11-07,West,Online,Desk lamp,Home,3,24900,12500,15,Completed
ORD-002811,2024-11-07,North,Store,Desk lamp,Home,2,24900,12500,0,Completed
ORD-002812,2024-11-07,South,Online,Storage set,Home,2,17900,9500,0,Returned
ORD-002813,2024-11-07,Central,Online,Wireless headphones,Electronics,4,49900,29000,20,Completed
ORD-002814,2024-11-07,West,Store,Desk lamp,Home,1,24900,12500,0,Cancelled
ORD-002815,2024-11-07,South,Store,Notebook pack,Office,1,8900,4000,10,Completed
ORD-002816,2024-11-07,North,Store,Wireless headphones,Electronics,1,49900,29000,0,Completed
ORD-002817,2024-11-07,Central,Online,Desk lamp,Home,4,24900,12500,0,Completed
ORD-002818,2024-11-07,South,Online,Desk lamp,Home,3,24900,12500,10,Completed
ORD-002819,2024-11-07,Central,Online,Desk lamp,Home,1,24900,12500,0,Completed
ORD-002820,2024-11-07,South,Store,Wireless headphones,Electronics,3,49900,29000,10,Completed
ORD-002821,2024-11-08,Central,Online,Phone case,Accessories,1,9900,3500,10,Completed
ORD-002822,2024-11-08,South,Store,Bluetooth speaker,Electronics,1,34900,21000,0,Completed
ORD-002823,2024-11-08,Central,Online,Bluetooth speaker,Electronics,1,34900,21000,15,Completed
ORD-002824,2024-11-08,North,Store,Storage set,Home,3,17900,9500,0,Cancelled
ORD-002825,2024-11-08,North,Online,Laptop stand,Office,2,29900,16000,0,Completed
ORD-002826,2024-11-08,West,Online,Storage set,Home,1,17900,9500,0,Completed
ORD-002827,2024-11-08,West,Online,Notebook pack,Office,4,8900,4000,0,Completed
ORD-002828,2024-11-08,Central,Store,Wireless headphones,Electronics,2,49900,29000,0,Completed
ORD-002829,2024-11-08,Central,Online,Travel bag,Accessories,3,39900,23000,10,Completed
ORD-002830,2024-11-08,South,Online,Laptop stand,Office,4,29900,16000,0,Completed
ORD-002831,2024-11-08,South,Online,Laptop stand,Office,2,29900,16000,0,Completed
ORD-002832,2024-11-08,South,Online,Laptop stand,Office,4,29900,16000,0,Completed
ORD-002833,2024-11-08,North,Store,Travel bag,Accessories,1,39900,23000,0,Cancelled
ORD-002834,2024-11-08,Central,Online,Laptop stand,Office,2,29900,16000,20,Completed
ORD-002835,2024-11-08,Central,Online,Notebook pack,Office,1,8900,4000,0,Completed
ORD-002836,2024-11-08,West,Store,Bluetooth speaker,Electronics,2,34900,21000,10,Completed
ORD-002837,2024-11-09,Central,Online,Travel bag,Accessories,3,39900,23000,15,Completed
ORD-002838,2024-11-09,West,Store,Laptop stand,Office,2,29900,16000,15,Completed
ORD-002839,2024-11-09,Central,Online,Notebook pack,Office,3,8900,4000,20,Returned
ORD-002840,2024-11-09,West,Online,Wireless headphones,Electronics,1,49900,29000,10,Completed
ORD-002841,2024-11-09,Central,Online,Phone case,Accessories,3,9900,3500,0,Completed
ORD-002842,2024-11-09,West,Online,Travel bag,Accessories,3,39900,23000,0,Completed
ORD-002843,2024-11-09,South,Store,Travel bag,Accessories,3,39900,23000,10,Returned
ORD-002844,2024-11-09,West,Online,Notebook pack,Office,2,8900,4000,0,Completed
ORD-002845,2024-11-09, Central ,Store,Laptop stand,Office,4,29900,16000,20,Completed
ORD-002846,2024-11-09,West,Online,Storage set,Home,2,17900,9500,0,Completed
ORD-002847,2024-11-09,South,Store,Wireless headphones,Electronics,3,49900,29000,0,Completed
ORD-002848,2024-11-09,West,Online,Desk lamp,Home,3,24900,12500,10,Completed
ORD-002849,2024-11-10,Central,Online,Travel bag,Accessories,1,39900,23000,15,Completed
ORD-002850,2024-11-10,West,Online,Phone case,Accessories,2,9900,3500,0,Completed
ORD-002851,2024-11-10,Central,Online,Bluetooth speaker,Electronics,3,34900,21000,0,Completed
ORD-002852,2024-11-10,South,Online,Laptop stand,Office,2,29900,16000,10,Completed
ORD-002853,2024-11-10,West,Online,Travel bag,Accessories,3,39900,23000,15,Completed
ORD-002854,2024-11-10,Central,Online,Wireless headphones,Electronics,4,49900,29000,0,Cancelled
ORD-002855,2024-11-10,North,Store,Wireless headphones,Electronics,1,49900,29000,0,Completed
ORD-002856,2024-11-10,West,Online,Notebook pack,Office,1,8900,4000,0,Completed
ORD-002857,2024-11-10,North,Store,Phone case,Accessories,3,9900,3500,0,Completed
ORD-002858,2024-11-10,West,Online,Laptop stand,Office,4,29900,16000,0,Completed
ORD-002859,2024-11-10,North,Online,Phone case,Accessories,2,9900,3500,15,Returned
ORD-002860,2024-11-10,South,Online,Wireless headphones,Electronics,3,49900,29000,15,Completed
ORD-002861,2024-11-10,West,Online,Storage set,Home,2,17900,9500,0,Completed
ORD-002862,2024-11-10,Central,Online,Notebook pack,Office,1,8900,4000,0,Returned
ORD-002863,2024-11-10,West,Store,Wireless headphones,Electronics,3,49900,29000,15,Completed
ORD-002864,2024-11-10,North,Store,Bluetooth speaker,Electronics,3,34900,21000,10,Completed
ORD-002865,2024-11-10,North,Store,Wireless headphones,Electronics,4,49900,29000,15,Completed
ORD-002866,2024-11-11,Central,Online,Bluetooth speaker,Electronics,2,34900,21000,0,Completed
ORD-002867,2024-11-11,Central,Online,Laptop stand,Office,1,29900,16000,10,Completed
ORD-002868,2024-11-11,Central,Store,Travel bag,Accessories,1,39900,23000,0,Completed
ORD-002869,2024-11-11,Central,Online,Wireless headphones,Electronics,3,49900,29000,0,Completed
ORD-002870,2024-11-11,North,Store,Travel bag,Accessories,2,39900,23000,0,Completed
ORD-002871,2024-11-11,West,Online,Phone case,Accessories,3,9900,3500,20,Completed
ORD-002872,2024-11-11,West,Online,Storage set,Home,2,17900,9500,10,Completed
ORD-002873,2024-11-11,Central,Store,Phone case,Accessories,2,9900,3500,0,Completed
ORD-002874,2024-11-11,South,Store,Phone case,Accessories,2,9900,3500,10,Completed
ORD-002875,2024-11-11,Central,Online,Storage set,Home,3,17900,9500,20,Completed
ORD-002876,2024-11-11,West,Online,Bluetooth speaker,Electronics,4,34900,21000,0,Completed
ORD-002877,2024-11-12,West,Store,Bluetooth speaker,Electronics,2,34900,21000,0,Completed
ORD-002878,2024-11-12,North,Online,Phone case,Accessories,3,9900,3500,10,Returned
ORD-002879,2024-11-12,West,Online,Storage set,Home,2,17900,9500,10,Cancelled
ORD-002880,2024-11-12,South,Store,Phone case,Accessories,4,9900,3500,20,Completed
ORD-002881,2024-11-12,West,Online,Laptop stand,Office,3,29900,16000,0,Completed
ORD-002882,2024-11-12,Central,Store,Desk lamp,Home,2,24900,12500,20,Cancelled
ORD-002883,2024-11-12,West,Store,Desk lamp,Home,1,24900,12500,10,Completed
ORD-002884,2024-11-12,Central,Online,Laptop stand,Office,2,29900,16000,10,Completed
ORD-002885,2024-11-12,North,Store,Desk lamp,Home,4,24900,12500,0,Completed
ORD-002886,2024-11-12,Central,Store,Notebook pack,Office,4,8900,4000,0,Completed
ORD-002887,2024-11-12,West,Online,Phone case,Accessories,1,9900,3500,0,Completed
ORD-002888,2024-11-12,Central,Store,Phone case,Accessories,1,9900,3500,0,Completed
ORD-002889,2024-11-12,West,Store,Laptop stand,Office,3,29900,16000,0,Completed
ORD-002890,2024-11-12,Central,Online,Bluetooth speaker,Electronics,4,34900,21000,10,Completed
ORD-002891,2024-11-12,South,Online,Laptop stand,Office,4,29900,16000,10,Completed
ORD-002892,2024-11-12,West,Store,Notebook pack,Office,1,8900,4000,0,Completed
ORD-002893,2024-11-13,West,Store,Desk lamp,Home,3,24900,12500,0,Cancelled
ORD-002894,2024-11-13,North,Online,Laptop stand,Office,3,29900,16000,0,Completed
ORD-002895,2024-11-13,South,Online,Bluetooth speaker,Electronics,2,34900,21000,0,Completed
ORD-002896,2024-11-13,Central,Online,Phone case,Accessories,4,9900,3500,15,Completed
ORD-002897,2024-11-13,Central,Online,Wireless headphones,Electronics,2,49900,29000,10,Completed
ORD-002898,2024-11-13,North,Store,Phone case,Accessories,1,9900,3500,0,Completed
ORD-002899,2024-11-13,South,Store,Storage set,Home,4,17900,9500,20,Completed
ORD-002900,2024-11-13,Central,Store,Phone case,Accessories,4,9900,3500,0,Returned
ORD-002901,2024-11-13,Central,Online,Phone case,Accessories,4,9900,3500,15,Completed
ORD-002902,2024-11-13,North,Store,Desk lamp,Home,1,24900,12500,0,Completed
ORD-002903,2024-11-14,Central,Store,Travel bag,Accessories,2,39900,23000,20,Completed
ORD-002904,2024-11-14,Central,Store,Laptop stand,Office,4,29900,16000,0,Completed
ORD-002905,2024-11-14,North,Online,Notebook pack,Office,1,8900,4000,0,Completed
ORD-002906,2024-11-14,West,Store,Notebook pack,Office,4,8900,4000,15,Completed
ORD-002907,2024-11-14,South,Online,Laptop stand,Office,3,29900,16000,0,Completed
ORD-002908,2024-11-14,North,Store,Wireless headphones,Electronics,4,49900,29000,0,Completed
ORD-002909,2024-11-14,Central,Online,Travel bag,Accessories,4,39900,23000,0,Returned
ORD-002910,2024-11-14,Central,Online,Bluetooth speaker,Electronics,3,34900,21000,0,Cancelled
ORD-002911,2024-11-14,West,Online,Laptop stand,Office,4,29900,16000,0,Completed
ORD-002912,2024-11-14,Central,Online,Storage set,Home,4,17900,9500,20,Completed
ORD-002913,2024-11-14,West,Online,Desk lamp,Home,1,24900,12500,15,Completed
ORD-002914,2024-11-14,North,Store,Notebook pack,Office,2,8900,4000,0,Completed
ORD-002915,2024-11-14,South,Store,Notebook pack,Office,2,8900,4000,0,Completed
ORD-002916,2024-11-14,Central,Store,Desk lamp,Home,4,24900,12500,0,Cancelled
ORD-002917,2024-11-14,South,Store,Notebook pack,Office,3,8900,4000,10,Completed
ORD-002918,2024-11-14,Central,Online,Laptop stand,Office,3,29900,16000,20,Completed
ORD-002919,2024-11-15,Central,Online,Storage set,Home,1,17900,9500,10,Completed
ORD-002920,2024-11-15,Central,Store,Bluetooth speaker,Electronics,2,34900,21000,10,Completed
ORD-002921,2024-11-15,Central,Online,Laptop stand,Office,2,29900,16000,0,Completed
ORD-002922,2024-11-15,Central,Online,Travel bag,Accessories,2,39900,23000,0,Completed
ORD-002923,2024-11-15,Central,Online,Notebook pack,Office,4,8900,4000,10,Completed
ORD-002924,2024-11-15, North ,Online,Laptop stand,Office,1,29900,16000,20,Completed
ORD-002925,2024-11-15,North,Store,Phone case,Accessories,1,9900,3500,15,Completed
ORD-002926,2024-11-15,Central,Store,Phone case,Accessories,3,9900,3500,0,Completed
ORD-002927,2024-11-15,Central,Online,Travel bag,Accessories,2,39900,23000,15,Completed
ORD-002928,2024-11-15,North,Online,Storage set,Home,4,17900,9500,15,Completed
ORD-002929,2024-11-15,North,Store,Bluetooth speaker,Electronics,1,34900,21000,15,Completed
ORD-002930,2024-11-15,North,Store,Notebook pack,Office,2,8900,4000,10,Completed
ORD-002931,2024-11-15,West,Online,Travel bag,Accessories,4,39900,23000,0,Completed
ORD-002932,2024-11-16,South,Online,Wireless headphones,Electronics,1,49900,29000,20,Completed
ORD-002933,2024-11-16,Central,Online,Bluetooth speaker,Electronics,3,34900,21000,0,Completed
ORD-002934,2024-11-16,Central,Online,Travel bag,Accessories,2,39900,23000,20,Completed
ORD-002935,2024-11-16,West,Online,Wireless headphones,Electronics,2,49900,29000,0,Completed
ORD-002936,2024-11-16,North,Online,Desk lamp,Home,3,24900,12500,0,Completed
ORD-002937,2024-11-16,Central,Online,Travel bag,Accessories,3,39900,23000,0,Completed
ORD-002938,2024-11-16,Central,Store,Travel bag,Accessories,4,39900,23000,10,Completed
ORD-002939,2024-11-16,North,Store,Wireless headphones,Electronics,3,49900,29000,10,Completed
ORD-002940,2024-11-16,Central,Online,Laptop stand,Office,1,29900,16000,0,Completed
ORD-002941,2024-11-16,South,Store,Bluetooth speaker,Electronics,4,34900,21000,15,Completed
ORD-002942,2024-11-16,Central,Online,Laptop stand,Office,2,29900,16000,15,Completed
ORD-002943,2024-11-16,Central,Store,Storage set,Home,3,17900,9500,20,Completed
ORD-002944,2024-11-16,Central,Online,Laptop stand,Office,4,29900,16000,10,Completed
ORD-002945,2024-11-16,Central,Online,Desk lamp,Home,2,24900,12500,10,Completed
ORD-002946,2024-11-16,North,Online,Desk lamp,Home,1,24900,12500,0,Completed
ORD-002947,2024-11-16,North,Online,Storage set,Home,4,17900,9500,0,Completed
ORD-002948,2024-11-16,South,Online,Bluetooth speaker,Electronics,4,34900,21000,0,Completed
ORD-002949,2024-11-16,West,Online,Phone case,Accessories,4,9900,3500,10,Completed
ORD-002950,2024-11-17,West,Online,Storage set,Home,3,17900,9500,10,Completed
ORD-002951,2024-11-17,West,Online,Bluetooth speaker,Electronics,2,34900,21000,10,Completed
ORD-002952,2024-11-17,West,Online,Laptop stand,Office,1,29900,16000,0,Completed
ORD-002953,2024-11-17,North,Online,Desk lamp,Home,4,24900,12500,0,Cancelled
ORD-002954,2024-11-17,North,Store,Wireless headphones,Electronics,2,49900,29000,10,Completed
ORD-002955,2024-11-17,West,Online,Wireless headphones,Electronics,4,49900,29000,20,Completed
ORD-002956,2024-11-17,West,Store,Phone case,Accessories,4,9900,3500,10,Completed
ORD-002957,2024-11-17,West,Online,Notebook pack,Office,2,8900,4000,20,Completed
ORD-002958,2024-11-17,South,Online,Notebook pack,Office,4,8900,4000,0,Completed
ORD-002959,2024-11-17,Central,Store,Desk lamp,Home,1,24900,12500,0,Completed
ORD-002960,2024-11-17,West,Online,Wireless headphones,Electronics,3,49900,29000,0,Completed
ORD-002961,2024-11-17,South,Store,Laptop stand,Office,2,29900,16000,20,Completed
ORD-002962,2024-11-17,Central,Store,Storage set,Home,1,17900,9500,10,Completed
ORD-002963,2024-11-17,North,Online,Bluetooth speaker,Electronics,4,34900,21000,20,Completed
ORD-002964,2024-11-17,West,Online,Notebook pack,Office,1,8900,4000,10,Completed
ORD-002965,2024-11-17,Central,Online,Bluetooth speaker,Electronics,4,34900,21000,0,Completed
ORD-002966,2024-11-18,Central,Online,Desk lamp,Home,3,24900,12500,10,Completed
ORD-002967,2024-11-18,West,Store,Notebook pack,Office,1,8900,4000,0,Completed
ORD-002968,2024-11-18,West,Store,Desk lamp,Home,3,24900,12500,0,Completed
ORD-002969,2024-11-18,North,Online,Desk lamp,Home,3,24900,12500,0,Completed
ORD-002970,2024-11-18,Central,Online,Desk lamp,Home,3,24900,12500,0,Completed
ORD-002971,2024-11-18,West,Store,Storage set,Home,1,17900,9500,10,Completed
ORD-002972,2024-11-18,West,Online,Storage set,Home,4,17900,9500,15,Completed
ORD-002973,2024-11-18,Central,Online,Laptop stand,Office,3,29900,16000,0,Completed
ORD-002974,2024-11-18,North,Online,Desk lamp,Home,4,24900,12500,10,Completed
ORD-002975,2024-11-18,South,Store,Bluetooth speaker,Electronics,2,34900,21000,10,Completed
ORD-002976,2024-11-18,South,Store,Laptop stand,Office,4,29900,16000,0,Completed
ORD-002977,2024-11-18,West,Online,Desk lamp,Home,3,24900,12500,0,Completed
ORD-002978,2024-11-19,Central,Store,Phone case,Accessories,2,9900,3500,20,Completed
ORD-002979,2024-11-19,Central,Store,Wireless headphones,Electronics,3,49900,29000,0,Completed
ORD-002980,2024-11-19,North,Online,Desk lamp,Home,2,24900,12500,0,Completed
ORD-002981,2024-11-19,Central,Store,Bluetooth speaker,Electronics,4,34900,21000,0,Completed
ORD-002982,2024-11-19,Central,Store,Notebook pack,Office,4,8900,4000,0,Completed
ORD-002983,2024-11-19,South,Online,Desk lamp,Home,3,24900,12500,10,Returned
ORD-002984,2024-11-19,Central,Online,Wireless headphones,Electronics,3,49900,29000,10,Completed
ORD-002985,2024-11-19,North,Online,Notebook pack,Office,1,8900,4000,0,Completed
ORD-002986,2024-11-19,North,Online,Wireless headphones,Electronics,2,49900,29000,10,Completed
ORD-002987,2024-11-19,North,Online,Bluetooth speaker,Electronics,2,34900,21000,10,Completed
ORD-002988,2024-11-19,Central,Store,Laptop stand,Office,1,29900,16000,10,Completed
ORD-002989,2024-11-19,Central,Online,Travel bag,Accessories,4,39900,23000,0,Completed
ORD-002990,2024-11-19,Central,Online,Bluetooth speaker,Electronics,1,34900,21000,0,Cancelled
ORD-002991,2024-11-19,West,Store,Desk lamp,Home,1,24900,12500,10,Completed
ORD-002992,2024-11-19,Central,Online,Phone case,Accessories,2,9900,3500,15,Completed
ORD-002993,2024-11-19,South,Online,Travel bag,Accessories,4,39900,23000,10,Completed
ORD-002994,2024-11-20,South,Online,Travel bag,Accessories,2,39900,23000,0,Completed
ORD-002995,2024-11-20,West,Online,Travel bag,Accessories,2,39900,23000,0,Completed
ORD-002996,2024-11-20,North,Online,Bluetooth speaker,Electronics,3,34900,21000,0,Completed
ORD-002997,2024-11-20,Central,Online,Bluetooth speaker,Electronics,1,34900,21000,0,Completed
ORD-002998,2024-11-20,North,Store,Phone case,Accessories,3,9900,3500,0,Completed
ORD-002999,2024-11-20,Central,Online,Desk lamp,Home,1,24900,12500,0,Completed
ORD-003000,2024-11-20,Central,Store,Travel bag,Accessories,2,39900,23000,10,Completed
ORD-003001,2024-11-20,West,Store,Notebook pack,Office,3,8900,4000,0,Completed
ORD-003002,2024-11-20,North,Store,Bluetooth speaker,Electronics,3,34900,21000,15,Completed
ORD-003003,2024-11-20, South ,Online,Storage set,Home,3,17900,9500,0,Completed
ORD-003004,2024-11-21,South,Online,Desk lamp,Home,1,24900,12500,0,Completed
ORD-003005,2024-11-21,North,Online,Travel bag,Accessories,4,39900,23000,20,Completed
ORD-003006,2024-11-21,West,Store,Desk lamp,Home,2,24900,12500,15,Completed
ORD-003007,2024-11-21,South,Store,Travel bag,Accessories,2,39900,23000,0,Completed
ORD-003008,2024-11-21,Central,Store,Bluetooth speaker,Electronics,4,34900,21000,0,Completed
ORD-003009,2024-11-21,Central,Online,Storage set,Home,1,17900,9500,0,Completed
ORD-003010,2024-11-21,South,Store,Desk lamp,Home,2,24900,12500,20,Completed
ORD-003011,2024-11-21,North,Online,Desk lamp,Home,2,24900,12500,0,Completed
ORD-003012,2024-11-21,Central,Online,Bluetooth speaker,Electronics,1,34900,21000,0,Completed
ORD-003013,2024-11-21,Central,Store,Phone case,Accessories,4,9900,3500,10,Completed
ORD-003014,2024-11-21,North,Store,Desk lamp,Home,1,24900,12500,15,Completed
ORD-003015,2024-11-21,West,Store,Storage set,Home,4,17900,9500,10,Returned
ORD-003016,2024-11-21,Central,Online,Bluetooth speaker,Electronics,1,34900,21000,0,Completed
ORD-003017,2024-11-21,Central,Online,Storage set,Home,4,17900,9500,0,Completed
ORD-003018,2024-11-21,South,Online,Desk lamp,Home,4,24900,12500,0,Completed
ORD-003019,2024-11-22,North,Online,Bluetooth speaker,Electronics,3,34900,21000,10,Completed
ORD-003020,2024-11-22,Central,Online,Desk lamp,Home,3,24900,12500,10,Completed
ORD-003021,2024-11-22,West,Store,Wireless headphones,Electronics,2,49900,29000,0,Completed
ORD-003022,2024-11-22,Central,Online,Phone case,Accessories,4,9900,3500,0,Cancelled
ORD-003023,2024-11-22,North,Online,Laptop stand,Office,4,29900,16000,0,Completed
ORD-003024,2024-11-22,Central,Store,Phone case,Accessories,3,9900,3500,0,Completed
ORD-003025,2024-11-22,Central,Online,Laptop stand,Office,2,29900,16000,15,Completed
ORD-003026,2024-11-22,North,Online,Laptop stand,Office,3,29900,16000,15,Completed
ORD-003027,2024-11-22,Central,Store,Notebook pack,Office,1,8900,4000,20,Completed
ORD-003028,2024-11-22,Central,Online,Wireless headphones,Electronics,2,49900,29000,10,Completed
ORD-003029,2024-11-22,West,Online,Travel bag,Accessories,2,39900,23000,0,Completed
ORD-003030,2024-11-22,North,Online,Wireless headphones,Electronics,4,49900,29000,0,Completed
ORD-003031,2024-11-22,North,Online,Wireless headphones,Electronics,3,49900,29000,0,Completed
ORD-003032,2024-11-22,West,Online,Bluetooth speaker,Electronics,2,34900,21000,15,Completed
ORD-003033,2024-11-23,Central,Store,Phone case,Accessories,2,9900,3500,10,Completed
ORD-003034,2024-11-23,West,Store,Laptop stand,Office,1,29900,16000,0,Completed
ORD-003035,2024-11-23,North,Store,Storage set,Home,4,17900,9500,10,Returned
ORD-003036,2024-11-23,North,Online,Wireless headphones,Electronics,3,49900,29000,10,Completed
ORD-003037,2024-11-23,North,Store,Travel bag,Accessories,3,39900,23000,10,Completed
ORD-003038,2024-11-23,Central,Online,Notebook pack,Office,3,8900,4000,10,Completed
ORD-003039,2024-11-23,West,Store,Phone case,Accessories,3,9900,3500,0,Completed
ORD-003040,2024-11-23,West,Store,Phone case,Accessories,1,9900,3500,0,Completed
ORD-003041,2024-11-23,North,Store,Wireless headphones,Electronics,2,49900,29000,0,Completed
ORD-003042,2024-11-23,North,Online,Bluetooth speaker,Electronics,3,34900,21000,0,Cancelled
ORD-003043,2024-11-23,South,Store,Desk lamp,Home,4,24900,12500,0,Completed
ORD-003044,2024-11-23,South,Store,Travel bag,Accessories,3,39900,23000,0,Returned
ORD-003045,2024-11-23,North,Store,Travel bag,Accessories,1,39900,23000,0,Completed
ORD-003046,2024-11-23,West,Online,Travel bag,Accessories,4,39900,23000,10,Completed
ORD-003047,2024-11-23,North,Online,Desk lamp,Home,2,24900,12500,0,Completed
ORD-003048,2024-11-23,Central,Online,Laptop stand,Office,4,29900,16000,0,Returned
ORD-003049,2024-11-24,South,Online,Laptop stand,Office,2,29900,16000,10,Completed
ORD-003050,2024-11-24,West,Store,Bluetooth speaker,Electronics,2,34900,21000,0,Completed
ORD-003051,2024-11-24,West,Online,Bluetooth speaker,Electronics,3,34900,21000,0,Completed
ORD-003052,2024-11-24,North,Online,Wireless headphones,Electronics,2,49900,29000,10,Returned
ORD-003053,2024-11-24,West,Store,Bluetooth speaker,Electronics,2,34900,21000,20,Completed
ORD-003054,2024-11-24,Central,Online,Phone case,Accessories,3,9900,3500,0,Completed
ORD-003055,2024-11-24,South,Online,Storage set,Home,3,17900,9500,0,Completed
ORD-003056,2024-11-24,North,Store,Laptop stand,Office,2,29900,16000,10,Completed
ORD-003057,2024-11-24,North,Online,Travel bag,Accessories,4,39900,23000,0,Completed
ORD-003058,2024-11-24,North,Store,Bluetooth speaker,Electronics,1,34900,21000,0,Completed
ORD-003059,2024-11-24,Central,Online,Laptop stand,Office,4,29900,16000,0,Completed
ORD-003060,2024-11-24,Central,Online,Storage set,Home,4,17900,9500,15,Completed
ORD-003061,2024-11-24,North,Store,Laptop stand,Office,4,29900,16000,0,Completed
ORD-003062,2024-11-24,Central,Online,Phone case,Accessories,2,9900,3500,0,Completed
ORD-003063,2024-11-24,Central,Online,Wireless headphones,Electronics,2,49900,29000,0,Completed
ORD-003064,2024-11-25,Central,Store,Storage set,Home,2,17900,9500,0,Completed
ORD-003065,2024-11-25,Central,Store,Phone case,Accessories,1,9900,3500,0,Completed
ORD-003066,2024-11-25,Central,Online,Phone case,Accessories,4,9900,3500,0,Completed
ORD-003067,2024-11-25,North,Online,Notebook pack,Office,3,8900,4000,0,Completed
ORD-003068,2024-11-25,West,Store,Storage set,Home,4,17900,9500,15,Completed
ORD-003069,2024-11-25,North,Online,Wireless headphones,Electronics,1,49900,29000,0,Completed
ORD-003070,2024-11-25,Central,Store,Storage set,Home,4,17900,9500,0,Completed
ORD-003071,2024-11-25,West,Online,Travel bag,Accessories,4,39900,23000,0,Completed
ORD-003072,2024-11-25,Central,Store,Laptop stand,Office,2,29900,16000,0,Completed
ORD-003073,2024-11-25,South,Online,Travel bag,Accessories,3,39900,23000,0,Completed
ORD-003074,2024-11-26,North,Online,Wireless headphones,Electronics,3,49900,29000,0,Completed
ORD-003075,2024-11-26,West,Store,Storage set,Home,3,17900,9500,0,Completed
ORD-003076,2024-11-26,South,Online,Travel bag,Accessories,3,39900,23000,0,Completed
ORD-003077,2024-11-26,West,Online,Laptop stand,Office,3,29900,16000,10,Returned
ORD-003078,2024-11-26,South,Online,Phone case,Accessories,3,9900,3500,15,Completed
ORD-003079,2024-11-26,South,Online,Notebook pack,Office,2,8900,4000,20,Completed
ORD-003080,2024-11-26,North,Online,Wireless headphones,Electronics,4,49900,29000,10,Completed
ORD-003081,2024-11-26,West,Online,Bluetooth speaker,Electronics,2,34900,21000,10,Returned
ORD-003082,2024-11-26, West ,Online,Phone case,Accessories,3,9900,3500,10,Completed
ORD-003083,2024-11-27,West,Store,Notebook pack,Office,2,8900,4000,0,Completed
ORD-003084,2024-11-27,Central,Online,Desk lamp,Home,1,24900,12500,0,Completed
ORD-003085,2024-11-27,Central,Online,Wireless headphones,Electronics,4,49900,29000,15,Completed
ORD-003086,2024-11-27,South,Store,Bluetooth speaker,Electronics,4,34900,21000,15,Completed
ORD-003087,2024-11-27,South,Store,Notebook pack,Office,1,8900,4000,10,Completed
ORD-003088,2024-11-27,West,Online,Desk lamp,Home,1,24900,12500,0,Completed
ORD-003089,2024-11-27,West,Online,Travel bag,Accessories,2,39900,23000,15,Completed
ORD-003090,2024-11-27,West,Online,Notebook pack,Office,1,8900,4000,10,Completed
ORD-003091,2024-11-27,West,Store,Wireless headphones,Electronics,2,49900,29000,0,Completed
ORD-003092,2024-11-27,North,Online,Bluetooth speaker,Electronics,1,34900,21000,0,Returned
ORD-003093,2024-11-27,West,Store,Desk lamp,Home,3,24900,12500,0,Completed
ORD-003094,2024-11-27,North,Store,Notebook pack,Office,1,8900,4000,0,Completed
ORD-003095,2024-11-27,West,Store,Notebook pack,Office,1,8900,4000,0,Completed
ORD-003096,2024-11-28,Central,Online,Laptop stand,Office,4,29900,16000,0,Completed
ORD-003097,2024-11-28,Central,Store,Phone case,Accessories,2,9900,3500,20,Completed
ORD-003098,2024-11-28,Central,Online,Notebook pack,Office,2,8900,4000,0,Completed
ORD-003099,2024-11-28,South,Store,Wireless headphones,Electronics,3,49900,29000,20,Cancelled
ORD-003100,2024-11-28,North,Store,Travel bag,Accessories,3,39900,23000,0,Completed
ORD-003101,2024-11-28,West,Store,Notebook pack,Office,2,8900,4000,0,Completed
ORD-003102,2024-11-28,Central,Store,Notebook pack,Office,1,8900,4000,0,Completed
ORD-003103,2024-11-28,South,Store,Wireless headphones,Electronics,2,49900,29000,0,Completed
ORD-003104,2024-11-28,West,Online,Wireless headphones,Electronics,4,49900,29000,20,Completed
ORD-003105,2024-11-28,North,Store,Travel bag,Accessories,3,39900,23000,0,Completed
ORD-003106,2024-11-28,Central,Store,Laptop stand,Office,4,29900,16000,0,Completed
ORD-003107,2024-11-29,South,Online,Notebook pack,Office,3,8900,4000,0,Completed
ORD-003108,2024-11-29,West,Online,Notebook pack,Office,1,8900,4000,0,Cancelled
ORD-003109,2024-11-29,Central,Online,Wireless headphones,Electronics,2,49900,29000,0,Returned
ORD-003110,2024-11-29,Central,Online,Bluetooth speaker,Electronics,3,34900,21000,0,Completed
ORD-003111,2024-11-29,South,Store,Storage set,Home,1,17900,9500,0,Completed
ORD-003112,2024-11-29,Central,Online,Wireless headphones,Electronics,1,49900,29000,0,Completed
ORD-003113,2024-11-29,West,Online,Laptop stand,Office,3,29900,16000,15,Completed
ORD-003114,2024-11-29,North,Store,Notebook pack,Office,3,8900,4000,0,Completed
ORD-003115,2024-11-29,West,Online,Desk lamp,Home,3,24900,12500,15,Completed
ORD-003116,2024-11-29,West,Store,Travel bag,Accessories,1,39900,23000,10,Completed
ORD-003117,2024-11-29,West,Store,Laptop stand,Office,1,29900,16000,0,Returned
ORD-003118,2024-11-29,Central,Online,Bluetooth speaker,Electronics,4,34900,21000,0,Completed
ORD-003119,2024-11-29,West,Online,Storage set,Home,3,17900,9500,10,Completed
ORD-003120,2024-11-29,North,Store,Laptop stand,Office,1,29900,16000,10,Completed
ORD-003121,2024-11-29,Central,Store,Notebook pack,Office,4,8900,4000,20,Completed
ORD-003122,2024-11-29,Central,Online,Desk lamp,Home,2,24900,12500,20,Returned
ORD-003123,2024-11-30,West,Online,Desk lamp,Home,1,24900,12500,10,Completed
ORD-003124,2024-11-30,Central,Online,Notebook pack,Office,3,8900,4000,10,Completed
ORD-003125,2024-11-30,South,Online,Wireless headphones,Electronics,3,49900,29000,0,Completed
ORD-003126,2024-11-30,Central,Store,Laptop stand,Office,1,29900,16000,0,Completed
ORD-003127,2024-11-30,North,Store,Laptop stand,Office,2,29900,16000,0,Completed
ORD-003128,2024-11-30,North,Store,Phone case,Accessories,4,9900,3500,0,Completed
ORD-003129,2024-11-30,West,Online,Laptop stand,Office,2,29900,16000,0,Completed
ORD-003130,2024-11-30,West,Store,Phone case,Accessories,2,9900,3500,0,Completed
ORD-003131,2024-11-30,North,Online,Storage set,Home,1,17900,9500,0,Completed
ORD-003132,2024-11-30,North,Online,Travel bag,Accessories,1,39900,23000,0,Completed
ORD-003133,2024-11-30,Central,Store,Travel bag,Accessories,1,39900,23000,20,Completed
ORD-003134,2024-11-30,North,Online,Wireless headphones,Electronics,2,49900,29000,0,Completed
ORD-003135,2024-12-01,South,Online,Bluetooth speaker,Electronics,1,34900,21000,0,Completed
ORD-003136,2024-12-01,North,Online,Notebook pack,Office,2,8900,4000,0,Returned
ORD-003137,2024-12-01,North,Online,Wireless headphones,Electronics,4,49900,29000,0,Completed
ORD-003138,2024-12-01,South,Online,Wireless headphones,Electronics,1,49900,29000,0,Completed
ORD-003139,2024-12-01,South,Store,Travel bag,Accessories,4,39900,23000,15,Completed
ORD-003140,2024-12-01,North,Online,Phone case,Accessories,3,9900,3500,0,Returned
ORD-003141,2024-12-01,West,Store,Laptop stand,Office,4,29900,16000,0,Completed
ORD-003142,2024-12-01,Central,Online,Bluetooth speaker,Electronics,3,34900,21000,0,Completed
ORD-003143,2024-12-01,West,Store,Desk lamp,Home,3,24900,12500,15,Returned
ORD-003144,2024-12-01,Central,Online,Desk lamp,Home,4,24900,12500,0,Completed
ORD-003145,2024-12-01,West,Online,Storage set,Home,1,17900,9500,0,Completed
ORD-003146,2024-12-01,South,Online,Wireless headphones,Electronics,4,49900,29000,10,Completed
ORD-003147,2024-12-01,Central,Online,Desk lamp,Home,2,24900,12500,0,Completed
ORD-003148,2024-12-02,Central,Online,Bluetooth speaker,Electronics,4,34900,21000,0,Completed
ORD-003149,2024-12-02,South,Online,Laptop stand,Office,2,29900,16000,0,Completed
ORD-003150,2024-12-02,South,Online,Notebook pack,Office,4,8900,4000,0,Completed
ORD-003151,2024-12-02,Central,Store,Bluetooth speaker,Electronics,1,34900,21000,0,Completed
ORD-003152,2024-12-02,West,Store,Travel bag,Accessories,4,39900,23000,0,Completed
ORD-003153,2024-12-02,North,Online,Travel bag,Accessories,1,39900,23000,20,Completed
ORD-003154,2024-12-02,Central,Online,Laptop stand,Office,2,29900,16000,0,Completed
ORD-003155,2024-12-02,West,Online,Bluetooth speaker,Electronics,1,34900,21000,0,Completed
ORD-003156,2024-12-02,North,Online,Desk lamp,Home,1,24900,12500,0,Completed
ORD-003157,2024-12-02,Central,Store,Storage set,Home,2,17900,9500,15,Completed
ORD-003158,2024-12-02,Central,Online,Storage set,Home,4,17900,9500,0,Returned
ORD-003159,2024-12-02,Central,Online,Wireless headphones,Electronics,4,49900,29000,0,Completed
ORD-003160,2024-12-02,South,Online,Desk lamp,Home,1,24900,12500,20,Completed
ORD-003161,2024-12-02, South ,Store,Phone case,Accessories,1,9900,3500,0,Completed
ORD-003162,2024-12-03,North,Online,Storage set,Home,4,17900,9500,0,Completed
ORD-003163,2024-12-03,Central,Online,Travel bag,Accessories,1,39900,23000,0,Completed
ORD-003164,2024-12-03,North,Online,Bluetooth speaker,Electronics,1,34900,21000,0,Returned
ORD-003165,2024-12-03,Central,Store,Bluetooth speaker,Electronics,2,34900,21000,15,Completed
ORD-003166,2024-12-03,Central,Online,Phone case,Accessories,4,9900,3500,10,Completed
ORD-003167,2024-12-03,North,Store,Travel bag,Accessories,3,39900,23000,0,Cancelled
ORD-003168,2024-12-03,West,Store,Bluetooth speaker,Electronics,4,34900,21000,0,Completed
ORD-003169,2024-12-03,North,Online,Storage set,Home,3,17900,9500,10,Completed
ORD-003170,2024-12-03,West,Store,Bluetooth speaker,Electronics,2,34900,21000,20,Completed
ORD-003171,2024-12-03,Central,Online,Bluetooth speaker,Electronics,1,34900,21000,10,Completed
ORD-003172,2024-12-03,South,Online,Notebook pack,Office,2,8900,4000,10,Cancelled
ORD-003173,2024-12-03,North,Online,Laptop stand,Office,3,29900,16000,15,Completed
ORD-003174,2024-12-04,Central,Store,Notebook pack,Office,3,8900,4000,0,Completed
ORD-003175,2024-12-04,Central,Online,Notebook pack,Office,3,8900,4000,0,Completed
ORD-003176,2024-12-04,West,Online,Laptop stand,Office,2,29900,16000,10,Completed
ORD-003177,2024-12-04,Central,Store,Desk lamp,Home,1,24900,12500,15,Completed
ORD-003178,2024-12-04,South,Online,Bluetooth speaker,Electronics,2,34900,21000,10,Completed
ORD-003179,2024-12-04,West,Online,Laptop stand,Office,4,29900,16000,0,Completed
ORD-003180,2024-12-04,Central,Store,Bluetooth speaker,Electronics,2,34900,21000,0,Completed
ORD-003181,2024-12-04,South,Online,Notebook pack,Office,3,8900,4000,0,Returned
ORD-003182,2024-12-04,West,Online,Notebook pack,Office,3,8900,4000,0,Completed
ORD-003183,2024-12-04,South,Online,Desk lamp,Home,1,24900,12500,10,Returned
ORD-003184,2024-12-05,Central,Online,Notebook pack,Office,4,8900,4000,0,Completed
ORD-003185,2024-12-05,South,Online,Phone case,Accessories,3,9900,3500,0,Completed
ORD-003186,2024-12-05,North,Online,Bluetooth speaker,Electronics,2,34900,21000,0,Completed
ORD-003187,2024-12-05,Central,Store,Desk lamp,Home,4,24900,12500,0,Completed
ORD-003188,2024-12-05,South,Online,Wireless headphones,Electronics,3,49900,29000,0,Completed
ORD-003189,2024-12-05,West,Online,Travel bag,Accessories,3,39900,23000,0,Completed
ORD-003190,2024-12-05,South,Store,Laptop stand,Office,4,29900,16000,0,Completed
ORD-003191,2024-12-05,Central,Store,Laptop stand,Office,1,29900,16000,10,Completed
ORD-003192,2024-12-05,Central,Store,Wireless headphones,Electronics,2,49900,29000,20,Completed
ORD-003193,2024-12-05,Central,Online,Desk lamp,Home,4,24900,12500,0,Cancelled
ORD-003194,2024-12-05,North,Online,Desk lamp,Home,1,24900,12500,10,Completed
ORD-003195,2024-12-06,Central,Store,Desk lamp,Home,4,24900,12500,15,Completed
ORD-003196,2024-12-06,West,Store,Travel bag,Accessories,4,39900,23000,20,Completed
ORD-003197,2024-12-06,West,Store,Laptop stand,Office,4,29900,16000,15,Completed
ORD-003198,2024-12-06,Central,Store,Phone case,Accessories,3,9900,3500,0,Completed
ORD-003199,2024-12-06,South,Store,Desk lamp,Home,3,24900,12500,0,Completed
ORD-003200,2024-12-06,West,Online,Bluetooth speaker,Electronics,4,34900,21000,20,Cancelled
ORD-003201,2024-12-06,Central,Store,Desk lamp,Home,2,24900,12500,0,Completed
ORD-003202,2024-12-06,West,Store,Travel bag,Accessories,2,39900,23000,20,Completed
ORD-003203,2024-12-06,West,Online,Notebook pack,Office,3,8900,4000,10,Completed
ORD-003204,2024-12-06,Central,Online,Desk lamp,Home,2,24900,12500,0,Completed
ORD-003205,2024-12-06,West,Store,Laptop stand,Office,1,29900,16000,10,Completed
ORD-003206,2024-12-06,West,Online,Phone case,Accessories,1,9900,3500,0,Completed
ORD-003207,2024-12-06,West,Online,Wireless headphones,Electronics,3,49900,29000,0,Completed
ORD-003208,2024-12-06,Central,Store,Laptop stand,Office,2,29900,16000,10,Completed
ORD-003209,2024-12-06,South,Online,Laptop stand,Office,1,29900,16000,20,Completed
ORD-003210,2024-12-06,Central,Online,Wireless headphones,Electronics,1,49900,29000,20,Completed
ORD-003211,2024-12-07,Central,Store,Notebook pack,Office,3,8900,4000,0,Completed
ORD-003212,2024-12-07,West,Online,Storage set,Home,4,17900,9500,0,Completed
ORD-003213,2024-12-07,North,Store,Travel bag,Accessories,4,39900,23000,0,Completed
ORD-003214,2024-12-07,North,Online,Travel bag,Accessories,2,39900,23000,0,Completed
ORD-003215,2024-12-07,South,Online,Bluetooth speaker,Electronics,1,34900,21000,0,Completed
ORD-003216,2024-12-07,West,Online,Wireless headphones,Electronics,4,49900,29000,15,Completed
ORD-003217,2024-12-07,West,Online,Phone case,Accessories,4,9900,3500,10,Completed
ORD-003218,2024-12-07,West,Online,Wireless headphones,Electronics,4,49900,29000,15,Completed
ORD-003219,2024-12-07,South,Store,Notebook pack,Office,1,8900,4000,10,Completed
ORD-003220,2024-12-07,West,Store,Laptop stand,Office,3,29900,16000,15,Returned
ORD-003221,2024-12-07,North,Store,Bluetooth speaker,Electronics,3,34900,21000,0,Completed
ORD-003222,2024-12-07,North,Store,Bluetooth speaker,Electronics,4,34900,21000,0,Completed
ORD-003223,2024-12-07,West,Online,Desk lamp,Home,1,24900,12500,10,Completed
ORD-003224,2024-12-08,Central,Online,Bluetooth speaker,Electronics,1,34900,21000,10,Completed
ORD-003225,2024-12-08,North,Online,Desk lamp,Home,4,24900,12500,0,Completed
ORD-003226,2024-12-08,Central,Online,Bluetooth speaker,Electronics,2,34900,21000,0,Completed
ORD-003227,2024-12-08,West,Online,Bluetooth speaker,Electronics,3,34900,21000,0,Completed
ORD-003228,2024-12-08,West,Online,Notebook pack,Office,1,8900,4000,0,Completed
ORD-003229,2024-12-08,Central,Store,Laptop stand,Office,2,29900,16000,15,Cancelled
ORD-003230,2024-12-08,West,Online,Desk lamp,Home,1,24900,12500,10,Completed
ORD-003231,2024-12-08,South,Store,Travel bag,Accessories,3,39900,23000,0,Completed
ORD-003232,2024-12-08,West,Store,Travel bag,Accessories,3,39900,23000,0,Completed
ORD-003233,2024-12-08,Central,Store,Bluetooth speaker,Electronics,3,34900,21000,10,Returned
ORD-003234,2024-12-08,North,Online,Desk lamp,Home,1,24900,12500,15,Completed
ORD-003235,2024-12-08,Central,Online,Desk lamp,Home,1,24900,12500,0,Completed
ORD-003236,2024-12-08,West,Online,Laptop stand,Office,2,29900,16000,10,Completed
ORD-003237,2024-12-08,South,Online,Storage set,Home,3,17900,9500,0,Completed
ORD-003238,2024-12-08,Central,Online,Wireless headphones,Electronics,4,49900,29000,10,Completed
ORD-003239,2024-12-08,Central,Online,Wireless headphones,Electronics,2,49900,29000,0,Returned
ORD-003240,2024-12-08, Central ,Online,Travel bag,Accessories,4,39900,23000,10,Completed
ORD-003241,2024-12-09,South,Store,Storage set,Home,3,17900,9500,0,Completed
ORD-003242,2024-12-09,North,Online,Bluetooth speaker,Electronics,1,34900,21000,15,Completed
ORD-003243,2024-12-09,Central,Store,Phone case,Accessories,2,9900,3500,0,Completed
ORD-003244,2024-12-09,West,Online,Travel bag,Accessories,4,39900,23000,0,Completed
ORD-003245,2024-12-09,North,Store,Bluetooth speaker,Electronics,4,34900,21000,20,Completed
ORD-003246,2024-12-09,North,Online,Bluetooth speaker,Electronics,4,34900,21000,0,Completed
ORD-003247,2024-12-09,North,Store,Laptop stand,Office,1,29900,16000,10,Completed
ORD-003248,2024-12-09,North,Store,Phone case,Accessories,1,9900,3500,0,Completed
ORD-003249,2024-12-09,West,Store,Travel bag,Accessories,3,39900,23000,10,Completed
ORD-003250,2024-12-09,Central,Online,Phone case,Accessories,1,9900,3500,0,Completed
ORD-003251,2024-12-09,North,Online,Storage set,Home,1,17900,9500,0,Completed
ORD-003252,2024-12-09,Central,Store,Phone case,Accessories,2,9900,3500,0,Completed
ORD-003253,2024-12-10,Central,Online,Bluetooth speaker,Electronics,2,34900,21000,0,Completed
ORD-003254,2024-12-10,Central,Online,Phone case,Accessories,3,9900,3500,0,Completed
ORD-003255,2024-12-10,South,Online,Phone case,Accessories,2,9900,3500,0,Completed
ORD-003256,2024-12-10,South,Online,Travel bag,Accessories,2,39900,23000,15,Completed
ORD-003257,2024-12-10,West,Online,Laptop stand,Office,4,29900,16000,0,Completed
ORD-003258,2024-12-10,South,Online,Travel bag,Accessories,1,39900,23000,15,Completed
ORD-003259,2024-12-10,Central,Online,Notebook pack,Office,4,8900,4000,0,Completed
ORD-003260,2024-12-10,South,Online,Notebook pack,Office,4,8900,4000,10,Completed
ORD-003261,2024-12-10,Central,Store,Wireless headphones,Electronics,1,49900,29000,10,Completed
ORD-003262,2024-12-10,South,Online,Travel bag,Accessories,1,39900,23000,10,Completed
ORD-003263,2024-12-10,Central,Online,Storage set,Home,1,17900,9500,10,Returned
ORD-003264,2024-12-10,Central,Online,Desk lamp,Home,1,24900,12500,20,Completed
ORD-003265,2024-12-11,West,Store,Travel bag,Accessories,3,39900,23000,0,Completed
ORD-003266,2024-12-11,Central,Online,Notebook pack,Office,4,8900,4000,0,Completed
ORD-003267,2024-12-11,South,Online,Phone case,Accessories,2,9900,3500,0,Completed
ORD-003268,2024-12-11,Central,Store,Wireless headphones,Electronics,3,49900,29000,0,Completed
ORD-003269,2024-12-11,West,Store,Storage set,Home,2,17900,9500,0,Completed
ORD-003270,2024-12-11,South,Online,Wireless headphones,Electronics,2,49900,29000,0,Completed
ORD-003271,2024-12-11,West,Store,Bluetooth speaker,Electronics,4,34900,21000,0,Completed
ORD-003272,2024-12-11,North,Online,Phone case,Accessories,3,9900,3500,0,Completed
ORD-003273,2024-12-11,North,Online,Notebook pack,Office,4,8900,4000,0,Completed
ORD-003274,2024-12-11,North,Online,Notebook pack,Office,4,8900,4000,20,Completed
ORD-003275,2024-12-11,Central,Store,Desk lamp,Home,4,24900,12500,20,Cancelled
ORD-003276,2024-12-11,North,Store,Wireless headphones,Electronics,3,49900,29000,0,Completed
ORD-003277,2024-12-11,West,Online,Phone case,Accessories,1,9900,3500,15,Completed
ORD-003278,2024-12-11,West,Store,Wireless headphones,Electronics,1,49900,29000,0,Completed
ORD-003279,2024-12-11,West,Store,Wireless headphones,Electronics,1,49900,29000,0,Completed
ORD-003280,2024-12-11,Central,Online,Desk lamp,Home,3,24900,12500,20,Completed
ORD-003281,2024-12-12,West,Online,Bluetooth speaker,Electronics,3,34900,21000,10,Completed
ORD-003282,2024-12-12,West,Online,Storage set,Home,2,17900,9500,20,Completed
ORD-003283,2024-12-12,West,Online,Travel bag,Accessories,1,39900,23000,0,Completed
ORD-003284,2024-12-12,North,Store,Notebook pack,Office,2,8900,4000,0,Completed
ORD-003285,2024-12-12,North,Store,Phone case,Accessories,2,9900,3500,15,Completed
ORD-003286,2024-12-12,Central,Store,Travel bag,Accessories,3,39900,23000,20,Completed
ORD-003287,2024-12-12,North,Store,Travel bag,Accessories,4,39900,23000,0,Completed
ORD-003288,2024-12-12,Central,Online,Desk lamp,Home,3,24900,12500,0,Completed
ORD-003289,2024-12-12,Central,Store,Phone case,Accessories,3,9900,3500,0,Completed
ORD-003290,2024-12-12,Central,Online,Travel bag,Accessories,4,39900,23000,20,Completed
ORD-003291,2024-12-12,North,Online,Wireless headphones,Electronics,1,49900,29000,0,Completed
ORD-003292,2024-12-12,South,Online,Desk lamp,Home,1,24900,12500,20,Completed
ORD-003293,2024-12-13,South,Online,Storage set,Home,1,17900,9500,0,Completed
ORD-003294,2024-12-13,Central,Online,Desk lamp,Home,2,24900,12500,0,Returned
ORD-003295,2024-12-13,Central,Online,Storage set,Home,3,17900,9500,20,Completed
ORD-003296,2024-12-13,West,Online,Notebook pack,Office,2,8900,4000,20,Completed
ORD-003297,2024-12-13,Central,Online,Wireless headphones,Electronics,3,49900,29000,10,Completed
ORD-003298,2024-12-13,West,Online,Storage set,Home,2,17900,9500,0,Completed
ORD-003299,2024-12-13,South,Online,Desk lamp,Home,1,24900,12500,0,Completed
ORD-003300,2024-12-13,North,Store,Storage set,Home,3,17900,9500,10,Completed
ORD-003301,2024-12-13,Central,Online,Wireless headphones,Electronics,4,49900,29000,0,Completed
ORD-003302,2024-12-13,West,Online,Desk lamp,Home,2,24900,12500,20,Completed
ORD-003303,2024-12-13,Central,Online,Bluetooth speaker,Electronics,3,34900,21000,0,Completed
ORD-003304,2024-12-13,Central,Online,Wireless headphones,Electronics,3,49900,29000,10,Completed
ORD-003305,2024-12-13,Central,Store,Phone case,Accessories,1,9900,3500,0,Completed
ORD-003306,2024-12-14,South,Online,Bluetooth speaker,Electronics,3,34900,21000,0,Completed
ORD-003307,2024-12-14,West,Online,Travel bag,Accessories,3,39900,23000,0,Completed
ORD-003308,2024-12-14,Central,Online,Travel bag,Accessories,2,39900,23000,10,Completed
ORD-003309,2024-12-14,North,Store,Travel bag,Accessories,2,39900,23000,0,Completed
ORD-003310,2024-12-14,South,Store,Desk lamp,Home,3,24900,12500,0,Completed
ORD-003311,2024-12-14,Central,Store,Wireless headphones,Electronics,1,49900,29000,0,Completed
ORD-003312,2024-12-14,Central,Online,Notebook pack,Office,3,8900,4000,0,Completed
ORD-003313,2024-12-14,South,Online,Bluetooth speaker,Electronics,2,34900,21000,10,Completed
ORD-003314,2024-12-14,Central,Online,Phone case,Accessories,2,9900,3500,0,Completed
ORD-003315,2024-12-14,Central,Store,Desk lamp,Home,2,24900,12500,0,Completed
ORD-003316,2024-12-14,South,Online,Storage set,Home,3,17900,9500,10,Completed
ORD-003317,2024-12-14,South,Store,Bluetooth speaker,Electronics,1,34900,21000,0,Completed
ORD-003318,2024-12-14,North,Online,Phone case,Accessories,4,9900,3500,15,Completed
ORD-003319,2024-12-14, West ,Store,Storage set,Home,4,17900,9500,0,Completed
ORD-003320,2024-12-14,North,Online,Wireless headphones,Electronics,3,49900,29000,20,Completed
ORD-003321,2024-12-14,South,Store,Notebook pack,Office,3,8900,4000,10,Completed
ORD-003322,2024-12-14,West,Online,Desk lamp,Home,4,24900,12500,10,Completed
ORD-003323,2024-12-14,West,Online,Travel bag,Accessories,3,39900,23000,0,Completed
ORD-003324,2024-12-15,Central,Online,Notebook pack,Office,3,8900,4000,10,Completed
ORD-003325,2024-12-15,North,Online,Travel bag,Accessories,2,39900,23000,15,Completed
ORD-003326,2024-12-15,Central,Online,Bluetooth speaker,Electronics,4,34900,21000,0,Completed
ORD-003327,2024-12-15,Central,Online,Laptop stand,Office,2,29900,16000,0,Completed
ORD-003328,2024-12-15,South,Online,Desk lamp,Home,2,24900,12500,10,Completed
ORD-003329,2024-12-15,North,Online,Laptop stand,Office,2,29900,16000,0,Completed
ORD-003330,2024-12-15,Central,Store,Travel bag,Accessories,4,39900,23000,0,Completed
ORD-003331,2024-12-15,Central,Store,Wireless headphones,Electronics,3,49900,29000,15,Completed
ORD-003332,2024-12-15,Central,Online,Notebook pack,Office,4,8900,4000,15,Completed
ORD-003333,2024-12-15,South,Store,Wireless headphones,Electronics,1,49900,29000,10,Completed
ORD-003334,2024-12-15,Central,Store,Storage set,Home,2,17900,9500,0,Completed
ORD-003335,2024-12-15,North,Store,Phone case,Accessories,2,9900,3500,0,Completed
ORD-003336,2024-12-15,Central,Online,Wireless headphones,Electronics,2,49900,29000,0,Completed
ORD-003337,2024-12-16,Central,Online,Travel bag,Accessories,4,39900,23000,15,Completed
ORD-003338,2024-12-16,West,Online,Travel bag,Accessories,2,39900,23000,10,Completed
ORD-003339,2024-12-16,North,Online,Notebook pack,Office,2,8900,4000,0,Completed
ORD-003340,2024-12-16,North,Store,Travel bag,Accessories,2,39900,23000,15,Completed
ORD-003341,2024-12-16,West,Store,Storage set,Home,4,17900,9500,0,Completed
ORD-003342,2024-12-16,Central,Online,Laptop stand,Office,4,29900,16000,0,Returned
ORD-003343,2024-12-16,Central,Online,Bluetooth speaker,Electronics,3,34900,21000,0,Completed
ORD-003344,2024-12-16,North,Online,Phone case,Accessories,4,9900,3500,0,Completed
ORD-003345,2024-12-16,West,Store,Travel bag,Accessories,4,39900,23000,15,Completed
ORD-003346,2024-12-16,South,Online,Laptop stand,Office,1,29900,16000,15,Completed
ORD-003347,2024-12-16,Central,Store,Bluetooth speaker,Electronics,1,34900,21000,0,Completed
ORD-003348,2024-12-16,West,Online,Bluetooth speaker,Electronics,2,34900,21000,0,Completed
ORD-003349,2024-12-16,West,Online,Wireless headphones,Electronics,2,49900,29000,0,Completed
ORD-003350,2024-12-16,North,Online,Laptop stand,Office,2,29900,16000,0,Completed
ORD-003351,2024-12-17,Central,Online,Storage set,Home,3,17900,9500,0,Completed
ORD-003352,2024-12-17,North,Store,Wireless headphones,Electronics,3,49900,29000,10,Completed
ORD-003353,2024-12-17,Central,Online,Desk lamp,Home,3,24900,12500,10,Completed
ORD-003354,2024-12-17,West,Online,Travel bag,Accessories,1,39900,23000,20,Completed
ORD-003355,2024-12-17,Central,Store,Notebook pack,Office,3,8900,4000,0,Returned
ORD-003356,2024-12-17,North,Store,Desk lamp,Home,2,24900,12500,0,Completed
ORD-003357,2024-12-17,West,Online,Wireless headphones,Electronics,2,49900,29000,0,Completed
ORD-003358,2024-12-17,North,Online,Travel bag,Accessories,4,39900,23000,10,Completed
ORD-003359,2024-12-17,Central,Store,Phone case,Accessories,3,9900,3500,0,Completed
ORD-003360,2024-12-17,West,Online,Travel bag,Accessories,4,39900,23000,15,Cancelled
ORD-003361,2024-12-17,West,Online,Notebook pack,Office,4,8900,4000,15,Completed
ORD-003362,2024-12-17,West,Online,Travel bag,Accessories,1,39900,23000,0,Completed
ORD-003363,2024-12-17,Central,Store,Bluetooth speaker,Electronics,1,34900,21000,20,Completed
ORD-003364,2024-12-17,West,Online,Phone case,Accessories,1,9900,3500,0,Completed
ORD-003365,2024-12-18,South,Store,Wireless headphones,Electronics,4,49900,29000,0,Cancelled
ORD-003366,2024-12-18,Central,Store,Notebook pack,Office,1,8900,4000,0,Completed
ORD-003367,2024-12-18,Central,Store,Storage set,Home,2,17900,9500,0,Completed
ORD-003368,2024-12-18,South,Online,Phone case,Accessories,4,9900,3500,0,Completed
ORD-003369,2024-12-18,South,Online,Bluetooth speaker,Electronics,2,34900,21000,0,Completed
ORD-003370,2024-12-18,West,Store,Phone case,Accessories,1,9900,3500,10,Completed
ORD-003371,2024-12-18,Central,Online,Phone case,Accessories,3,9900,3500,0,Completed
ORD-003372,2024-12-18,Central,Store,Wireless headphones,Electronics,4,49900,29000,0,Completed
ORD-003373,2024-12-18,South,Store,Desk lamp,Home,4,24900,12500,20,Completed
ORD-003374,2024-12-18,West,Store,Notebook pack,Office,1,8900,4000,15,Completed
ORD-003375,2024-12-18,North,Online,Desk lamp,Home,4,24900,12500,0,Completed
ORD-003376,2024-12-18,West,Store,Travel bag,Accessories,4,39900,23000,10,Completed
ORD-003377,2024-12-18,Central,Online,Travel bag,Accessories,1,39900,23000,10,Completed
ORD-003378,2024-12-18,South,Store,Desk lamp,Home,1,24900,12500,0,Returned
ORD-003379,2024-12-19,South,Online,Bluetooth speaker,Electronics,2,34900,21000,0,Completed
ORD-003380,2024-12-19,South,Store,Travel bag,Accessories,2,39900,23000,10,Completed
ORD-003381,2024-12-19,Central,Store,Bluetooth speaker,Electronics,1,34900,21000,0,Completed
ORD-003382,2024-12-19,South,Online,Laptop stand,Office,3,29900,16000,0,Completed
ORD-003383,2024-12-19,West,Online,Storage set,Home,2,17900,9500,20,Completed
ORD-003384,2024-12-19,North,Online,Wireless headphones,Electronics,4,49900,29000,0,Cancelled
ORD-003385,2024-12-19,North,Online,Desk lamp,Home,4,24900,12500,0,Completed
ORD-003386,2024-12-19,West,Online,Desk lamp,Home,3,24900,12500,10,Completed
ORD-003387,2024-12-19,South,Store,Wireless headphones,Electronics,1,49900,29000,0,Completed
ORD-003388,2024-12-19,Central,Store,Travel bag,Accessories,1,39900,23000,0,Completed
ORD-003389,2024-12-19,South,Store,Laptop stand,Office,3,29900,16000,15,Completed
ORD-003390,2024-12-20,Central,Store,Bluetooth speaker,Electronics,2,34900,21000,20,Completed
ORD-003391,2024-12-20,Central,Online,Bluetooth speaker,Electronics,4,34900,21000,10,Completed
ORD-003392,2024-12-20,West,Store,Wireless headphones,Electronics,4,49900,29000,10,Completed
ORD-003393,2024-12-20,Central,Online,Wireless headphones,Electronics,1,49900,29000,0,Completed
ORD-003394,2024-12-20,Central,Online,Bluetooth speaker,Electronics,2,34900,21000,10,Completed
ORD-003395,2024-12-20,South,Store,Desk lamp,Home,3,24900,12500,15,Completed
ORD-003396,2024-12-20,South,Online,Wireless headphones,Electronics,2,49900,29000,0,Completed
ORD-003397,2024-12-20,West,Online,Notebook pack,Office,4,8900,4000,10,Completed
ORD-003398,2024-12-20, Central ,Online,Travel bag,Accessories,1,39900,23000,10,Completed
ORD-003399,2024-12-21,North,Online,Bluetooth speaker,Electronics,4,34900,21000,0,Completed
ORD-003400,2024-12-21,West,Online,Desk lamp,Home,1,24900,12500,0,Completed
ORD-003401,2024-12-21,West,Online,Desk lamp,Home,3,24900,12500,0,Completed
ORD-003402,2024-12-21,South,Online,Travel bag,Accessories,3,39900,23000,0,Completed
ORD-003403,2024-12-21,West,Online,Phone case,Accessories,1,9900,3500,10,Completed
ORD-003404,2024-12-21,Central,Store,Desk lamp,Home,3,24900,12500,0,Completed
ORD-003405,2024-12-21,West,Online,Bluetooth speaker,Electronics,2,34900,21000,0,Completed
ORD-003406,2024-12-21,South,Online,Desk lamp,Home,4,24900,12500,0,Completed
ORD-003407,2024-12-21,Central,Online,Wireless headphones,Electronics,4,49900,29000,0,Returned
ORD-003408,2024-12-21,Central,Online,Laptop stand,Office,3,29900,16000,0,Completed
ORD-003409,2024-12-21,Central,Store,Travel bag,Accessories,4,39900,23000,10,Completed
ORD-003410,2024-12-21,South,Store,Laptop stand,Office,4,29900,16000,15,Completed
ORD-003411,2024-12-21,North,Store,Desk lamp,Home,4,24900,12500,20,Completed
ORD-003412,2024-12-21,Central,Store,Notebook pack,Office,4,8900,4000,0,Completed
ORD-003413,2024-12-21,Central,Online,Desk lamp,Home,4,24900,12500,15,Completed
ORD-003414,2024-12-21,Central,Online,Travel bag,Accessories,3,39900,23000,0,Completed
ORD-003415,2024-12-21,West,Store,Phone case,Accessories,2,9900,3500,0,Completed
ORD-003416,2024-12-22,South,Online,Desk lamp,Home,2,24900,12500,20,Completed
ORD-003417,2024-12-22,North,Online,Desk lamp,Home,1,24900,12500,20,Returned
ORD-003418,2024-12-22,North,Store,Travel bag,Accessories,4,39900,23000,10,Completed
ORD-003419,2024-12-22,South,Store,Desk lamp,Home,2,24900,12500,0,Completed
ORD-003420,2024-12-22,West,Online,Phone case,Accessories,4,9900,3500,10,Completed
ORD-003421,2024-12-22,Central,Store,Desk lamp,Home,1,24900,12500,0,Completed
ORD-003422,2024-12-22,North,Store,Desk lamp,Home,3,24900,12500,15,Completed
ORD-003423,2024-12-22,Central,Store,Bluetooth speaker,Electronics,2,34900,21000,20,Completed
ORD-003424,2024-12-22,West,Online,Desk lamp,Home,1,24900,12500,0,Completed
ORD-003425,2024-12-22,North,Store,Laptop stand,Office,4,29900,16000,20,Completed
ORD-003426,2024-12-22,West,Online,Bluetooth speaker,Electronics,2,34900,21000,15,Completed
ORD-003427,2024-12-22,Central,Online,Bluetooth speaker,Electronics,2,34900,21000,0,Completed
ORD-003428,2024-12-22,North,Store,Notebook pack,Office,4,8900,4000,0,Completed
ORD-003429,2024-12-22,South,Store,Travel bag,Accessories,4,39900,23000,0,Completed
ORD-003430,2024-12-22,Central,Online,Desk lamp,Home,2,24900,12500,0,Completed
ORD-003431,2024-12-23,North,Store,Storage set,Home,4,17900,9500,0,Returned
ORD-003432,2024-12-23,South,Online,Bluetooth speaker,Electronics,4,34900,21000,0,Returned
ORD-003433,2024-12-23,South,Store,Wireless headphones,Electronics,4,49900,29000,0,Completed
ORD-003434,2024-12-23,Central,Online,Bluetooth speaker,Electronics,1,34900,21000,0,Completed
ORD-003435,2024-12-23,West,Online,Bluetooth speaker,Electronics,3,34900,21000,20,Completed
ORD-003436,2024-12-23,West,Online,Laptop stand,Office,2,29900,16000,10,Completed
ORD-003437,2024-12-23,North,Online,Laptop stand,Office,2,29900,16000,20,Completed
ORD-003438,2024-12-23,South,Online,Phone case,Accessories,4,9900,3500,0,Completed
ORD-003439,2024-12-23,Central,Store,Phone case,Accessories,1,9900,3500,0,Cancelled
ORD-003440,2024-12-23,Central,Online,Wireless headphones,Electronics,2,49900,29000,20,Completed
ORD-003441,2024-12-23,West,Store,Notebook pack,Office,1,8900,4000,0,Completed
ORD-003442,2024-12-23,Central,Online,Storage set,Home,3,17900,9500,10,Completed
ORD-003443,2024-12-23,Central,Online,Laptop stand,Office,1,29900,16000,10,Completed
ORD-003444,2024-12-23,Central,Store,Wireless headphones,Electronics,4,49900,29000,15,Completed
ORD-003445,2024-12-24,West,Store,Bluetooth speaker,Electronics,4,34900,21000,0,Completed
ORD-003446,2024-12-24,West,Store,Bluetooth speaker,Electronics,3,34900,21000,0,Completed
ORD-003447,2024-12-24,West,Online,Desk lamp,Home,1,24900,12500,0,Completed
ORD-003448,2024-12-24,North,Store,Laptop stand,Office,3,29900,16000,0,Completed
ORD-003449,2024-12-24,West,Store,Bluetooth speaker,Electronics,3,34900,21000,15,Completed
ORD-003450,2024-12-24,South,Store,Laptop stand,Office,3,29900,16000,0,Completed
ORD-003451,2024-12-24,North,Online,Travel bag,Accessories,4,39900,23000,0,Completed
ORD-003452,2024-12-24,West,Store,Storage set,Home,3,17900,9500,0,Completed
ORD-003453,2024-12-24,West,Store,Laptop stand,Office,2,29900,16000,10,Completed
ORD-003454,2024-12-24,North,Store,Desk lamp,Home,1,24900,12500,10,Completed
ORD-003455,2024-12-24,West,Store,Travel bag,Accessories,1,39900,23000,0,Completed
ORD-003456,2024-12-24,South,Online,Travel bag,Accessories,1,39900,23000,10,Completed
ORD-003457,2024-12-24,North,Online,Wireless headphones,Electronics,3,49900,29000,0,Returned
ORD-003458,2024-12-24,South,Store,Laptop stand,Office,2,29900,16000,15,Completed
ORD-003459,2024-12-25,North,Online,Travel bag,Accessories,2,39900,23000,10,Completed
ORD-003460,2024-12-25,West,Online,Laptop stand,Office,1,29900,16000,10,Completed
ORD-003461,2024-12-25,North,Store,Phone case,Accessories,4,9900,3500,20,Completed
ORD-003462,2024-12-25,North,Store,Desk lamp,Home,1,24900,12500,0,Completed
ORD-003463,2024-12-25,West,Online,Laptop stand,Office,2,29900,16000,10,Returned
ORD-003464,2024-12-25,Central,Online,Travel bag,Accessories,3,39900,23000,0,Completed
ORD-003465,2024-12-25,North,Online,Notebook pack,Office,2,8900,4000,10,Completed
ORD-003466,2024-12-25,North,Store,Travel bag,Accessories,2,39900,23000,0,Completed
ORD-003467,2024-12-25,South,Online,Phone case,Accessories,3,9900,3500,0,Completed
ORD-003468,2024-12-25,South,Store,Phone case,Accessories,1,9900,3500,15,Completed
ORD-003469,2024-12-25,West,Store,Desk lamp,Home,1,24900,12500,0,Completed
ORD-003470,2024-12-25,West,Store,Travel bag,Accessories,3,39900,23000,10,Completed
ORD-003471,2024-12-25,West,Online,Travel bag,Accessories,4,39900,23000,20,Completed
ORD-003472,2024-12-25,North,Online,Travel bag,Accessories,4,39900,23000,20,Completed
ORD-003473,2024-12-26,West,Online,Desk lamp,Home,3,24900,12500,0,Completed
ORD-003474,2024-12-26,North,Store,Phone case,Accessories,4,9900,3500,0,Returned
ORD-003475,2024-12-26,Central,Online,Wireless headphones,Electronics,4,49900,29000,0,Completed
ORD-003476,2024-12-26,North,Store,Notebook pack,Office,1,8900,4000,10,Completed
ORD-003477,2024-12-26, South ,Online,Wireless headphones,Electronics,1,49900,29000,15,Completed
ORD-003478,2024-12-26,West,Online,Bluetooth speaker,Electronics,2,34900,21000,10,Completed
ORD-003479,2024-12-26,North,Online,Desk lamp,Home,2,24900,12500,10,Completed
ORD-003480,2024-12-26,West,Online,Phone case,Accessories,3,9900,3500,0,Completed
ORD-003481,2024-12-26,West,Online,Desk lamp,Home,4,24900,12500,0,Completed
ORD-003482,2024-12-27,West,Store,Notebook pack,Office,3,8900,4000,10,Completed
ORD-003483,2024-12-27,West,Online,Laptop stand,Office,2,29900,16000,0,Completed
ORD-003484,2024-12-27,South,Store,Laptop stand,Office,2,29900,16000,0,Completed
ORD-003485,2024-12-27,South,Online,Wireless headphones,Electronics,4,49900,29000,0,Completed
ORD-003486,2024-12-27,Central,Store,Storage set,Home,3,17900,9500,10,Completed
ORD-003487,2024-12-27,North,Online,Travel bag,Accessories,3,39900,23000,0,Completed
ORD-003488,2024-12-27,North,Store,Phone case,Accessories,4,9900,3500,0,Cancelled
ORD-003489,2024-12-27,North,Online,Travel bag,Accessories,2,39900,23000,0,Completed
ORD-003490,2024-12-27,North,Online,Phone case,Accessories,2,9900,3500,10,Returned
ORD-003491,2024-12-27,North,Online,Travel bag,Accessories,1,39900,23000,0,Completed
ORD-003492,2024-12-27,Central,Online,Bluetooth speaker,Electronics,1,34900,21000,0,Completed
ORD-003493,2024-12-27,Central,Store,Bluetooth speaker,Electronics,3,34900,21000,0,Completed
ORD-003494,2024-12-27,South,Online,Phone case,Accessories,2,9900,3500,0,Completed
ORD-003495,2024-12-27,South,Online,Storage set,Home,3,17900,9500,0,Completed
ORD-003496,2024-12-27,West,Online,Laptop stand,Office,1,29900,16000,10,Completed
ORD-003497,2024-12-27,South,Online,Phone case,Accessories,4,9900,3500,0,Returned
ORD-003498,2024-12-28,Central,Store,Travel bag,Accessories,3,39900,23000,15,Completed
ORD-003499,2024-12-28,Central,Online,Storage set,Home,1,17900,9500,0,Completed
ORD-003500,2024-12-28,South,Online,Notebook pack,Office,4,8900,4000,0,Returned
ORD-003501,2024-12-28,South,Online,Notebook pack,Office,2,8900,4000,20,Cancelled
ORD-003502,2024-12-28,West,Store,Phone case,Accessories,1,9900,3500,0,Completed
ORD-003503,2024-12-28,West,Online,Wireless headphones,Electronics,2,49900,29000,0,Completed
ORD-003504,2024-12-28,Central,Online,Travel bag,Accessories,2,39900,23000,10,Completed
ORD-003505,2024-12-28,Central,Store,Phone case,Accessories,2,9900,3500,0,Completed
ORD-003506,2024-12-28,Central,Online,Laptop stand,Office,2,29900,16000,0,Completed
ORD-003507,2024-12-28,West,Store,Travel bag,Accessories,4,39900,23000,0,Completed
ORD-003508,2024-12-28,Central,Online,Desk lamp,Home,2,24900,12500,10,Completed
ORD-003509,2024-12-28,South,Store,Storage set,Home,2,17900,9500,0,Completed
ORD-003510,2024-12-29,South,Online,Wireless headphones,Electronics,1,49900,29000,0,Completed
ORD-003511,2024-12-29,West,Online,Storage set,Home,3,17900,9500,0,Completed
ORD-003512,2024-12-29,Central,Online,Laptop stand,Office,2,29900,16000,15,Completed
ORD-003513,2024-12-29,Central,Online,Phone case,Accessories,1,9900,3500,0,Completed
ORD-003514,2024-12-29,North,Online,Notebook pack,Office,4,8900,4000,0,Completed
ORD-003515,2024-12-29,Central,Store,Bluetooth speaker,Electronics,1,34900,21000,0,Completed
ORD-003516,2024-12-29,West,Store,Travel bag,Accessories,2,39900,23000,10,Completed
ORD-003517,2024-12-29,West,Store,Travel bag,Accessories,2,39900,23000,20,Completed
ORD-003518,2024-12-29,Central,Online,Phone case,Accessories,1,9900,3500,0,Completed
ORD-003519,2024-12-29,West,Online,Wireless headphones,Electronics,3,49900,29000,10,Completed
ORD-003520,2024-12-29,North,Online,Phone case,Accessories,1,9900,3500,0,Completed
ORD-003521,2024-12-29,South,Online,Notebook pack,Office,3,8900,4000,0,Completed
ORD-003522,2024-12-29,South,Store,Wireless headphones,Electronics,3,49900,29000,10,Completed
ORD-003523,2024-12-30,North,Store,Laptop stand,Office,4,29900,16000,0,Completed
ORD-003524,2024-12-30,Central,Online,Desk lamp,Home,3,24900,12500,0,Completed
ORD-003525,2024-12-30,West,Online,Travel bag,Accessories,1,39900,23000,0,Completed
ORD-003526,2024-12-30,South,Store,Notebook pack,Office,4,8900,4000,15,Completed
ORD-003527,2024-12-30,West,Online,Travel bag,Accessories,4,39900,23000,0,Completed
ORD-003528,2024-12-30,North,Store,Storage set,Home,4,17900,9500,10,Completed
ORD-003529,2024-12-30,West,Online,Laptop stand,Office,1,29900,16000,0,Returned
ORD-003530,2024-12-30,North,Store,Travel bag,Accessories,3,39900,23000,15,Completed
ORD-003531,2024-12-30,South,Store,Laptop stand,Office,2,29900,16000,0,Completed
ORD-003532,2024-12-30,Central,Online,Travel bag,Accessories,2,39900,23000,20,Completed
ORD-003533,2024-12-30,North,Online,Travel bag,Accessories,1,39900,23000,10,Returned
ORD-003534,2024-12-30,South,Online,Notebook pack,Office,3,8900,4000,0,Completed
ORD-003535,2024-12-30,Central,Online,Bluetooth speaker,Electronics,2,34900,21000,0,Completed
ORD-003536,2024-12-30,West,Online,Laptop stand,Office,2,29900,16000,0,Completed
ORD-003537,2024-12-30,North,Online,Phone case,Accessories,2,9900,3500,20,Completed
ORD-003538,2024-12-30,Central,Online,Phone case,Accessories,4,9900,3500,0,Completed
ORD-003539,2024-12-31,Central,Online,Bluetooth speaker,Electronics,1,34900,21000,20,Completed
ORD-003540,2024-12-31,South,Online,Laptop stand,Office,3,29900,16000,0,Cancelled
ORD-003541,2024-12-31,Central,Store,Laptop stand,Office,3,29900,16000,0,Completed
ORD-003542,2024-12-31,South,Store,Laptop stand,Office,2,29900,16000,15,Completed
ORD-003543,2024-12-31,West,Store,Wireless headphones,Electronics,4,49900,29000,0,Completed
ORD-003544,2024-12-31,North,Online,Bluetooth speaker,Electronics,2,34900,21000,0,Completed
ORD-003545,2024-12-31,North,Online,Desk lamp,Home,3,24900,12500,20,Completed
ORD-003546,2024-12-31,West,Online,Travel bag,Accessories,4,39900,23000,0,Completed
ORD-003547,2024-12-31,West,Online,Notebook pack,Office,2,8900,4000,0,Completed
ORD-003548,2024-12-31,North,Online,Wireless headphones,Electronics,4,49900,29000,0,Completed
ORD-003549,2024-12-31,West,Store,Travel bag,Accessories,3,39900,23000,10,Completed
ORD-003550,2024-12-31,Central,Online,Travel bag,Accessories,1,39900,23000,0,Completed
ORD-003551,2024-12-31,Central,Store,Laptop stand,Office,4,29900,16000,20,Completed
ORD-003552,2025-01-01,Central,Store,Storage set,Home,4,17900,9500,0,Completed
ORD-003553,2025-01-01,West,Store,Notebook pack,Office,1,8900,4000,0,Returned
ORD-003554,2025-01-01,Central,Store,Travel bag,Accessories,3,39900,23000,15,Completed
ORD-003555,2025-01-01,Central,Online,Storage set,Home,2,17900,9500,0,Completed
ORD-003556,2025-01-01, Central ,Store,Wireless headphones,Electronics,2,49900,29000,0,Completed
ORD-003557,2025-01-01,West,Online,Laptop stand,Office,1,29900,16000,0,Completed
ORD-003558,2025-01-01,West,Online,Bluetooth speaker,Electronics,4,34900,21000,15,Returned
ORD-003559,2025-01-01,North,Online,Phone case,Accessories,2,9900,3500,0,Completed
ORD-003560,2025-01-01,Central,Online,Notebook pack,Office,1,8900,4000,0,Returned
ORD-003561,2025-01-01,Central,Store,Phone case,Accessories,4,9900,3500,10,Completed
ORD-003562,2025-01-02,Central,Store,Notebook pack,Office,2,8900,4000,0,Completed
ORD-003563,2025-01-02,South,Store,Notebook pack,Office,1,8900,4000,0,Cancelled
ORD-003564,2025-01-02,North,Store,Wireless headphones,Electronics,3,49900,29000,0,Completed
ORD-003565,2025-01-02,West,Store,Wireless headphones,Electronics,3,49900,29000,20,Completed
ORD-003566,2025-01-02,Central,Online,Desk lamp,Home,1,24900,12500,0,Completed
ORD-003567,2025-01-02,North,Online,Desk lamp,Home,4,24900,12500,10,Completed
ORD-003568,2025-01-02,Central,Store,Travel bag,Accessories,1,39900,23000,10,Completed
ORD-003569,2025-01-03,West,Store,Laptop stand,Office,2,29900,16000,0,Completed
ORD-003570,2025-01-03,West,Online,Desk lamp,Home,4,24900,12500,10,Completed
ORD-003571,2025-01-03,North,Online,Laptop stand,Office,2,29900,16000,10,Completed
ORD-003572,2025-01-03,North,Store,Travel bag,Accessories,4,39900,23000,10,Completed
ORD-003573,2025-01-03,Central,Store,Desk lamp,Home,3,24900,12500,20,Completed
ORD-003574,2025-01-03,Central,Online,Phone case,Accessories,4,9900,3500,0,Completed
ORD-003575,2025-01-03,Central,Store,Bluetooth speaker,Electronics,1,34900,21000,0,Completed
ORD-003576,2025-01-03,West,Store,Laptop stand,Office,3,29900,16000,15,Completed
ORD-003577,2025-01-03,South,Online,Travel bag,Accessories,1,39900,23000,20,Returned
ORD-003578,2025-01-03,North,Store,Storage set,Home,2,17900,9500,10,Completed
ORD-003579,2025-01-03,West,Store,Wireless headphones,Electronics,2,49900,29000,0,Completed
ORD-003580,2025-01-03,North,Store,Wireless headphones,Electronics,4,49900,29000,0,Completed
ORD-003581,2025-01-03,North,Store,Phone case,Accessories,3,9900,3500,15,Cancelled
ORD-003582,2025-01-04,North,Store,Laptop stand,Office,4,29900,16000,0,Completed
ORD-003583,2025-01-04,West,Store,Bluetooth speaker,Electronics,1,34900,21000,15,Completed
ORD-003584,2025-01-04,Central,Online,Phone case,Accessories,1,9900,3500,0,Completed
ORD-003585,2025-01-04,Central,Store,Laptop stand,Office,4,29900,16000,0,Completed
ORD-003586,2025-01-04,Central,Online,Storage set,Home,4,17900,9500,0,Completed
ORD-003587,2025-01-04,West,Store,Desk lamp,Home,4,24900,12500,0,Completed
ORD-003588,2025-01-04,South,Online,Travel bag,Accessories,1,39900,23000,10,Completed
ORD-003589,2025-01-04,South,Store,Bluetooth speaker,Electronics,1,34900,21000,0,Completed
ORD-003590,2025-01-04,West,Store,Travel bag,Accessories,1,39900,23000,0,Completed
ORD-003591,2025-01-04,South,Online,Wireless headphones,Electronics,4,49900,29000,0,Completed
ORD-003592,2025-01-04,West,Online,Wireless headphones,Electronics,2,49900,29000,0,Completed
ORD-003593,2025-01-04,Central,Store,Desk lamp,Home,2,24900,12500,0,Returned
ORD-003594,2025-01-04,South,Store,Travel bag,Accessories,4,39900,23000,20,Completed
ORD-003595,2025-01-04,North,Online,Notebook pack,Office,4,8900,4000,0,Completed
ORD-003596,2025-01-05,Central,Store,Storage set,Home,1,17900,9500,15,Completed
ORD-003597,2025-01-05,West,Store,Bluetooth speaker,Electronics,2,34900,21000,0,Completed
ORD-003598,2025-01-05,South,Store,Wireless headphones,Electronics,4,49900,29000,10,Completed
ORD-003599,2025-01-05,South,Online,Desk lamp,Home,2,24900,12500,0,Completed
ORD-003600,2025-01-05,Central,Online,Laptop stand,Office,2,29900,16000,0,Completed
ORD-003601,2025-01-05,Central,Online,Bluetooth speaker,Electronics,1,34900,21000,10,Completed
ORD-003602,2025-01-05,West,Store,Desk lamp,Home,3,24900,12500,15,Completed
ORD-003603,2025-01-05,North,Store,Phone case,Accessories,4,9900,3500,15,Completed
ORD-003604,2025-01-05,West,Online,Bluetooth speaker,Electronics,4,34900,21000,15,Completed
ORD-003605,2025-01-05,Central,Store,Phone case,Accessories,2,9900,3500,0,Cancelled
ORD-003606,2025-01-05,Central,Online,Laptop stand,Office,3,29900,16000,0,Completed
ORD-003607,2025-01-05,North,Store,Laptop stand,Office,2,29900,16000,15,Completed
ORD-003608,2025-01-06,West,Online,Laptop stand,Office,2,29900,16000,20,Completed
ORD-003609,2025-01-06,Central,Online,Phone case,Accessories,2,9900,3500,15,Completed
ORD-003610,2025-01-06,Central,Store,Phone case,Accessories,2,9900,3500,10,Completed
ORD-003611,2025-01-06,South,Online,Desk lamp,Home,4,24900,12500,20,Completed
ORD-003612,2025-01-06,South,Online,Storage set,Home,1,17900,9500,0,Completed
ORD-003613,2025-01-06,South,Store,Laptop stand,Office,2,29900,16000,0,Completed
ORD-003614,2025-01-06,West,Store,Travel bag,Accessories,1,39900,23000,0,Completed
ORD-003615,2025-01-06,Central,Online,Laptop stand,Office,4,29900,16000,0,Completed
ORD-003616,2025-01-06,Central,Store,Storage set,Home,4,17900,9500,10,Completed
ORD-003617,2025-01-06,Central,Store,Bluetooth speaker,Electronics,3,34900,21000,0,Completed
ORD-003618,2025-01-06,Central,Store,Phone case,Accessories,1,9900,3500,0,Completed
ORD-003619,2025-01-06,North,Online,Notebook pack,Office,2,8900,4000,0,Completed
ORD-003620,2025-01-06,South,Online,Travel bag,Accessories,3,39900,23000,15,Completed
ORD-003621,2025-01-07,South,Online,Laptop stand,Office,1,29900,16000,10,Completed
ORD-003622,2025-01-07,South,Store,Storage set,Home,3,17900,9500,0,Cancelled
ORD-003623,2025-01-07,Central,Online,Desk lamp,Home,2,24900,12500,20,Completed
ORD-003624,2025-01-07,West,Online,Wireless headphones,Electronics,3,49900,29000,20,Completed
ORD-003625,2025-01-07,South,Online,Travel bag,Accessories,2,39900,23000,0,Completed
ORD-003626,2025-01-07,South,Online,Bluetooth speaker,Electronics,4,34900,21000,0,Returned
ORD-003627,2025-01-07,North,Online,Wireless headphones,Electronics,4,49900,29000,20,Completed
ORD-003628,2025-01-07,North,Store,Wireless headphones,Electronics,2,49900,29000,0,Completed
ORD-003629,2025-01-07,Central,Online,Storage set,Home,1,17900,9500,0,Cancelled
ORD-003630,2025-01-07,West,Online,Phone case,Accessories,4,9900,3500,0,Completed
ORD-003631,2025-01-07,North,Store,Wireless headphones,Electronics,1,49900,29000,0,Completed
ORD-003632,2025-01-08,North,Online,Travel bag,Accessories,2,39900,23000,0,Completed
ORD-003633,2025-01-08,North,Online,Notebook pack,Office,4,8900,4000,20,Completed
ORD-003634,2025-01-08,North,Store,Laptop stand,Office,1,29900,16000,0,Completed
ORD-003635,2025-01-08, West ,Online,Phone case,Accessories,1,9900,3500,0,Completed
ORD-003636,2025-01-08,West,Store,Notebook pack,Office,3,8900,4000,0,Completed
ORD-003637,2025-01-08,Central,Online,Desk lamp,Home,3,24900,12500,15,Completed
ORD-003638,2025-01-08,North,Store,Wireless headphones,Electronics,3,49900,29000,0,Completed
ORD-003639,2025-01-08,Central,Store,Notebook pack,Office,2,8900,4000,15,Completed
ORD-003640,2025-01-08,West,Store,Laptop stand,Office,3,29900,16000,15,Completed
ORD-003641,2025-01-08,North,Store,Desk lamp,Home,2,24900,12500,0,Completed
ORD-003642,2025-01-08,West,Online,Storage set,Home,3,17900,9500,0,Completed
ORD-003643,2025-01-09,South,Online,Notebook pack,Office,2,8900,4000,0,Completed
ORD-003644,2025-01-09,South,Online,Laptop stand,Office,4,29900,16000,0,Completed
ORD-003645,2025-01-09,North,Store,Bluetooth speaker,Electronics,3,34900,21000,0,Completed
ORD-003646,2025-01-09,Central,Store,Storage set,Home,4,17900,9500,0,Completed
ORD-003647,2025-01-09,Central,Online,Notebook pack,Office,4,8900,4000,20,Completed
ORD-003648,2025-01-09,South,Online,Storage set,Home,1,17900,9500,0,Completed
ORD-003649,2025-01-09,North,Online,Travel bag,Accessories,1,39900,23000,0,Completed
ORD-003650,2025-01-09,North,Store,Phone case,Accessories,4,9900,3500,10,Completed
ORD-003651,2025-01-10,Central,Online,Desk lamp,Home,1,24900,12500,0,Completed
ORD-003652,2025-01-10,North,Online,Wireless headphones,Electronics,2,49900,29000,0,Completed
ORD-003653,2025-01-10,Central,Online,Bluetooth speaker,Electronics,2,34900,21000,0,Completed
ORD-003654,2025-01-10,Central,Online,Desk lamp,Home,4,24900,12500,15,Cancelled
ORD-003655,2025-01-10,West,Online,Notebook pack,Office,3,8900,4000,20,Completed
ORD-003656,2025-01-10,West,Online,Laptop stand,Office,2,29900,16000,0,Completed
ORD-003657,2025-01-10,North,Online,Wireless headphones,Electronics,3,49900,29000,10,Completed
ORD-003658,2025-01-10,North,Store,Wireless headphones,Electronics,4,49900,29000,15,Completed
ORD-003659,2025-01-10,North,Store,Desk lamp,Home,3,24900,12500,0,Cancelled
ORD-003660,2025-01-10,West,Online,Storage set,Home,2,17900,9500,10,Completed
ORD-003661,2025-01-10,North,Online,Travel bag,Accessories,1,39900,23000,15,Completed
ORD-003662,2025-01-11,Central,Online,Laptop stand,Office,1,29900,16000,0,Completed
ORD-003663,2025-01-11,North,Online,Notebook pack,Office,1,8900,4000,10,Completed
ORD-003664,2025-01-11,Central,Store,Laptop stand,Office,3,29900,16000,0,Completed
ORD-003665,2025-01-11,Central,Online,Desk lamp,Home,3,24900,12500,10,Completed
ORD-003666,2025-01-11,North,Online,Wireless headphones,Electronics,4,49900,29000,0,Completed
ORD-003667,2025-01-11,West,Online,Wireless headphones,Electronics,3,49900,29000,0,Completed
ORD-003668,2025-01-11,South,Store,Phone case,Accessories,2,9900,3500,0,Completed
ORD-003669,2025-01-11,North,Online,Notebook pack,Office,2,8900,4000,0,Completed
ORD-003670,2025-01-11,Central,Online,Bluetooth speaker,Electronics,4,34900,21000,20,Completed
ORD-003671,2025-01-11,South,Online,Notebook pack,Office,4,8900,4000,10,Completed
ORD-003672,2025-01-11,Central,Online,Desk lamp,Home,1,24900,12500,10,Completed
ORD-003673,2025-01-11,North,Online,Laptop stand,Office,3,29900,16000,0,Completed
ORD-003674,2025-01-12,Central,Online,Desk lamp,Home,3,24900,12500,20,Completed
ORD-003675,2025-01-12,South,Online,Notebook pack,Office,4,8900,4000,0,Completed
ORD-003676,2025-01-12,West,Online,Notebook pack,Office,2,8900,4000,15,Completed
ORD-003677,2025-01-12,Central,Online,Travel bag,Accessories,3,39900,23000,0,Completed
ORD-003678,2025-01-12,South,Store,Desk lamp,Home,4,24900,12500,20,Completed
ORD-003679,2025-01-12,Central,Online,Storage set,Home,3,17900,9500,0,Completed
ORD-003680,2025-01-12,Central,Online,Travel bag,Accessories,4,39900,23000,10,Completed
ORD-003681,2025-01-12,Central,Online,Desk lamp,Home,2,24900,12500,10,Completed
ORD-003682,2025-01-12,Central,Online,Bluetooth speaker,Electronics,2,34900,21000,10,Completed
ORD-003683,2025-01-12,Central,Store,Bluetooth speaker,Electronics,2,34900,21000,10,Completed
ORD-003684,2025-01-12,North,Store,Storage set,Home,4,17900,9500,0,Completed
ORD-003685,2025-01-12,West,Store,Desk lamp,Home,1,24900,12500,0,Completed
ORD-003686,2025-01-12,West,Store,Phone case,Accessories,1,9900,3500,0,Completed
ORD-003687,2025-01-12,South,Online,Laptop stand,Office,1,29900,16000,20,Completed
ORD-003688,2025-01-13,West,Online,Laptop stand,Office,2,29900,16000,0,Completed
ORD-003689,2025-01-13,West,Store,Desk lamp,Home,2,24900,12500,0,Completed
ORD-003690,2025-01-13,West,Online,Notebook pack,Office,2,8900,4000,0,Completed
ORD-003691,2025-01-13,North,Online,Laptop stand,Office,3,29900,16000,0,Completed
ORD-003692,2025-01-13,North,Online,Bluetooth speaker,Electronics,4,34900,21000,10,Completed
ORD-003693,2025-01-13,South,Online,Bluetooth speaker,Electronics,1,34900,21000,0,Completed
ORD-003694,2025-01-13,Central,Online,Storage set,Home,1,17900,9500,0,Returned
ORD-003695,2025-01-13,North,Store,Bluetooth speaker,Electronics,1,34900,21000,0,Completed
ORD-003696,2025-01-13,South,Online,Storage set,Home,1,17900,9500,10,Completed
ORD-003697,2025-01-13,Central,Store,Storage set,Home,2,17900,9500,0,Completed
ORD-003698,2025-01-14,West,Online,Storage set,Home,1,17900,9500,0,Completed
ORD-003699,2025-01-14,North,Online,Laptop stand,Office,1,29900,16000,15,Completed
ORD-003700,2025-01-14,North,Store,Storage set,Home,1,17900,9500,0,Completed
ORD-003701,2025-01-14,South,Store,Laptop stand,Office,1,29900,16000,10,Completed
ORD-003702,2025-01-14,South,Store,Laptop stand,Office,1,29900,16000,0,Completed
ORD-003703,2025-01-14,West,Store,Travel bag,Accessories,4,39900,23000,20,Cancelled
ORD-003704,2025-01-14,West,Store,Bluetooth speaker,Electronics,2,34900,21000,0,Completed
ORD-003705,2025-01-14,Central,Store,Storage set,Home,3,17900,9500,0,Completed
ORD-003706,2025-01-14,West,Online,Desk lamp,Home,2,24900,12500,0,Completed
ORD-003707,2025-01-14,South,Store,Phone case,Accessories,4,9900,3500,15,Returned
ORD-003708,2025-01-14,Central,Online,Bluetooth speaker,Electronics,1,34900,21000,0,Completed
ORD-003709,2025-01-14,West,Store,Bluetooth speaker,Electronics,4,34900,21000,0,Completed
ORD-003710,2025-01-14,South,Online,Bluetooth speaker,Electronics,1,34900,21000,20,Completed
ORD-003711,2025-01-14,South,Online,Phone case,Accessories,1,9900,3500,0,Completed
ORD-003712,2025-01-15,Central,Store,Laptop stand,Office,1,29900,16000,10,Completed
ORD-003713,2025-01-15,Central,Online,Travel bag,Accessories,4,39900,23000,0,Completed
ORD-003714,2025-01-15, South ,Online,Storage set,Home,1,17900,9500,0,Completed
ORD-003715,2025-01-15,South,Online,Laptop stand,Office,4,29900,16000,0,Completed
ORD-003716,2025-01-15,North,Store,Laptop stand,Office,1,29900,16000,0,Completed
ORD-003717,2025-01-15,South,Online,Bluetooth speaker,Electronics,3,34900,21000,0,Completed
ORD-003718,2025-01-15,West,Online,Travel bag,Accessories,1,39900,23000,0,Completed
ORD-003719,2025-01-15,Central,Store,Notebook pack,Office,2,8900,4000,10,Completed
ORD-003720,2025-01-15,West,Online,Laptop stand,Office,3,29900,16000,0,Completed
ORD-003721,2025-01-15,West,Online,Bluetooth speaker,Electronics,3,34900,21000,0,Returned
ORD-003722,2025-01-15,Central,Store,Notebook pack,Office,2,8900,4000,20,Completed
ORD-003723,2025-01-15,South,Store,Bluetooth speaker,Electronics,3,34900,21000,0,Completed
ORD-003724,2025-01-15,Central,Online,Travel bag,Accessories,3,39900,23000,15,Completed
ORD-003725,2025-01-15,Central,Store,Desk lamp,Home,4,24900,12500,0,Completed
ORD-003726,2025-01-16,Central,Online,Travel bag,Accessories,1,39900,23000,0,Completed
ORD-003727,2025-01-16,Central,Store,Bluetooth speaker,Electronics,3,34900,21000,0,Completed
ORD-003728,2025-01-16,Central,Store,Travel bag,Accessories,4,39900,23000,15,Completed
ORD-003729,2025-01-16,West,Online,Phone case,Accessories,1,9900,3500,0,Completed
ORD-003730,2025-01-16,Central,Online,Travel bag,Accessories,3,39900,23000,20,Completed
ORD-003731,2025-01-16,Central,Online,Bluetooth speaker,Electronics,1,34900,21000,0,Completed
ORD-003732,2025-01-16,North,Store,Bluetooth speaker,Electronics,2,34900,21000,0,Completed
ORD-003733,2025-01-16,North,Online,Desk lamp,Home,3,24900,12500,0,Completed
ORD-003734,2025-01-16,West,Online,Notebook pack,Office,3,8900,4000,20,Completed
ORD-003735,2025-01-16,North,Online,Laptop stand,Office,1,29900,16000,10,Completed
ORD-003736,2025-01-16,South,Online,Phone case,Accessories,3,9900,3500,15,Completed
ORD-003737,2025-01-16,West,Online,Bluetooth speaker,Electronics,1,34900,21000,15,Returned
ORD-003738,2025-01-17,Central,Store,Storage set,Home,4,17900,9500,20,Completed
ORD-003739,2025-01-17,West,Online,Desk lamp,Home,4,24900,12500,0,Completed
ORD-003740,2025-01-17,West,Online,Notebook pack,Office,1,8900,4000,0,Completed
ORD-003741,2025-01-17,North,Store,Storage set,Home,1,17900,9500,15,Completed
ORD-003742,2025-01-17,North,Online,Laptop stand,Office,3,29900,16000,0,Completed
ORD-003743,2025-01-17,West,Online,Notebook pack,Office,1,8900,4000,20,Completed
ORD-003744,2025-01-17,South,Store,Phone case,Accessories,3,9900,3500,10,Completed
ORD-003745,2025-01-17,North,Store,Wireless headphones,Electronics,2,49900,29000,0,Completed
ORD-003746,2025-01-17,Central,Store,Notebook pack,Office,1,8900,4000,10,Completed
ORD-003747,2025-01-17,South,Online,Bluetooth speaker,Electronics,4,34900,21000,0,Returned
ORD-003748,2025-01-17,West,Online,Storage set,Home,1,17900,9500,0,Completed
ORD-003749,2025-01-17,West,Store,Notebook pack,Office,3,8900,4000,0,Completed
ORD-003750,2025-01-18,Central,Store,Laptop stand,Office,1,29900,16000,15,Completed
ORD-003751,2025-01-18,South,Online,Travel bag,Accessories,3,39900,23000,0,Completed
ORD-003752,2025-01-18,North,Online,Travel bag,Accessories,1,39900,23000,0,Completed
ORD-003753,2025-01-18,Central,Store,Storage set,Home,3,17900,9500,0,Completed
ORD-003754,2025-01-18,Central,Online,Travel bag,Accessories,1,39900,23000,20,Completed
ORD-003755,2025-01-18,Central,Store,Bluetooth speaker,Electronics,1,34900,21000,0,Completed
ORD-003756,2025-01-18,Central,Online,Wireless headphones,Electronics,4,49900,29000,10,Completed
ORD-003757,2025-01-18,Central,Online,Travel bag,Accessories,4,39900,23000,15,Completed
ORD-003758,2025-01-18,Central,Store,Wireless headphones,Electronics,2,49900,29000,10,Returned
ORD-003759,2025-01-19,Central,Online,Storage set,Home,1,17900,9500,0,Completed
ORD-003760,2025-01-19,Central,Store,Desk lamp,Home,3,24900,12500,0,Completed
ORD-003761,2025-01-19,Central,Online,Bluetooth speaker,Electronics,4,34900,21000,0,Returned
ORD-003762,2025-01-19,Central,Store,Wireless headphones,Electronics,4,49900,29000,0,Completed
ORD-003763,2025-01-19,Central,Online,Notebook pack,Office,2,8900,4000,0,Completed
ORD-003764,2025-01-19,South,Online,Notebook pack,Office,2,8900,4000,20,Completed
ORD-003765,2025-01-19,South,Store,Notebook pack,Office,2,8900,4000,0,Completed
ORD-003766,2025-01-19,North,Store,Laptop stand,Office,4,29900,16000,0,Returned
ORD-003767,2025-01-19,Central,Online,Bluetooth speaker,Electronics,3,34900,21000,20,Completed
ORD-003768,2025-01-19,North,Online,Desk lamp,Home,4,24900,12500,0,Completed
ORD-003769,2025-01-19,Central,Online,Bluetooth speaker,Electronics,2,34900,21000,15,Completed
ORD-003770,2025-01-20,West,Store,Phone case,Accessories,4,9900,3500,0,Completed
ORD-003771,2025-01-20,West,Store,Notebook pack,Office,1,8900,4000,15,Completed
ORD-003772,2025-01-20,Central,Store,Wireless headphones,Electronics,3,49900,29000,0,Completed
ORD-003773,2025-01-20,North,Online,Travel bag,Accessories,1,39900,23000,0,Completed
ORD-003774,2025-01-20,Central,Online,Storage set,Home,4,17900,9500,0,Completed
ORD-003775,2025-01-20,South,Online,Wireless headphones,Electronics,3,49900,29000,0,Completed
ORD-003776,2025-01-20,West,Online,Desk lamp,Home,3,24900,12500,10,Completed
ORD-003777,2025-01-20,Central,Online,Notebook pack,Office,1,8900,4000,10,Completed
ORD-003778,2025-01-20,Central,Online,Desk lamp,Home,3,24900,12500,10,Cancelled
ORD-003779,2025-01-20,West,Online,Desk lamp,Home,4,24900,12500,10,Completed
ORD-003780,2025-01-21,Central,Online,Laptop stand,Office,3,29900,16000,15,Completed
ORD-003781,2025-01-21,South,Store,Bluetooth speaker,Electronics,3,34900,21000,0,Completed
ORD-003782,2025-01-21,West,Store,Bluetooth speaker,Electronics,4,34900,21000,0,Completed
ORD-003783,2025-01-21,Central,Online,Travel bag,Accessories,4,39900,23000,10,Completed
ORD-003784,2025-01-21,North,Store,Bluetooth speaker,Electronics,2,34900,21000,0,Completed
ORD-003785,2025-01-21,Central,Online,Notebook pack,Office,1,8900,4000,10,Completed
ORD-003786,2025-01-21,North,Online,Desk lamp,Home,1,24900,12500,0,Completed
ORD-003787,2025-01-21,North,Store,Phone case,Accessories,4,9900,3500,10,Completed
ORD-003788,2025-01-22,North,Store,Desk lamp,Home,1,24900,12500,0,Completed
ORD-003789,2025-01-22,West,Online,Bluetooth speaker,Electronics,3,34900,21000,10,Completed
ORD-003790,2025-01-22,West,Online,Storage set,Home,3,17900,9500,15,Completed
ORD-003791,2025-01-22,North,Online,Storage set,Home,2,17900,9500,0,Completed
ORD-003792,2025-01-22,South,Online,Storage set,Home,2,17900,9500,15,Completed
ORD-003793,2025-01-22, Central ,Online,Bluetooth speaker,Electronics,3,34900,21000,0,Completed
ORD-003794,2025-01-22,Central,Online,Travel bag,Accessories,4,39900,23000,10,Completed
ORD-003795,2025-01-22,North,Store,Laptop stand,Office,2,29900,16000,15,Completed
ORD-003796,2025-01-22,South,Store,Notebook pack,Office,3,8900,4000,15,Returned
ORD-003797,2025-01-22,North,Online,Desk lamp,Home,3,24900,12500,10,Completed
ORD-003798,2025-01-23,North,Online,Notebook pack,Office,3,8900,4000,0,Completed
ORD-003799,2025-01-23,West,Online,Storage set,Home,2,17900,9500,0,Cancelled
ORD-003800,2025-01-23,West,Online,Notebook pack,Office,2,8900,4000,0,Completed
ORD-003801,2025-01-23,Central,Store,Travel bag,Accessories,4,39900,23000,20,Completed
ORD-003802,2025-01-23,Central,Online,Phone case,Accessories,2,9900,3500,0,Completed
ORD-003803,2025-01-23,South,Store,Laptop stand,Office,1,29900,16000,0,Completed
ORD-003804,2025-01-23,North,Online,Notebook pack,Office,2,8900,4000,20,Completed
ORD-003805,2025-01-23,Central,Online,Travel bag,Accessories,1,39900,23000,0,Completed
ORD-003806,2025-01-23,West,Store,Travel bag,Accessories,4,39900,23000,10,Completed
ORD-003807,2025-01-23,West,Store,Storage set,Home,4,17900,9500,0,Completed
ORD-003808,2025-01-23,West,Online,Laptop stand,Office,1,29900,16000,0,Completed
ORD-003809,2025-01-23,West,Online,Notebook pack,Office,2,8900,4000,0,Completed
ORD-003810,2025-01-23,Central,Online,Wireless headphones,Electronics,4,49900,29000,10,Completed
ORD-003811,2025-01-24,North,Online,Notebook pack,Office,1,8900,4000,0,Completed
ORD-003812,2025-01-24,North,Online,Desk lamp,Home,2,24900,12500,10,Completed
ORD-003813,2025-01-24,South,Store,Desk lamp,Home,3,24900,12500,0,Completed
ORD-003814,2025-01-24,Central,Store,Travel bag,Accessories,4,39900,23000,0,Completed
ORD-003815,2025-01-24,South,Store,Storage set,Home,4,17900,9500,0,Completed
ORD-003816,2025-01-24,West,Store,Desk lamp,Home,1,24900,12500,15,Completed
ORD-003817,2025-01-24,Central,Online,Laptop stand,Office,4,29900,16000,15,Completed
ORD-003818,2025-01-24,Central,Store,Storage set,Home,4,17900,9500,15,Completed
ORD-003819,2025-01-24,North,Store,Travel bag,Accessories,2,39900,23000,20,Completed
ORD-003820,2025-01-25,South,Store,Phone case,Accessories,2,9900,3500,0,Completed
ORD-003821,2025-01-25,South,Online,Laptop stand,Office,4,29900,16000,15,Completed
ORD-003822,2025-01-25,South,Online,Wireless headphones,Electronics,4,49900,29000,0,Completed
ORD-003823,2025-01-25,North,Online,Wireless headphones,Electronics,3,49900,29000,10,Completed
ORD-003824,2025-01-25,West,Store,Bluetooth speaker,Electronics,3,34900,21000,0,Completed
ORD-003825,2025-01-25,North,Store,Wireless headphones,Electronics,3,49900,29000,0,Completed
ORD-003826,2025-01-25,Central,Online,Wireless headphones,Electronics,1,49900,29000,0,Completed
ORD-003827,2025-01-25,Central,Online,Wireless headphones,Electronics,1,49900,29000,0,Completed
ORD-003828,2025-01-25,North,Online,Notebook pack,Office,3,8900,4000,0,Completed
ORD-003829,2025-01-25,Central,Store,Bluetooth speaker,Electronics,4,34900,21000,0,Completed
ORD-003830,2025-01-25,Central,Store,Wireless headphones,Electronics,1,49900,29000,0,Completed
ORD-003831,2025-01-25,Central,Online,Notebook pack,Office,4,8900,4000,15,Completed
ORD-003832,2025-01-25,North,Store,Laptop stand,Office,1,29900,16000,0,Completed
ORD-003833,2025-01-25,Central,Store,Bluetooth speaker,Electronics,2,34900,21000,0,Completed
ORD-003834,2025-01-25,North,Online,Bluetooth speaker,Electronics,4,34900,21000,0,Completed
ORD-003835,2025-01-26,North,Online,Bluetooth speaker,Electronics,4,34900,21000,0,Completed
ORD-003836,2025-01-26,South,Online,Storage set,Home,1,17900,9500,0,Completed
ORD-003837,2025-01-26,West,Online,Notebook pack,Office,2,8900,4000,0,Completed
ORD-003838,2025-01-26,South,Online,Bluetooth speaker,Electronics,4,34900,21000,10,Completed
ORD-003839,2025-01-26,Central,Online,Storage set,Home,2,17900,9500,0,Completed
ORD-003840,2025-01-26,Central,Online,Desk lamp,Home,2,24900,12500,0,Returned
ORD-003841,2025-01-26,Central,Online,Phone case,Accessories,3,9900,3500,0,Completed
ORD-003842,2025-01-26,Central,Online,Travel bag,Accessories,2,39900,23000,0,Completed
ORD-003843,2025-01-26,North,Store,Storage set,Home,3,17900,9500,0,Returned
ORD-003844,2025-01-26,North,Store,Phone case,Accessories,4,9900,3500,0,Completed
ORD-003845,2025-01-26,Central,Online,Storage set,Home,3,17900,9500,15,Completed
ORD-003846,2025-01-26,Central,Store,Desk lamp,Home,3,24900,12500,20,Completed
ORD-003847,2025-01-26,North,Online,Storage set,Home,2,17900,9500,20,Completed
ORD-003848,2025-01-26,North,Store,Phone case,Accessories,1,9900,3500,10,Completed
ORD-003849,2025-01-26,South,Store,Storage set,Home,2,17900,9500,20,Completed
ORD-003850,2025-01-27,West,Store,Phone case,Accessories,1,9900,3500,0,Completed
ORD-003851,2025-01-27,North,Online,Laptop stand,Office,4,29900,16000,10,Returned
ORD-003852,2025-01-27,North,Store,Storage set,Home,1,17900,9500,0,Completed
ORD-003853,2025-01-27,North,Online,Bluetooth speaker,Electronics,3,34900,21000,0,Completed
ORD-003854,2025-01-27,Central,Store,Laptop stand,Office,1,29900,16000,0,Completed
ORD-003855,2025-01-27,West,Online,Phone case,Accessories,4,9900,3500,20,Completed
ORD-003856,2025-01-27,North,Online,Phone case,Accessories,4,9900,3500,0,Completed
ORD-003857,2025-01-27,Central,Online,Phone case,Accessories,4,9900,3500,0,Completed
ORD-003858,2025-01-27,West,Online,Laptop stand,Office,3,29900,16000,0,Returned
ORD-003859,2025-01-27,West,Store,Laptop stand,Office,4,29900,16000,10,Completed
ORD-003860,2025-01-27,South,Store,Phone case,Accessories,2,9900,3500,0,Completed
ORD-003861,2025-01-27,West,Online,Bluetooth speaker,Electronics,1,34900,21000,0,Completed
ORD-003862,2025-01-27,Central,Online,Laptop stand,Office,1,29900,16000,10,Completed
ORD-003863,2025-01-27,North,Store,Bluetooth speaker,Electronics,1,34900,21000,10,Completed
ORD-003864,2025-01-28,South,Store,Travel bag,Accessories,4,39900,23000,0,Completed
ORD-003865,2025-01-28,Central,Online,Desk lamp,Home,2,24900,12500,10,Completed
ORD-003866,2025-01-28,South,Store,Notebook pack,Office,2,8900,4000,0,Completed
ORD-003867,2025-01-28,Central,Store,Storage set,Home,2,17900,9500,0,Completed
ORD-003868,2025-01-28,South,Store,Phone case,Accessories,4,9900,3500,0,Completed
ORD-003869,2025-01-28,West,Online,Travel bag,Accessories,3,39900,23000,10,Completed
ORD-003870,2025-01-28,North,Online,Desk lamp,Home,4,24900,12500,10,Completed
ORD-003871,2025-01-28,Central,Online,Travel bag,Accessories,2,39900,23000,0,Completed
ORD-003872,2025-01-29, West ,Online,Desk lamp,Home,2,24900,12500,0,Completed
ORD-003873,2025-01-29,South,Store,Wireless headphones,Electronics,2,49900,29000,0,Completed
ORD-003874,2025-01-29,North,Store,Wireless headphones,Electronics,4,49900,29000,10,Completed
ORD-003875,2025-01-29,South,Online,Wireless headphones,Electronics,2,49900,29000,15,Completed
ORD-003876,2025-01-29,Central,Store,Bluetooth speaker,Electronics,1,34900,21000,15,Completed
ORD-003877,2025-01-29,West,Online,Storage set,Home,4,17900,9500,15,Returned
ORD-003878,2025-01-29,South,Store,Travel bag,Accessories,2,39900,23000,15,Completed
ORD-003879,2025-01-29,North,Online,Wireless headphones,Electronics,1,49900,29000,0,Completed
ORD-003880,2025-01-29,North,Online,Storage set,Home,1,17900,9500,10,Completed
ORD-003881,2025-01-29,West,Online,Laptop stand,Office,1,29900,16000,0,Completed
ORD-003882,2025-01-29,Central,Store,Storage set,Home,1,17900,9500,0,Completed
ORD-003883,2025-01-30,South,Online,Wireless headphones,Electronics,3,49900,29000,10,Completed
ORD-003884,2025-01-30,Central,Online,Travel bag,Accessories,4,39900,23000,0,Completed
ORD-003885,2025-01-30,Central,Store,Wireless headphones,Electronics,2,49900,29000,20,Completed
ORD-003886,2025-01-30,Central,Online,Travel bag,Accessories,3,39900,23000,10,Completed
ORD-003887,2025-01-30,West,Store,Laptop stand,Office,3,29900,16000,20,Completed
ORD-003888,2025-01-30,North,Online,Bluetooth speaker,Electronics,2,34900,21000,10,Completed
ORD-003889,2025-01-30,West,Online,Wireless headphones,Electronics,2,49900,29000,10,Completed
ORD-003890,2025-01-30,West,Online,Laptop stand,Office,1,29900,16000,10,Completed
ORD-003891,2025-01-30,South,Online,Travel bag,Accessories,4,39900,23000,10,Completed
ORD-003892,2025-01-31,Central,Online,Bluetooth speaker,Electronics,4,34900,21000,10,Completed
ORD-003893,2025-01-31,Central,Store,Phone case,Accessories,2,9900,3500,10,Completed
ORD-003894,2025-01-31,Central,Online,Storage set,Home,3,17900,9500,0,Completed
ORD-003895,2025-01-31,West,Store,Travel bag,Accessories,2,39900,23000,0,Completed
ORD-003896,2025-01-31,Central,Online,Desk lamp,Home,4,24900,12500,0,Completed
ORD-003897,2025-01-31,South,Store,Wireless headphones,Electronics,4,49900,29000,10,Completed
ORD-003898,2025-01-31,West,Online,Travel bag,Accessories,2,39900,23000,0,Completed
ORD-003899,2025-02-01,Central,Online,Phone case,Accessories,3,9900,3500,0,Completed
ORD-003900,2025-02-01,Central,Online,Notebook pack,Office,4,8900,4000,0,Completed
ORD-003901,2025-02-01,Central,Online,Phone case,Accessories,2,9900,3500,20,Completed
ORD-003902,2025-02-01,Central,Store,Wireless headphones,Electronics,3,49900,29000,0,Completed
ORD-003903,2025-02-01,Central,Online,Travel bag,Accessories,2,39900,23000,0,Returned
ORD-003904,2025-02-01,South,Store,Desk lamp,Home,3,24900,12500,15,Completed
ORD-003905,2025-02-01,Central,Online,Bluetooth speaker,Electronics,1,34900,21000,15,Completed
ORD-003906,2025-02-01,North,Store,Travel bag,Accessories,3,39900,23000,10,Completed
ORD-003907,2025-02-01,Central,Online,Desk lamp,Home,2,24900,12500,0,Completed
ORD-003908,2025-02-02,South,Store,Notebook pack,Office,2,8900,4000,10,Completed
ORD-003909,2025-02-02,North,Online,Storage set,Home,2,17900,9500,0,Completed
ORD-003910,2025-02-02,West,Online,Travel bag,Accessories,3,39900,23000,0,Completed
ORD-003911,2025-02-02,Central,Store,Wireless headphones,Electronics,3,49900,29000,0,Completed
ORD-003912,2025-02-02,West,Online,Storage set,Home,2,17900,9500,15,Completed
ORD-003913,2025-02-02,Central,Store,Wireless headphones,Electronics,1,49900,29000,10,Completed
ORD-003914,2025-02-02,North,Online,Storage set,Home,3,17900,9500,10,Returned
ORD-003915,2025-02-02,North,Store,Travel bag,Accessories,4,39900,23000,0,Completed
ORD-003916,2025-02-02,West,Store,Laptop stand,Office,3,29900,16000,0,Completed
ORD-003917,2025-02-02,West,Store,Bluetooth speaker,Electronics,3,34900,21000,0,Completed
ORD-003918,2025-02-02,West,Store,Notebook pack,Office,4,8900,4000,0,Completed
ORD-003919,2025-02-02,West,Online,Phone case,Accessories,3,9900,3500,0,Completed
ORD-003920,2025-02-02,Central,Online,Laptop stand,Office,4,29900,16000,10,Completed
ORD-003921,2025-02-02,Central,Store,Travel bag,Accessories,2,39900,23000,10,Completed
ORD-003922,2025-02-02,West,Online,Storage set,Home,2,17900,9500,10,Returned
ORD-003923,2025-02-02,South,Store,Travel bag,Accessories,4,39900,23000,0,Cancelled
ORD-003924,2025-02-03,Central,Online,Notebook pack,Office,4,8900,4000,0,Completed
ORD-003925,2025-02-03,West,Store,Wireless headphones,Electronics,3,49900,29000,0,Completed
ORD-003926,2025-02-03,West,Store,Travel bag,Accessories,2,39900,23000,10,Completed
ORD-003927,2025-02-03,Central,Store,Laptop stand,Office,4,29900,16000,20,Completed
ORD-003928,2025-02-03,Central,Store,Wireless headphones,Electronics,3,49900,29000,0,Completed
ORD-003929,2025-02-03,South,Online,Wireless headphones,Electronics,4,49900,29000,0,Completed
ORD-003930,2025-02-03,North,Online,Wireless headphones,Electronics,2,49900,29000,20,Completed
ORD-003931,2025-02-03,South,Store,Storage set,Home,4,17900,9500,0,Completed
ORD-003932,2025-02-03,West,Online,Desk lamp,Home,3,24900,12500,10,Returned
ORD-003933,2025-02-03,Central,Store,Wireless headphones,Electronics,1,49900,29000,0,Completed
ORD-003934,2025-02-03,North,Online,Notebook pack,Office,2,8900,4000,10,Completed
ORD-003935,2025-02-04,North,Online,Notebook pack,Office,1,8900,4000,0,Completed
ORD-003936,2025-02-04,North,Online,Bluetooth speaker,Electronics,3,34900,21000,10,Completed
ORD-003937,2025-02-04,West,Store,Storage set,Home,3,17900,9500,0,Completed
ORD-003938,2025-02-04,North,Online,Bluetooth speaker,Electronics,3,34900,21000,0,Completed
ORD-003939,2025-02-04,Central,Online,Desk lamp,Home,4,24900,12500,15,Completed
ORD-003940,2025-02-04,West,Online,Travel bag,Accessories,2,39900,23000,15,Completed
ORD-003941,2025-02-04,Central,Online,Wireless headphones,Electronics,2,49900,29000,0,Completed
ORD-003942,2025-02-04,Central,Store,Notebook pack,Office,3,8900,4000,10,Completed
ORD-003943,2025-02-04,West,Store,Wireless headphones,Electronics,1,49900,29000,0,Completed
ORD-003944,2025-02-04,Central,Store,Bluetooth speaker,Electronics,3,34900,21000,0,Completed
ORD-003945,2025-02-04,South,Store,Storage set,Home,4,17900,9500,0,Completed
ORD-003946,2025-02-05,Central,Online,Travel bag,Accessories,3,39900,23000,0,Cancelled
ORD-003947,2025-02-05,West,Store,Desk lamp,Home,4,24900,12500,0,Completed
ORD-003948,2025-02-05,West,Online,Desk lamp,Home,1,24900,12500,0,Completed
ORD-003949,2025-02-05,Central,Online,Laptop stand,Office,4,29900,16000,0,Completed
ORD-003950,2025-02-05,Central,Online,Wireless headphones,Electronics,4,49900,29000,0,Completed
ORD-003951,2025-02-05, West ,Online,Storage set,Home,1,17900,9500,0,Completed
ORD-003952,2025-02-05,Central,Online,Wireless headphones,Electronics,3,49900,29000,10,Completed
ORD-003953,2025-02-05,West,Online,Desk lamp,Home,4,24900,12500,0,Completed
ORD-003954,2025-02-06,West,Online,Desk lamp,Home,2,24900,12500,15,Completed
ORD-003955,2025-02-06,Central,Online,Wireless headphones,Electronics,1,49900,29000,10,Completed
ORD-003956,2025-02-06,North,Store,Wireless headphones,Electronics,2,49900,29000,0,Completed
ORD-003957,2025-02-06,South,Store,Desk lamp,Home,2,24900,12500,0,Completed
ORD-003958,2025-02-06,Central,Online,Phone case,Accessories,4,9900,3500,0,Completed
ORD-003959,2025-02-06,North,Online,Bluetooth speaker,Electronics,1,34900,21000,10,Completed
ORD-003960,2025-02-06,West,Online,Storage set,Home,2,17900,9500,10,Completed
ORD-003961,2025-02-06,Central,Store,Notebook pack,Office,1,8900,4000,10,Completed
ORD-003962,2025-02-07,North,Store,Phone case,Accessories,3,9900,3500,0,Completed
ORD-003963,2025-02-07,West,Store,Bluetooth speaker,Electronics,2,34900,21000,0,Completed
ORD-003964,2025-02-07,West,Store,Notebook pack,Office,2,8900,4000,15,Completed
ORD-003965,2025-02-07,North,Store,Travel bag,Accessories,1,39900,23000,10,Completed
ORD-003966,2025-02-07,North,Online,Desk lamp,Home,2,24900,12500,0,Completed
ORD-003967,2025-02-07,Central,Store,Notebook pack,Office,4,8900,4000,10,Completed
ORD-003968,2025-02-07,Central,Online,Wireless headphones,Electronics,4,49900,29000,0,Completed
ORD-003969,2025-02-07,Central,Online,Laptop stand,Office,1,29900,16000,0,Completed
ORD-003970,2025-02-07,Central,Online,Laptop stand,Office,2,29900,16000,0,Completed
ORD-003971,2025-02-07,West,Online,Travel bag,Accessories,4,39900,23000,0,Completed
ORD-003972,2025-02-07,West,Online,Storage set,Home,3,17900,9500,15,Completed
ORD-003973,2025-02-07,Central,Online,Notebook pack,Office,4,8900,4000,0,Completed
ORD-003974,2025-02-07,Central,Store,Wireless headphones,Electronics,2,49900,29000,0,Completed
ORD-003975,2025-02-07,South,Online,Phone case,Accessories,1,9900,3500,0,Completed
ORD-003976,2025-02-08,Central,Online,Travel bag,Accessories,1,39900,23000,15,Completed
ORD-003977,2025-02-08,Central,Online,Desk lamp,Home,3,24900,12500,0,Completed
ORD-003978,2025-02-08,North,Online,Travel bag,Accessories,2,39900,23000,0,Completed
ORD-003979,2025-02-08,Central,Online,Desk lamp,Home,1,24900,12500,10,Completed
ORD-003980,2025-02-08,West,Store,Bluetooth speaker,Electronics,1,34900,21000,10,Completed
ORD-003981,2025-02-08,Central,Online,Storage set,Home,1,17900,9500,10,Completed
ORD-003982,2025-02-08,West,Store,Storage set,Home,4,17900,9500,10,Completed
ORD-003983,2025-02-08,South,Online,Laptop stand,Office,2,29900,16000,0,Completed
ORD-003984,2025-02-08,North,Store,Desk lamp,Home,1,24900,12500,10,Cancelled
ORD-003985,2025-02-08,Central,Online,Wireless headphones,Electronics,3,49900,29000,0,Completed
ORD-003986,2025-02-08,West,Store,Wireless headphones,Electronics,3,49900,29000,0,Completed
ORD-003987,2025-02-08,Central,Online,Wireless headphones,Electronics,1,49900,29000,15,Completed
ORD-003988,2025-02-09,West,Online,Laptop stand,Office,3,29900,16000,20,Completed
ORD-003989,2025-02-09,North,Online,Phone case,Accessories,3,9900,3500,0,Completed
ORD-003990,2025-02-09,Central,Online,Desk lamp,Home,2,24900,12500,0,Completed
ORD-003991,2025-02-09,South,Store,Bluetooth speaker,Electronics,4,34900,21000,10,Completed
ORD-003992,2025-02-09,South,Online,Storage set,Home,2,17900,9500,10,Completed
ORD-003993,2025-02-09,West,Online,Travel bag,Accessories,2,39900,23000,20,Completed
ORD-003994,2025-02-09,Central,Online,Phone case,Accessories,4,9900,3500,10,Completed
ORD-003995,2025-02-09,North,Online,Wireless headphones,Electronics,3,49900,29000,10,Cancelled
ORD-003996,2025-02-09,Central,Online,Laptop stand,Office,4,29900,16000,0,Completed
ORD-003997,2025-02-09,North,Store,Storage set,Home,1,17900,9500,0,Completed
ORD-003998,2025-02-10,North,Store,Laptop stand,Office,3,29900,16000,0,Completed
ORD-003999,2025-02-10,South,Store,Bluetooth speaker,Electronics,4,34900,21000,0,Returned
ORD-004000,2025-02-10,Central,Store,Laptop stand,Office,4,29900,16000,0,Completed
ORD-004001,2025-02-10,South,Store,Travel bag,Accessories,1,39900,23000,0,Completed
ORD-004002,2025-02-10,North,Online,Storage set,Home,2,17900,9500,0,Completed
ORD-004003,2025-02-10,Central,Online,Storage set,Home,1,17900,9500,10,Completed
ORD-004004,2025-02-10,West,Online,Desk lamp,Home,1,24900,12500,10,Completed
ORD-004005,2025-02-10,Central,Online,Wireless headphones,Electronics,3,49900,29000,0,Returned
ORD-004006,2025-02-11,West,Store,Travel bag,Accessories,1,39900,23000,0,Completed
ORD-004007,2025-02-11,Central,Online,Desk lamp,Home,1,24900,12500,0,Completed
ORD-004008,2025-02-11,Central,Online,Bluetooth speaker,Electronics,4,34900,21000,10,Completed
ORD-004009,2025-02-11,Central,Online,Phone case,Accessories,3,9900,3500,15,Completed
ORD-004010,2025-02-11,South,Online,Laptop stand,Office,1,29900,16000,0,Returned
ORD-004011,2025-02-11,North,Online,Desk lamp,Home,3,24900,12500,0,Completed
ORD-004012,2025-02-11,West,Online,Notebook pack,Office,1,8900,4000,0,Completed
ORD-004013,2025-02-12,Central,Online,Wireless headphones,Electronics,3,49900,29000,0,Completed
ORD-004014,2025-02-12,Central,Online,Travel bag,Accessories,4,39900,23000,20,Completed
ORD-004015,2025-02-12,Central,Online,Notebook pack,Office,4,8900,4000,0,Completed
ORD-004016,2025-02-12,Central,Store,Travel bag,Accessories,1,39900,23000,0,Completed
ORD-004017,2025-02-12,Central,Store,Storage set,Home,1,17900,9500,0,Cancelled
ORD-004018,2025-02-12,South,Online,Desk lamp,Home,2,24900,12500,10,Completed
ORD-004019,2025-02-12,Central,Online,Bluetooth speaker,Electronics,2,34900,21000,10,Completed
ORD-004020,2025-02-12,Central,Store,Bluetooth speaker,Electronics,2,34900,21000,0,Completed
ORD-004021,2025-02-13,Central,Store,Bluetooth speaker,Electronics,3,34900,21000,0,Completed
ORD-004022,2025-02-13,Central,Store,Wireless headphones,Electronics,1,49900,29000,0,Completed
ORD-004023,2025-02-13,West,Online,Notebook pack,Office,3,8900,4000,0,Completed
ORD-004024,2025-02-13,West,Store,Travel bag,Accessories,2,39900,23000,10,Returned
ORD-004025,2025-02-13,North,Store,Bluetooth speaker,Electronics,2,34900,21000,10,Completed
ORD-004026,2025-02-13,West,Store,Notebook pack,Office,1,8900,4000,0,Completed
ORD-004027,2025-02-13,Central,Store,Desk lamp,Home,1,24900,12500,10,Completed
ORD-004028,2025-02-13,West,Store,Laptop stand,Office,2,29900,16000,20,Completed
ORD-004029,2025-02-13,South,Online,Desk lamp,Home,1,24900,12500,0,Completed
ORD-004030,2025-02-13, South ,Online,Storage set,Home,3,17900,9500,0,Completed
ORD-004031,2025-02-14,Central,Online,Notebook pack,Office,2,8900,4000,10,Completed
ORD-004032,2025-02-14,West,Store,Wireless headphones,Electronics,4,49900,29000,0,Completed
ORD-004033,2025-02-14,South,Online,Wireless headphones,Electronics,3,49900,29000,0,Completed
ORD-004034,2025-02-14,North,Online,Phone case,Accessories,1,9900,3500,0,Completed
ORD-004035,2025-02-14,South,Online,Desk lamp,Home,2,24900,12500,0,Returned
ORD-004036,2025-02-14,Central,Online,Bluetooth speaker,Electronics,1,34900,21000,15,Completed
ORD-004037,2025-02-14,Central,Online,Phone case,Accessories,1,9900,3500,0,Completed
ORD-004038,2025-02-14,South,Store,Phone case,Accessories,1,9900,3500,10,Completed
ORD-004039,2025-02-14,South,Store,Desk lamp,Home,3,24900,12500,0,Completed
ORD-004040,2025-02-14,West,Online,Storage set,Home,2,17900,9500,0,Completed
ORD-004041,2025-02-14,Central,Online,Notebook pack,Office,1,8900,4000,10,Completed
ORD-004042,2025-02-15,Central,Store,Desk lamp,Home,3,24900,12500,0,Cancelled
ORD-004043,2025-02-15,North,Online,Wireless headphones,Electronics,3,49900,29000,0,Completed
ORD-004044,2025-02-15,Central,Store,Phone case,Accessories,1,9900,3500,0,Completed
ORD-004045,2025-02-15,South,Store,Travel bag,Accessories,4,39900,23000,20,Completed
ORD-004046,2025-02-15,North,Online,Laptop stand,Office,2,29900,16000,10,Completed
ORD-004047,2025-02-15,West,Online,Bluetooth speaker,Electronics,3,34900,21000,0,Completed
ORD-004048,2025-02-15,West,Store,Laptop stand,Office,1,29900,16000,0,Completed
ORD-004049,2025-02-15,West,Store,Travel bag,Accessories,1,39900,23000,0,Completed
ORD-004050,2025-02-15,Central,Online,Travel bag,Accessories,2,39900,23000,0,Returned
ORD-004051,2025-02-15,Central,Store,Storage set,Home,4,17900,9500,0,Returned
ORD-004052,2025-02-15,South,Store,Travel bag,Accessories,3,39900,23000,0,Completed
ORD-004053,2025-02-15,South,Online,Bluetooth speaker,Electronics,1,34900,21000,10,Completed
ORD-004054,2025-02-15,South,Online,Storage set,Home,2,17900,9500,10,Completed
ORD-004055,2025-02-16,Central,Online,Desk lamp,Home,2,24900,12500,0,Completed
ORD-004056,2025-02-16,Central,Store,Travel bag,Accessories,2,39900,23000,20,Completed
ORD-004057,2025-02-16,Central,Store,Phone case,Accessories,4,9900,3500,0,Completed
ORD-004058,2025-02-16,Central,Store,Wireless headphones,Electronics,3,49900,29000,15,Completed
ORD-004059,2025-02-16,West,Online,Storage set,Home,2,17900,9500,0,Completed
ORD-004060,2025-02-16,Central,Online,Phone case,Accessories,1,9900,3500,0,Completed
ORD-004061,2025-02-16,South,Store,Notebook pack,Office,4,8900,4000,15,Completed
ORD-004062,2025-02-16,South,Store,Storage set,Home,4,17900,9500,0,Completed
ORD-004063,2025-02-16,West,Online,Bluetooth speaker,Electronics,3,34900,21000,0,Completed
ORD-004064,2025-02-16,North,Store,Storage set,Home,3,17900,9500,0,Completed
ORD-004065,2025-02-16,Central,Online,Phone case,Accessories,3,9900,3500,10,Completed
ORD-004066,2025-02-16,South,Online,Travel bag,Accessories,4,39900,23000,0,Completed
ORD-004067,2025-02-16,Central,Online,Laptop stand,Office,1,29900,16000,0,Completed
ORD-004068,2025-02-17,South,Online,Travel bag,Accessories,3,39900,23000,10,Returned
ORD-004069,2025-02-17,North,Store,Bluetooth speaker,Electronics,3,34900,21000,10,Returned
ORD-004070,2025-02-17,North,Online,Phone case,Accessories,3,9900,3500,0,Completed
ORD-004071,2025-02-17,South,Online,Wireless headphones,Electronics,4,49900,29000,20,Completed
ORD-004072,2025-02-17,Central,Online,Travel bag,Accessories,2,39900,23000,0,Completed
ORD-004073,2025-02-17,South,Store,Notebook pack,Office,4,8900,4000,0,Completed
ORD-004074,2025-02-17,Central,Store,Laptop stand,Office,3,29900,16000,10,Completed
ORD-004075,2025-02-18,Central,Online,Phone case,Accessories,3,9900,3500,20,Completed
ORD-004076,2025-02-18,North,Store,Travel bag,Accessories,2,39900,23000,15,Completed
ORD-004077,2025-02-18,Central,Online,Bluetooth speaker,Electronics,2,34900,21000,0,Cancelled
ORD-004078,2025-02-18,Central,Store,Storage set,Home,4,17900,9500,0,Completed
ORD-004079,2025-02-18,West,Online,Travel bag,Accessories,1,39900,23000,10,Completed
ORD-004080,2025-02-18,Central,Online,Storage set,Home,2,17900,9500,10,Completed
ORD-004081,2025-02-18,South,Online,Wireless headphones,Electronics,3,49900,29000,0,Completed
ORD-004082,2025-02-18,North,Online,Bluetooth speaker,Electronics,2,34900,21000,0,Completed
ORD-004083,2025-02-18,North,Store,Notebook pack,Office,2,8900,4000,0,Completed
ORD-004084,2025-02-18,North,Store,Notebook pack,Office,4,8900,4000,0,Completed
ORD-004085,2025-02-19,West,Online,Wireless headphones,Electronics,4,49900,29000,0,Returned
ORD-004086,2025-02-19,Central,Online,Travel bag,Accessories,3,39900,23000,0,Completed
ORD-004087,2025-02-19,Central,Online,Travel bag,Accessories,2,39900,23000,0,Completed
ORD-004088,2025-02-19,Central,Online,Desk lamp,Home,4,24900,12500,0,Completed
ORD-004089,2025-02-19,Central,Online,Wireless headphones,Electronics,1,49900,29000,15,Completed
ORD-004090,2025-02-19,Central,Store,Notebook pack,Office,2,8900,4000,10,Completed
ORD-004091,2025-02-19,Central,Online,Travel bag,Accessories,3,39900,23000,10,Completed
ORD-004092,2025-02-19,West,Online,Phone case,Accessories,4,9900,3500,20,Completed
ORD-004093,2025-02-19,South,Store,Laptop stand,Office,3,29900,16000,15,Completed
ORD-004094,2025-02-19,South,Store,Desk lamp,Home,4,24900,12500,10,Completed
ORD-004095,2025-02-19,West,Store,Wireless headphones,Electronics,4,49900,29000,0,Completed
ORD-004096,2025-02-19,Central,Online,Phone case,Accessories,2,9900,3500,0,Completed
ORD-004097,2025-02-19,Central,Online,Travel bag,Accessories,4,39900,23000,0,Completed
ORD-004098,2025-02-19,Central,Online,Bluetooth speaker,Electronics,2,34900,21000,10,Completed
ORD-004099,2025-02-20,South,Online,Wireless headphones,Electronics,3,49900,29000,10,Completed
ORD-004100,2025-02-20,Central,Store,Notebook pack,Office,2,8900,4000,0,Completed
ORD-004101,2025-02-20,Central,Online,Laptop stand,Office,3,29900,16000,10,Completed
ORD-004102,2025-02-20,Central,Online,Storage set,Home,2,17900,9500,15,Completed
ORD-004103,2025-02-20,Central,Online,Travel bag,Accessories,1,39900,23000,15,Completed
ORD-004104,2025-02-20,North,Store,Phone case,Accessories,1,9900,3500,0,Completed
ORD-004105,2025-02-20,South,Store,Laptop stand,Office,3,29900,16000,15,Completed
ORD-004106,2025-02-21,West,Online,Notebook pack,Office,1,8900,4000,10,Completed
ORD-004107,2025-02-21,West,Online,Storage set,Home,3,17900,9500,0,Completed
ORD-004108,2025-02-21,Central,Online,Laptop stand,Office,1,29900,16000,0,Completed
ORD-004109,2025-02-21, Central ,Store,Travel bag,Accessories,3,39900,23000,10,Completed
ORD-004110,2025-02-21,Central,Store,Travel bag,Accessories,4,39900,23000,0,Completed
ORD-004111,2025-02-21,West,Store,Wireless headphones,Electronics,3,49900,29000,0,Cancelled
ORD-004112,2025-02-21,North,Store,Notebook pack,Office,1,8900,4000,0,Completed
ORD-004113,2025-02-21,South,Online,Storage set,Home,2,17900,9500,0,Completed
ORD-004114,2025-02-21,West,Store,Travel bag,Accessories,3,39900,23000,0,Completed
ORD-004115,2025-02-21,South,Online,Storage set,Home,2,17900,9500,0,Completed
ORD-004116,2025-02-21,Central,Online,Bluetooth speaker,Electronics,4,34900,21000,0,Completed
ORD-004117,2025-02-21,Central,Online,Laptop stand,Office,1,29900,16000,0,Completed
ORD-004118,2025-02-21,North,Online,Notebook pack,Office,3,8900,4000,15,Completed
ORD-004119,2025-02-22,Central,Online,Laptop stand,Office,2,29900,16000,20,Completed
ORD-004120,2025-02-22,South,Store,Phone case,Accessories,1,9900,3500,0,Completed
ORD-004121,2025-02-22,Central,Store,Travel bag,Accessories,4,39900,23000,0,Completed
ORD-004122,2025-02-22,West,Store,Bluetooth speaker,Electronics,1,34900,21000,0,Completed
ORD-004123,2025-02-22,Central,Online,Desk lamp,Home,3,24900,12500,20,Cancelled
ORD-004124,2025-02-22,Central,Online,Notebook pack,Office,2,8900,4000,20,Returned
ORD-004125,2025-02-22,South,Store,Notebook pack,Office,4,8900,4000,0,Completed
ORD-004126,2025-02-22,West,Online,Wireless headphones,Electronics,1,49900,29000,20,Cancelled
ORD-004127,2025-02-22,Central,Store,Travel bag,Accessories,1,39900,23000,0,Completed
ORD-004128,2025-02-22,Central,Online,Desk lamp,Home,1,24900,12500,0,Completed
ORD-004129,2025-02-22,South,Store,Bluetooth speaker,Electronics,1,34900,21000,10,Cancelled
ORD-004130,2025-02-22,West,Store,Bluetooth speaker,Electronics,2,34900,21000,0,Completed
ORD-004131,2025-02-22,Central,Online,Desk lamp,Home,3,24900,12500,0,Completed
ORD-004132,2025-02-22,West,Store,Storage set,Home,1,17900,9500,0,Completed
ORD-004133,2025-02-23,West,Online,Phone case,Accessories,1,9900,3500,0,Completed
ORD-004134,2025-02-23,Central,Online,Storage set,Home,3,17900,9500,0,Completed
ORD-004135,2025-02-23,Central,Online,Bluetooth speaker,Electronics,1,34900,21000,15,Completed
ORD-004136,2025-02-23,Central,Online,Phone case,Accessories,1,9900,3500,15,Completed
ORD-004137,2025-02-23,Central,Online,Travel bag,Accessories,3,39900,23000,0,Completed
ORD-004138,2025-02-23,Central,Store,Travel bag,Accessories,3,39900,23000,20,Completed
ORD-004139,2025-02-23,South,Online,Desk lamp,Home,4,24900,12500,20,Completed
ORD-004140,2025-02-23,Central,Online,Laptop stand,Office,3,29900,16000,10,Returned
ORD-004141,2025-02-23,North,Store,Bluetooth speaker,Electronics,4,34900,21000,20,Completed
ORD-004142,2025-02-23,North,Store,Bluetooth speaker,Electronics,2,34900,21000,0,Completed
ORD-004143,2025-02-23,Central,Online,Bluetooth speaker,Electronics,2,34900,21000,0,Completed
ORD-004144,2025-02-24,West,Online,Notebook pack,Office,4,8900,4000,15,Completed
ORD-004145,2025-02-24,West,Online,Travel bag,Accessories,2,39900,23000,10,Completed
ORD-004146,2025-02-24,West,Online,Bluetooth speaker,Electronics,2,34900,21000,0,Completed
ORD-004147,2025-02-24,Central,Store,Notebook pack,Office,4,8900,4000,0,Completed
ORD-004148,2025-02-24,North,Store,Desk lamp,Home,4,24900,12500,20,Completed
ORD-004149,2025-02-24,South,Store,Notebook pack,Office,3,8900,4000,15,Completed
ORD-004150,2025-02-24,North,Online,Bluetooth speaker,Electronics,3,34900,21000,0,Returned
ORD-004151,2025-02-24,Central,Store,Wireless headphones,Electronics,1,49900,29000,10,Completed
ORD-004152,2025-02-24,North,Online,Travel bag,Accessories,3,39900,23000,0,Completed
ORD-004153,2025-02-24,Central,Online,Desk lamp,Home,3,24900,12500,15,Completed
ORD-004154,2025-02-24,Central,Store,Laptop stand,Office,3,29900,16000,0,Completed
ORD-004155,2025-02-24,West,Store,Laptop stand,Office,3,29900,16000,0,Cancelled
ORD-004156,2025-02-24,Central,Online,Laptop stand,Office,4,29900,16000,0,Completed
ORD-004157,2025-02-24,West,Online,Travel bag,Accessories,4,39900,23000,0,Returned
ORD-004158,2025-02-25,Central,Store,Travel bag,Accessories,2,39900,23000,0,Completed
ORD-004159,2025-02-25,Central,Online,Wireless headphones,Electronics,2,49900,29000,15,Completed
ORD-004160,2025-02-25,West,Store,Bluetooth speaker,Electronics,2,34900,21000,0,Completed
ORD-004161,2025-02-25,Central,Online,Laptop stand,Office,4,29900,16000,20,Completed
ORD-004162,2025-02-25,Central,Online,Wireless headphones,Electronics,3,49900,29000,0,Completed
ORD-004163,2025-02-25,West,Online,Laptop stand,Office,3,29900,16000,10,Completed
ORD-004164,2025-02-25,Central,Online,Laptop stand,Office,1,29900,16000,0,Completed
ORD-004165,2025-02-25,West,Online,Wireless headphones,Electronics,4,49900,29000,0,Completed
ORD-004166,2025-02-25,West,Store,Notebook pack,Office,4,8900,4000,0,Completed
ORD-004167,2025-02-25,West,Online,Notebook pack,Office,4,8900,4000,0,Completed
ORD-004168,2025-02-25,West,Store,Laptop stand,Office,4,29900,16000,15,Completed
ORD-004169,2025-02-25,West,Online,Travel bag,Accessories,2,39900,23000,0,Completed
ORD-004170,2025-02-25,West,Online,Desk lamp,Home,2,24900,12500,10,Returned
ORD-004171,2025-02-25,Central,Online,Bluetooth speaker,Electronics,3,34900,21000,0,Completed
ORD-004172,2025-02-26,Central,Online,Travel bag,Accessories,4,39900,23000,0,Completed
ORD-004173,2025-02-26,Central,Store,Phone case,Accessories,4,9900,3500,0,Completed
ORD-004174,2025-02-26,Central,Online,Storage set,Home,3,17900,9500,0,Completed
ORD-004175,2025-02-26,Central,Online,Phone case,Accessories,3,9900,3500,10,Completed
ORD-004176,2025-02-26,Central,Online,Phone case,Accessories,3,9900,3500,0,Completed
ORD-004177,2025-02-26,Central,Store,Phone case,Accessories,3,9900,3500,0,Completed
ORD-004178,2025-02-26,West,Online,Laptop stand,Office,2,29900,16000,0,Completed
ORD-004179,2025-02-26,West,Store,Bluetooth speaker,Electronics,4,34900,21000,0,Completed
ORD-004180,2025-02-26,South,Online,Laptop stand,Office,3,29900,16000,0,Completed
ORD-004181,2025-02-26,Central,Online,Travel bag,Accessories,4,39900,23000,0,Completed
ORD-004182,2025-02-26,West,Online,Storage set,Home,1,17900,9500,0,Completed
ORD-004183,2025-02-26,North,Online,Desk lamp,Home,2,24900,12500,15,Completed
ORD-004184,2025-02-27,South,Online,Phone case,Accessories,3,9900,3500,0,Completed
ORD-004185,2025-02-27,Central,Store,Storage set,Home,2,17900,9500,0,Completed
ORD-004186,2025-02-27,South,Online,Wireless headphones,Electronics,3,49900,29000,0,Completed
ORD-004187,2025-02-27,West,Store,Bluetooth speaker,Electronics,1,34900,21000,0,Completed
ORD-004188,2025-02-27, West ,Online,Storage set,Home,1,17900,9500,15,Completed
ORD-004189,2025-02-27,Central,Online,Storage set,Home,4,17900,9500,0,Completed
ORD-004190,2025-02-27,West,Online,Bluetooth speaker,Electronics,3,34900,21000,0,Completed
ORD-004191,2025-02-27,South,Store,Storage set,Home,1,17900,9500,10,Completed
ORD-004192,2025-02-27,West,Store,Laptop stand,Office,4,29900,16000,10,Completed
ORD-004193,2025-02-27,North,Online,Desk lamp,Home,2,24900,12500,0,Completed
ORD-004194,2025-02-27,South,Online,Laptop stand,Office,2,29900,16000,10,Completed
ORD-004195,2025-02-27,Central,Store,Notebook pack,Office,2,8900,4000,15,Completed
ORD-004196,2025-02-28,West,Store,Desk lamp,Home,3,24900,12500,20,Completed
ORD-004197,2025-02-28,South,Store,Storage set,Home,4,17900,9500,0,Completed
ORD-004198,2025-02-28,North,Online,Desk lamp,Home,2,24900,12500,0,Completed
ORD-004199,2025-02-28,Central,Store,Notebook pack,Office,3,8900,4000,0,Completed
ORD-004200,2025-02-28,South,Store,Phone case,Accessories,1,9900,3500,15,Completed
ORD-004201,2025-02-28,South,Store,Bluetooth speaker,Electronics,1,34900,21000,10,Completed
ORD-004202,2025-02-28,Central,Online,Phone case,Accessories,3,9900,3500,0,Completed
ORD-004203,2025-03-01,Central,Online,Notebook pack,Office,3,8900,4000,10,Completed
ORD-004204,2025-03-01,Central,Store,Storage set,Home,4,17900,9500,0,Completed
ORD-004205,2025-03-01,Central,Online,Notebook pack,Office,1,8900,4000,0,Completed
ORD-004206,2025-03-01,South,Online,Laptop stand,Office,2,29900,16000,10,Completed
ORD-004207,2025-03-01,Central,Store,Travel bag,Accessories,1,39900,23000,0,Completed
ORD-004208,2025-03-01,West,Store,Desk lamp,Home,3,24900,12500,10,Completed
ORD-004209,2025-03-01,Central,Store,Wireless headphones,Electronics,2,49900,29000,0,Completed
ORD-004210,2025-03-01,Central,Online,Storage set,Home,1,17900,9500,20,Completed
ORD-004211,2025-03-01,North,Online,Bluetooth speaker,Electronics,3,34900,21000,0,Completed
ORD-004212,2025-03-01,South,Online,Laptop stand,Office,1,29900,16000,15,Completed
ORD-004213,2025-03-01,North,Online,Phone case,Accessories,3,9900,3500,0,Completed
ORD-004214,2025-03-02,North,Online,Laptop stand,Office,4,29900,16000,0,Completed
ORD-004215,2025-03-02,West,Online,Notebook pack,Office,2,8900,4000,10,Completed
ORD-004216,2025-03-02,West,Online,Storage set,Home,3,17900,9500,0,Completed
ORD-004217,2025-03-02,Central,Online,Notebook pack,Office,4,8900,4000,0,Completed
ORD-004218,2025-03-02,Central,Online,Travel bag,Accessories,3,39900,23000,10,Completed
ORD-004219,2025-03-02,Central,Online,Storage set,Home,3,17900,9500,0,Completed
ORD-004220,2025-03-02,North,Online,Phone case,Accessories,4,9900,3500,10,Completed
ORD-004221,2025-03-02,South,Online,Phone case,Accessories,2,9900,3500,20,Completed
ORD-004222,2025-03-02,South,Online,Notebook pack,Office,1,8900,4000,0,Completed
ORD-004223,2025-03-02,Central,Store,Laptop stand,Office,1,29900,16000,0,Completed
ORD-004224,2025-03-02,North,Online,Travel bag,Accessories,3,39900,23000,10,Completed
ORD-004225,2025-03-02,West,Online,Wireless headphones,Electronics,1,49900,29000,20,Completed
ORD-004226,2025-03-02,South,Online,Laptop stand,Office,4,29900,16000,10,Completed
ORD-004227,2025-03-02,Central,Online,Notebook pack,Office,2,8900,4000,0,Completed
ORD-004228,2025-03-02,South,Store,Storage set,Home,4,17900,9500,0,Completed
ORD-004229,2025-03-03,West,Online,Storage set,Home,2,17900,9500,0,Completed
ORD-004230,2025-03-03,South,Online,Notebook pack,Office,1,8900,4000,0,Completed
ORD-004231,2025-03-03,Central,Online,Desk lamp,Home,1,24900,12500,20,Completed
ORD-004232,2025-03-03,West,Store,Notebook pack,Office,1,8900,4000,0,Completed
ORD-004233,2025-03-03,West,Online,Phone case,Accessories,4,9900,3500,10,Cancelled
ORD-004234,2025-03-03,Central,Store,Storage set,Home,2,17900,9500,0,Completed
ORD-004235,2025-03-03,Central,Store,Travel bag,Accessories,1,39900,23000,20,Completed
ORD-004236,2025-03-03,Central,Store,Wireless headphones,Electronics,1,49900,29000,10,Returned
ORD-004237,2025-03-03,West,Store,Storage set,Home,4,17900,9500,15,Completed
ORD-004238,2025-03-03,Central,Online,Desk lamp,Home,2,24900,12500,20,Completed
ORD-004239,2025-03-03,Central,Store,Travel bag,Accessories,3,39900,23000,10,Completed
ORD-004240,2025-03-03,West,Store,Desk lamp,Home,4,24900,12500,0,Completed
ORD-004241,2025-03-04,South,Store,Desk lamp,Home,2,24900,12500,0,Completed
ORD-004242,2025-03-04,Central,Online,Desk lamp,Home,4,24900,12500,0,Completed
ORD-004243,2025-03-04,West,Online,Phone case,Accessories,2,9900,3500,15,Completed
ORD-004244,2025-03-04,Central,Store,Laptop stand,Office,3,29900,16000,0,Completed
ORD-004245,2025-03-04,Central,Online,Laptop stand,Office,2,29900,16000,0,Completed
ORD-004246,2025-03-04,Central,Store,Notebook pack,Office,1,8900,4000,0,Completed
ORD-004247,2025-03-04,North,Online,Notebook pack,Office,4,8900,4000,0,Cancelled
ORD-004248,2025-03-04,North,Online,Notebook pack,Office,1,8900,4000,10,Completed
ORD-004249,2025-03-05,West,Online,Laptop stand,Office,3,29900,16000,15,Returned
ORD-004250,2025-03-05,Central,Online,Laptop stand,Office,1,29900,16000,20,Completed
ORD-004251,2025-03-05,Central,Online,Storage set,Home,1,17900,9500,15,Completed
ORD-004252,2025-03-05,North,Online,Phone case,Accessories,4,9900,3500,0,Completed
ORD-004253,2025-03-05,West,Online,Phone case,Accessories,3,9900,3500,0,Completed
ORD-004254,2025-03-05,West,Store,Wireless headphones,Electronics,4,49900,29000,0,Cancelled
ORD-004255,2025-03-05,West,Online,Storage set,Home,3,17900,9500,0,Completed
ORD-004256,2025-03-05,South,Online,Phone case,Accessories,4,9900,3500,0,Completed
ORD-004257,2025-03-05,North,Online,Desk lamp,Home,4,24900,12500,0,Completed
ORD-004258,2025-03-05,Central,Store,Bluetooth speaker,Electronics,2,34900,21000,0,Completed
ORD-004259,2025-03-05,Central,Online,Desk lamp,Home,3,24900,12500,10,Completed
ORD-004260,2025-03-05,Central,Online,Travel bag,Accessories,1,39900,23000,0,Completed
ORD-004261,2025-03-05,South,Online,Storage set,Home,3,17900,9500,10,Completed
ORD-004262,2025-03-06,Central,Online,Wireless headphones,Electronics,1,49900,29000,10,Completed
ORD-004263,2025-03-06,North,Online,Wireless headphones,Electronics,3,49900,29000,0,Completed
ORD-004264,2025-03-06,West,Online,Travel bag,Accessories,4,39900,23000,0,Completed
ORD-004265,2025-03-06,North,Store,Laptop stand,Office,2,29900,16000,0,Completed
ORD-004266,2025-03-06,West,Store,Travel bag,Accessories,3,39900,23000,20,Completed
ORD-004267,2025-03-06, North ,Online,Wireless headphones,Electronics,1,49900,29000,0,Completed
ORD-004268,2025-03-06,West,Online,Notebook pack,Office,2,8900,4000,15,Returned
ORD-004269,2025-03-06,Central,Store,Storage set,Home,2,17900,9500,10,Completed
ORD-004270,2025-03-06,South,Store,Storage set,Home,1,17900,9500,0,Completed
ORD-004271,2025-03-06,West,Online,Storage set,Home,1,17900,9500,0,Completed
ORD-004272,2025-03-06,Central,Online,Laptop stand,Office,3,29900,16000,0,Completed
ORD-004273,2025-03-06,Central,Store,Bluetooth speaker,Electronics,1,34900,21000,0,Completed
ORD-004274,2025-03-06,North,Online,Storage set,Home,4,17900,9500,0,Completed
ORD-004275,2025-03-06,Central,Store,Storage set,Home,4,17900,9500,0,Returned
ORD-004276,2025-03-07,South,Online,Phone case,Accessories,3,9900,3500,0,Completed
ORD-004277,2025-03-07,West,Online,Wireless headphones,Electronics,2,49900,29000,0,Returned
ORD-004278,2025-03-07,North,Online,Travel bag,Accessories,4,39900,23000,0,Completed
ORD-004279,2025-03-07,Central,Online,Notebook pack,Office,3,8900,4000,0,Completed
ORD-004280,2025-03-07,Central,Store,Travel bag,Accessories,4,39900,23000,15,Completed
ORD-004281,2025-03-07,Central,Online,Laptop stand,Office,4,29900,16000,10,Completed
ORD-004282,2025-03-07,West,Store,Storage set,Home,4,17900,9500,10,Completed
ORD-004283,2025-03-07,North,Online,Storage set,Home,4,17900,9500,10,Completed
ORD-004284,2025-03-08,West,Store,Notebook pack,Office,3,8900,4000,20,Completed
ORD-004285,2025-03-08,Central,Online,Wireless headphones,Electronics,1,49900,29000,0,Completed
ORD-004286,2025-03-08,South,Online,Phone case,Accessories,1,9900,3500,0,Cancelled
ORD-004287,2025-03-08,North,Online,Travel bag,Accessories,3,39900,23000,0,Completed
ORD-004288,2025-03-08,West,Store,Notebook pack,Office,3,8900,4000,15,Completed
ORD-004289,2025-03-08,North,Online,Bluetooth speaker,Electronics,4,34900,21000,0,Completed
ORD-004290,2025-03-08,Central,Store,Notebook pack,Office,4,8900,4000,0,Completed
ORD-004291,2025-03-08,North,Online,Phone case,Accessories,2,9900,3500,0,Completed
ORD-004292,2025-03-08,West,Online,Wireless headphones,Electronics,3,49900,29000,20,Completed
ORD-004293,2025-03-08,West,Online,Notebook pack,Office,4,8900,4000,0,Completed
ORD-004294,2025-03-08,West,Store,Desk lamp,Home,4,24900,12500,0,Completed
ORD-004295,2025-03-08,West,Online,Travel bag,Accessories,4,39900,23000,15,Completed
ORD-004296,2025-03-08,South,Online,Phone case,Accessories,2,9900,3500,0,Completed
ORD-004297,2025-03-08,North,Online,Travel bag,Accessories,4,39900,23000,0,Completed
ORD-004298,2025-03-08,North,Store,Phone case,Accessories,1,9900,3500,20,Completed
ORD-004299,2025-03-08,North,Online,Notebook pack,Office,4,8900,4000,0,Completed
ORD-004300,2025-03-09,Central,Store,Travel bag,Accessories,2,39900,23000,0,Completed
ORD-004301,2025-03-09,South,Store,Storage set,Home,1,17900,9500,10,Completed
ORD-004302,2025-03-09,Central,Online,Storage set,Home,4,17900,9500,15,Completed
ORD-004303,2025-03-09,South,Store,Travel bag,Accessories,2,39900,23000,10,Completed
ORD-004304,2025-03-09,South,Online,Notebook pack,Office,4,8900,4000,0,Completed
ORD-004305,2025-03-09,South,Online,Desk lamp,Home,3,24900,12500,0,Completed
ORD-004306,2025-03-09,North,Online,Wireless headphones,Electronics,3,49900,29000,0,Completed
ORD-004307,2025-03-09,Central,Online,Notebook pack,Office,3,8900,4000,0,Completed
ORD-004308,2025-03-09,Central,Online,Wireless headphones,Electronics,3,49900,29000,20,Completed
ORD-004309,2025-03-10,Central,Online,Notebook pack,Office,3,8900,4000,20,Completed
ORD-004310,2025-03-10,Central,Store,Wireless headphones,Electronics,4,49900,29000,0,Completed
ORD-004311,2025-03-10,Central,Online,Phone case,Accessories,2,9900,3500,0,Completed
ORD-004312,2025-03-10,North,Online,Desk lamp,Home,1,24900,12500,20,Completed
ORD-004313,2025-03-10,South,Store,Bluetooth speaker,Electronics,3,34900,21000,0,Cancelled
ORD-004314,2025-03-10,West,Store,Storage set,Home,2,17900,9500,0,Completed
ORD-004315,2025-03-10,North,Store,Phone case,Accessories,4,9900,3500,0,Completed
ORD-004316,2025-03-11,West,Store,Laptop stand,Office,3,29900,16000,10,Completed
ORD-004317,2025-03-11,Central,Store,Bluetooth speaker,Electronics,4,34900,21000,0,Completed
ORD-004318,2025-03-11,Central,Store,Wireless headphones,Electronics,1,49900,29000,0,Completed
ORD-004319,2025-03-11,South,Online,Bluetooth speaker,Electronics,4,34900,21000,0,Completed
ORD-004320,2025-03-11,West,Online,Desk lamp,Home,2,24900,12500,10,Completed
ORD-004321,2025-03-11,North,Store,Wireless headphones,Electronics,3,49900,29000,0,Returned
ORD-004322,2025-03-11,Central,Online,Bluetooth speaker,Electronics,2,34900,21000,10,Completed
ORD-004323,2025-03-11,West,Online,Wireless headphones,Electronics,4,49900,29000,0,Completed
ORD-004324,2025-03-12,Central,Online,Bluetooth speaker,Electronics,4,34900,21000,0,Completed
ORD-004325,2025-03-12,Central,Store,Wireless headphones,Electronics,1,49900,29000,0,Returned
ORD-004326,2025-03-12,Central,Online,Notebook pack,Office,2,8900,4000,0,Completed
ORD-004327,2025-03-12,Central,Online,Notebook pack,Office,2,8900,4000,10,Completed
ORD-004328,2025-03-12,Central,Store,Wireless headphones,Electronics,3,49900,29000,0,Cancelled
ORD-004329,2025-03-12,Central,Online,Desk lamp,Home,1,24900,12500,0,Completed
ORD-004330,2025-03-12,Central,Online,Notebook pack,Office,4,8900,4000,0,Completed
ORD-004331,2025-03-13,Central,Store,Travel bag,Accessories,4,39900,23000,10,Completed
ORD-004332,2025-03-13,Central,Online,Desk lamp,Home,1,24900,12500,0,Completed
ORD-004333,2025-03-13,North,Online,Notebook pack,Office,2,8900,4000,20,Completed
ORD-004334,2025-03-13,West,Online,Wireless headphones,Electronics,2,49900,29000,10,Completed
ORD-004335,2025-03-13,South,Online,Desk lamp,Home,3,24900,12500,20,Completed
ORD-004336,2025-03-13,Central,Online,Bluetooth speaker,Electronics,4,34900,21000,0,Completed
ORD-004337,2025-03-13,West,Online,Wireless headphones,Electronics,4,49900,29000,0,Completed
ORD-004338,2025-03-13,West,Online,Laptop stand,Office,4,29900,16000,15,Completed
ORD-004339,2025-03-14,North,Store,Travel bag,Accessories,2,39900,23000,10,Completed
ORD-004340,2025-03-14,West,Online,Phone case,Accessories,4,9900,3500,10,Completed
ORD-004341,2025-03-14,West,Online,Desk lamp,Home,2,24900,12500,10,Completed
ORD-004342,2025-03-14,West,Store,Notebook pack,Office,4,8900,4000,0,Completed
ORD-004343,2025-03-14,Central,Online,Travel bag,Accessories,4,39900,23000,10,Completed
ORD-004344,2025-03-14,West,Store,Storage set,Home,1,17900,9500,15,Completed
ORD-004345,2025-03-14,West,Online,Wireless headphones,Electronics,1,49900,29000,10,Completed
ORD-004346,2025-03-14, South ,Online,Phone case,Accessories,1,9900,3500,10,Completed
ORD-004347,2025-03-14,North,Online,Laptop stand,Office,3,29900,16000,0,Completed
ORD-004348,2025-03-15,West,Online,Laptop stand,Office,2,29900,16000,0,Completed
ORD-004349,2025-03-15,West,Online,Desk lamp,Home,2,24900,12500,0,Completed
ORD-004350,2025-03-15,West,Store,Laptop stand,Office,1,29900,16000,20,Completed
ORD-004351,2025-03-15,Central,Online,Desk lamp,Home,1,24900,12500,10,Completed
ORD-004352,2025-03-15,Central,Store,Desk lamp,Home,3,24900,12500,0,Completed
ORD-004353,2025-03-15,South,Store,Travel bag,Accessories,1,39900,23000,10,Completed
ORD-004354,2025-03-15,West,Store,Desk lamp,Home,2,24900,12500,20,Completed
ORD-004355,2025-03-15,Central,Online,Laptop stand,Office,2,29900,16000,0,Completed
ORD-004356,2025-03-15,South,Store,Notebook pack,Office,4,8900,4000,10,Completed
ORD-004357,2025-03-15,West,Online,Bluetooth speaker,Electronics,1,34900,21000,10,Completed
ORD-004358,2025-03-15,West,Online,Desk lamp,Home,2,24900,12500,0,Completed
ORD-004359,2025-03-16,South,Online,Desk lamp,Home,1,24900,12500,10,Completed
ORD-004360,2025-03-16,Central,Online,Travel bag,Accessories,1,39900,23000,15,Completed
ORD-004361,2025-03-16,North,Online,Laptop stand,Office,2,29900,16000,15,Completed
ORD-004362,2025-03-16,Central,Store,Notebook pack,Office,3,8900,4000,0,Completed
ORD-004363,2025-03-16,South,Online,Travel bag,Accessories,1,39900,23000,10,Completed
ORD-004364,2025-03-16,West,Online,Notebook pack,Office,2,8900,4000,10,Completed
ORD-004365,2025-03-16,South,Online,Storage set,Home,1,17900,9500,0,Completed
ORD-004366,2025-03-16,West,Store,Desk lamp,Home,2,24900,12500,0,Completed
ORD-004367,2025-03-16,Central,Online,Storage set,Home,1,17900,9500,15,Completed
ORD-004368,2025-03-16,Central,Online,Phone case,Accessories,2,9900,3500,0,Cancelled
ORD-004369,2025-03-16,Central,Store,Travel bag,Accessories,2,39900,23000,0,Completed
ORD-004370,2025-03-16,North,Online,Laptop stand,Office,3,29900,16000,0,Completed
ORD-004371,2025-03-17,Central,Online,Wireless headphones,Electronics,3,49900,29000,20,Completed
ORD-004372,2025-03-17,Central,Online,Desk lamp,Home,1,24900,12500,15,Completed
ORD-004373,2025-03-17,Central,Online,Bluetooth speaker,Electronics,4,34900,21000,0,Completed
ORD-004374,2025-03-17,South,Store,Laptop stand,Office,3,29900,16000,0,Completed
ORD-004375,2025-03-17,West,Online,Laptop stand,Office,1,29900,16000,0,Completed
ORD-004376,2025-03-17,West,Store,Notebook pack,Office,2,8900,4000,0,Completed
ORD-004377,2025-03-17,West,Store,Wireless headphones,Electronics,1,49900,29000,0,Completed
ORD-004378,2025-03-17,West,Online,Notebook pack,Office,2,8900,4000,10,Completed
ORD-004379,2025-03-17,West,Store,Laptop stand,Office,4,29900,16000,0,Completed
ORD-004380,2025-03-18,Central,Online,Notebook pack,Office,4,8900,4000,0,Completed
ORD-004381,2025-03-18,West,Online,Desk lamp,Home,1,24900,12500,15,Completed
ORD-004382,2025-03-18,North,Store,Travel bag,Accessories,3,39900,23000,15,Completed
ORD-004383,2025-03-18,Central,Online,Storage set,Home,1,17900,9500,0,Returned
ORD-004384,2025-03-18,North,Online,Notebook pack,Office,3,8900,4000,10,Completed
ORD-004385,2025-03-18,South,Online,Notebook pack,Office,4,8900,4000,0,Completed
ORD-004386,2025-03-18,South,Store,Storage set,Home,4,17900,9500,0,Returned
ORD-004387,2025-03-18,West,Online,Wireless headphones,Electronics,1,49900,29000,0,Returned
ORD-004388,2025-03-18,West,Store,Travel bag,Accessories,2,39900,23000,0,Completed
ORD-004389,2025-03-18,Central,Online,Bluetooth speaker,Electronics,3,34900,21000,10,Completed
ORD-004390,2025-03-18,Central,Online,Bluetooth speaker,Electronics,1,34900,21000,0,Completed
ORD-004391,2025-03-18,North,Store,Notebook pack,Office,3,8900,4000,20,Returned
ORD-004392,2025-03-19,South,Store,Notebook pack,Office,4,8900,4000,0,Completed
ORD-004393,2025-03-19,Central,Online,Desk lamp,Home,1,24900,12500,0,Returned
ORD-004394,2025-03-19,North,Online,Phone case,Accessories,1,9900,3500,10,Returned
ORD-004395,2025-03-19,Central,Store,Laptop stand,Office,4,29900,16000,0,Completed
ORD-004396,2025-03-19,Central,Online,Wireless headphones,Electronics,1,49900,29000,20,Completed
ORD-004397,2025-03-19,South,Store,Travel bag,Accessories,3,39900,23000,0,Completed
ORD-004398,2025-03-19,South,Online,Laptop stand,Office,4,29900,16000,15,Completed
ORD-004399,2025-03-20,South,Store,Laptop stand,Office,4,29900,16000,0,Completed
ORD-004400,2025-03-20,Central,Store,Phone case,Accessories,3,9900,3500,10,Completed
ORD-004401,2025-03-20,Central,Online,Bluetooth speaker,Electronics,1,34900,21000,0,Completed
ORD-004402,2025-03-20,West,Online,Notebook pack,Office,3,8900,4000,0,Completed
ORD-004403,2025-03-20,West,Store,Wireless headphones,Electronics,2,49900,29000,0,Completed
ORD-004404,2025-03-20,North,Online,Wireless headphones,Electronics,3,49900,29000,0,Completed
ORD-004405,2025-03-20,Central,Online,Storage set,Home,4,17900,9500,0,Completed
ORD-004406,2025-03-20,North,Online,Storage set,Home,4,17900,9500,0,Completed
ORD-004407,2025-03-20,North,Online,Travel bag,Accessories,4,39900,23000,10,Completed
ORD-004408,2025-03-20,North,Store,Bluetooth speaker,Electronics,2,34900,21000,20,Returned
ORD-004409,2025-03-20,Central,Online,Laptop stand,Office,1,29900,16000,20,Completed
ORD-004410,2025-03-20,Central,Store,Wireless headphones,Electronics,1,49900,29000,10,Completed
ORD-004411,2025-03-20,South,Online,Storage set,Home,4,17900,9500,0,Completed
ORD-004412,2025-03-20,Central,Online,Desk lamp,Home,2,24900,12500,0,Completed
ORD-004413,2025-03-21,Central,Store,Storage set,Home,1,17900,9500,0,Completed
ORD-004414,2025-03-21,Central,Online,Laptop stand,Office,3,29900,16000,10,Completed
ORD-004415,2025-03-21,Central,Store,Wireless headphones,Electronics,3,49900,29000,0,Cancelled
ORD-004416,2025-03-21,Central,Online,Travel bag,Accessories,4,39900,23000,0,Completed
ORD-004417,2025-03-21,Central,Online,Storage set,Home,4,17900,9500,0,Completed
ORD-004418,2025-03-21,West,Store,Phone case,Accessories,1,9900,3500,0,Completed
ORD-004419,2025-03-21,North,Store,Wireless headphones,Electronics,3,49900,29000,0,Completed
ORD-004420,2025-03-21,Central,Store,Phone case,Accessories,1,9900,3500,0,Completed
ORD-004421,2025-03-21,Central,Store,Notebook pack,Office,3,8900,4000,0,Completed
ORD-004422,2025-03-21,West,Online,Desk lamp,Home,1,24900,12500,0,Completed
ORD-004423,2025-03-21,North,Online,Travel bag,Accessories,1,39900,23000,15,Completed
ORD-004424,2025-03-22,Central,Online,Phone case,Accessories,3,9900,3500,0,Completed
ORD-004425,2025-03-22, West ,Online,Travel bag,Accessories,3,39900,23000,0,Completed
ORD-004426,2025-03-22,West,Store,Notebook pack,Office,3,8900,4000,0,Completed
ORD-004427,2025-03-22,North,Store,Desk lamp,Home,2,24900,12500,0,Completed
ORD-004428,2025-03-22,Central,Online,Travel bag,Accessories,4,39900,23000,0,Completed
ORD-004429,2025-03-22,North,Store,Notebook pack,Office,1,8900,4000,20,Completed
ORD-004430,2025-03-22,Central,Online,Desk lamp,Home,1,24900,12500,20,Completed
ORD-004431,2025-03-22,South,Online,Storage set,Home,4,17900,9500,0,Completed
ORD-004432,2025-03-22,West,Online,Bluetooth speaker,Electronics,1,34900,21000,15,Completed
ORD-004433,2025-03-22,West,Store,Desk lamp,Home,4,24900,12500,20,Completed
ORD-004434,2025-03-22,West,Store,Desk lamp,Home,4,24900,12500,0,Completed
ORD-004435,2025-03-23,North,Online,Laptop stand,Office,3,29900,16000,0,Completed
ORD-004436,2025-03-23,Central,Online,Bluetooth speaker,Electronics,1,34900,21000,0,Returned
ORD-004437,2025-03-23,West,Store,Notebook pack,Office,2,8900,4000,0,Completed
ORD-004438,2025-03-23,West,Store,Phone case,Accessories,3,9900,3500,0,Completed
ORD-004439,2025-03-23,Central,Online,Notebook pack,Office,3,8900,4000,10,Completed
ORD-004440,2025-03-23,Central,Online,Travel bag,Accessories,4,39900,23000,0,Completed
ORD-004441,2025-03-23,North,Store,Storage set,Home,3,17900,9500,10,Completed
ORD-004442,2025-03-23,Central,Store,Notebook pack,Office,2,8900,4000,0,Completed
ORD-004443,2025-03-23,South,Store,Phone case,Accessories,4,9900,3500,10,Completed
ORD-004444,2025-03-23,West,Store,Storage set,Home,3,17900,9500,0,Completed
ORD-004445,2025-03-23,North,Store,Phone case,Accessories,2,9900,3500,10,Completed
ORD-004446,2025-03-23,West,Store,Travel bag,Accessories,3,39900,23000,0,Completed
ORD-004447,2025-03-24,North,Store,Laptop stand,Office,1,29900,16000,0,Completed
ORD-004448,2025-03-24,Central,Store,Phone case,Accessories,1,9900,3500,0,Returned
ORD-004449,2025-03-24,Central,Store,Travel bag,Accessories,1,39900,23000,0,Cancelled
ORD-004450,2025-03-24,South,Online,Travel bag,Accessories,1,39900,23000,0,Completed
ORD-004451,2025-03-24,Central,Online,Wireless headphones,Electronics,1,49900,29000,0,Completed
ORD-004452,2025-03-24,Central,Online,Travel bag,Accessories,4,39900,23000,10,Completed
ORD-004453,2025-03-24,Central,Online,Laptop stand,Office,4,29900,16000,0,Completed
ORD-004454,2025-03-24,West,Online,Travel bag,Accessories,1,39900,23000,20,Completed
ORD-004455,2025-03-24,North,Online,Phone case,Accessories,4,9900,3500,20,Completed
ORD-004456,2025-03-24,South,Online,Storage set,Home,3,17900,9500,0,Completed
ORD-004457,2025-03-24,Central,Online,Wireless headphones,Electronics,1,49900,29000,0,Completed
ORD-004458,2025-03-24,West,Store,Travel bag,Accessories,3,39900,23000,10,Completed
ORD-004459,2025-03-24,Central,Online,Bluetooth speaker,Electronics,3,34900,21000,0,Completed
ORD-004460,2025-03-25,Central,Online,Laptop stand,Office,3,29900,16000,10,Completed
ORD-004461,2025-03-25,Central,Online,Notebook pack,Office,1,8900,4000,0,Completed
ORD-004462,2025-03-25,South,Online,Storage set,Home,1,17900,9500,15,Completed
ORD-004463,2025-03-25,South,Store,Laptop stand,Office,2,29900,16000,0,Completed
ORD-004464,2025-03-25,Central,Online,Notebook pack,Office,1,8900,4000,20,Completed
ORD-004465,2025-03-25,Central,Store,Phone case,Accessories,2,9900,3500,20,Completed
ORD-004466,2025-03-25,South,Online,Travel bag,Accessories,4,39900,23000,10,Completed
ORD-004467,2025-03-25,West,Store,Storage set,Home,3,17900,9500,15,Completed
ORD-004468,2025-03-25,West,Online,Notebook pack,Office,2,8900,4000,15,Completed
ORD-004469,2025-03-25,South,Store,Travel bag,Accessories,3,39900,23000,10,Cancelled
ORD-004470,2025-03-25,Central,Online,Storage set,Home,1,17900,9500,15,Completed
ORD-004471,2025-03-25,Central,Online,Travel bag,Accessories,1,39900,23000,0,Completed
ORD-004472,2025-03-25,Central,Online,Bluetooth speaker,Electronics,3,34900,21000,0,Completed
ORD-004473,2025-03-25,Central,Online,Bluetooth speaker,Electronics,4,34900,21000,10,Completed
ORD-004474,2025-03-26,West,Online,Notebook pack,Office,4,8900,4000,0,Completed
ORD-004475,2025-03-26,North,Store,Phone case,Accessories,3,9900,3500,0,Completed
ORD-004476,2025-03-26,South,Online,Storage set,Home,2,17900,9500,0,Completed
ORD-004477,2025-03-26,South,Store,Bluetooth speaker,Electronics,4,34900,21000,20,Completed
ORD-004478,2025-03-26,Central,Online,Desk lamp,Home,1,24900,12500,0,Completed
ORD-004479,2025-03-26,Central,Online,Desk lamp,Home,1,24900,12500,10,Completed
ORD-004480,2025-03-26,South,Store,Bluetooth speaker,Electronics,1,34900,21000,15,Completed
ORD-004481,2025-03-26,North,Online,Travel bag,Accessories,2,39900,23000,0,Completed
ORD-004482,2025-03-26,North,Online,Bluetooth speaker,Electronics,2,34900,21000,0,Completed
ORD-004483,2025-03-26,South,Online,Desk lamp,Home,3,24900,12500,10,Completed
ORD-004484,2025-03-27,Central,Online,Travel bag,Accessories,2,39900,23000,0,Completed
ORD-004485,2025-03-27,Central,Online,Laptop stand,Office,4,29900,16000,20,Completed
ORD-004486,2025-03-27,West,Store,Travel bag,Accessories,3,39900,23000,10,Completed
ORD-004487,2025-03-27,North,Online,Desk lamp,Home,2,24900,12500,15,Completed
ORD-004488,2025-03-27,West,Online,Storage set,Home,4,17900,9500,15,Completed
ORD-004489,2025-03-27,North,Store,Travel bag,Accessories,2,39900,23000,15,Completed
ORD-004490,2025-03-27,Central,Online,Travel bag,Accessories,4,39900,23000,10,Completed
ORD-004491,2025-03-28,West,Store,Notebook pack,Office,1,8900,4000,0,Completed
ORD-004492,2025-03-28,North,Online,Laptop stand,Office,2,29900,16000,10,Completed
ORD-004493,2025-03-28,South,Store,Storage set,Home,2,17900,9500,10,Completed
ORD-004494,2025-03-28,West,Store,Travel bag,Accessories,2,39900,23000,0,Completed
ORD-004495,2025-03-28,South,Store,Phone case,Accessories,3,9900,3500,15,Completed
ORD-004496,2025-03-28,Central,Store,Desk lamp,Home,4,24900,12500,10,Completed
ORD-004497,2025-03-28,West,Online,Laptop stand,Office,4,29900,16000,10,Completed
ORD-004498,2025-03-28,Central,Store,Travel bag,Accessories,1,39900,23000,0,Completed
ORD-004499,2025-03-28,Central,Online,Storage set,Home,1,17900,9500,10,Completed
ORD-004500,2025-03-28,South,Online,Notebook pack,Office,3,8900,4000,0,Completed
ORD-004501,2025-03-29,South,Online,Travel bag,Accessories,4,39900,23000,0,Returned
ORD-004502,2025-03-29,North,Online,Wireless headphones,Electronics,1,49900,29000,10,Completed
ORD-004503,2025-03-29,West,Store,Laptop stand,Office,4,29900,16000,0,Completed
ORD-004504,2025-03-29, Central ,Online,Travel bag,Accessories,2,39900,23000,0,Completed
ORD-004505,2025-03-29,Central,Online,Bluetooth speaker,Electronics,3,34900,21000,0,Completed
ORD-004506,2025-03-29,Central,Online,Phone case,Accessories,4,9900,3500,20,Completed
ORD-004507,2025-03-29,South,Online,Storage set,Home,4,17900,9500,15,Completed
ORD-004508,2025-03-29,North,Store,Notebook pack,Office,2,8900,4000,0,Completed
ORD-004509,2025-03-29,North,Online,Bluetooth speaker,Electronics,2,34900,21000,20,Cancelled
ORD-004510,2025-03-30,Central,Online,Wireless headphones,Electronics,2,49900,29000,20,Completed
ORD-004511,2025-03-30,West,Online,Phone case,Accessories,2,9900,3500,0,Completed
ORD-004512,2025-03-30,Central,Online,Desk lamp,Home,1,24900,12500,0,Completed
ORD-004513,2025-03-30,North,Store,Storage set,Home,2,17900,9500,0,Completed
ORD-004514,2025-03-30,West,Online,Laptop stand,Office,4,29900,16000,0,Returned
ORD-004515,2025-03-30,West,Online,Desk lamp,Home,4,24900,12500,10,Completed
ORD-004516,2025-03-30,North,Store,Storage set,Home,2,17900,9500,10,Cancelled
ORD-004517,2025-03-30,Central,Online,Laptop stand,Office,1,29900,16000,0,Completed
ORD-004518,2025-03-30,West,Online,Phone case,Accessories,2,9900,3500,0,Completed
ORD-004519,2025-03-30,Central,Store,Bluetooth speaker,Electronics,4,34900,21000,10,Completed
ORD-004520,2025-03-30,South,Online,Storage set,Home,2,17900,9500,10,Completed
ORD-004521,2025-03-30,Central,Store,Notebook pack,Office,1,8900,4000,0,Completed
ORD-004522,2025-03-30,North,Online,Bluetooth speaker,Electronics,3,34900,21000,10,Completed
ORD-004523,2025-03-30,North,Store,Desk lamp,Home,2,24900,12500,10,Completed
ORD-004524,2025-03-30,North,Online,Travel bag,Accessories,2,39900,23000,0,Completed
ORD-004525,2025-03-30,North,Store,Storage set,Home,3,17900,9500,10,Completed
ORD-004526,2025-03-31,West,Online,Storage set,Home,2,17900,9500,0,Cancelled
ORD-004527,2025-03-31,West,Online,Desk lamp,Home,1,24900,12500,15,Completed
ORD-004528,2025-03-31,North,Store,Storage set,Home,4,17900,9500,10,Completed
ORD-004529,2025-03-31,South,Online,Phone case,Accessories,2,9900,3500,0,Completed
ORD-004530,2025-03-31,Central,Online,Notebook pack,Office,1,8900,4000,0,Completed
ORD-004531,2025-03-31,South,Online,Laptop stand,Office,3,29900,16000,0,Completed
ORD-004532,2025-03-31,North,Store,Wireless headphones,Electronics,1,49900,29000,0,Completed
ORD-004533,2025-03-31,West,Online,Travel bag,Accessories,1,39900,23000,0,Completed
ORD-004534,2025-03-31,Central,Online,Bluetooth speaker,Electronics,1,34900,21000,10,Cancelled
ORD-004535,2025-03-31,South,Store,Travel bag,Accessories,4,39900,23000,0,Completed
ORD-004536,2025-03-31,North,Store,Storage set,Home,3,17900,9500,0,Completed
ORD-004537,2025-04-01,South,Store,Desk lamp,Home,1,24900,12500,0,Completed
ORD-004538,2025-04-01,West,Store,Storage set,Home,3,17900,9500,0,Returned
ORD-004539,2025-04-01,West,Store,Wireless headphones,Electronics,3,49900,29000,0,Completed
ORD-004540,2025-04-01,West,Store,Notebook pack,Office,3,8900,4000,0,Completed
ORD-004541,2025-04-01,West,Store,Bluetooth speaker,Electronics,3,34900,21000,0,Completed
ORD-004542,2025-04-01,Central,Store,Desk lamp,Home,2,24900,12500,0,Completed
ORD-004543,2025-04-01,Central,Online,Phone case,Accessories,2,9900,3500,0,Returned
ORD-004544,2025-04-01,West,Online,Notebook pack,Office,1,8900,4000,10,Completed
ORD-004545,2025-04-01,West,Online,Bluetooth speaker,Electronics,3,34900,21000,15,Completed
ORD-004546,2025-04-02,West,Online,Notebook pack,Office,3,8900,4000,10,Completed
ORD-004547,2025-04-02,North,Store,Desk lamp,Home,3,24900,12500,0,Completed
ORD-004548,2025-04-02,Central,Store,Phone case,Accessories,1,9900,3500,0,Completed
ORD-004549,2025-04-02,West,Store,Phone case,Accessories,2,9900,3500,0,Completed
ORD-004550,2025-04-02,Central,Store,Notebook pack,Office,4,8900,4000,15,Completed
ORD-004551,2025-04-02,North,Online,Bluetooth speaker,Electronics,3,34900,21000,20,Completed
ORD-004552,2025-04-02,West,Online,Wireless headphones,Electronics,3,49900,29000,10,Cancelled
ORD-004553,2025-04-02,North,Online,Desk lamp,Home,4,24900,12500,10,Completed
ORD-004554,2025-04-02,North,Store,Travel bag,Accessories,2,39900,23000,0,Completed
ORD-004555,2025-04-02,North,Online,Bluetooth speaker,Electronics,2,34900,21000,0,Cancelled
ORD-004556,2025-04-03,Central,Online,Laptop stand,Office,1,29900,16000,10,Completed
ORD-004557,2025-04-03,South,Store,Phone case,Accessories,2,9900,3500,0,Completed
ORD-004558,2025-04-03,South,Store,Notebook pack,Office,2,8900,4000,0,Completed
ORD-004559,2025-04-03,West,Online,Notebook pack,Office,3,8900,4000,10,Cancelled
ORD-004560,2025-04-03,Central,Online,Travel bag,Accessories,3,39900,23000,10,Cancelled
ORD-004561,2025-04-03,Central,Online,Phone case,Accessories,1,9900,3500,10,Completed
ORD-004562,2025-04-03,South,Store,Phone case,Accessories,3,9900,3500,10,Completed
ORD-004563,2025-04-03,West,Online,Laptop stand,Office,1,29900,16000,15,Completed
ORD-004564,2025-04-03,South,Store,Travel bag,Accessories,4,39900,23000,0,Completed
ORD-004565,2025-04-03,Central,Online,Notebook pack,Office,4,8900,4000,15,Cancelled
ORD-004566,2025-04-03,South,Online,Bluetooth speaker,Electronics,3,34900,21000,0,Completed
ORD-004567,2025-04-03,West,Online,Storage set,Home,1,17900,9500,0,Completed
ORD-004568,2025-04-03,Central,Store,Travel bag,Accessories,4,39900,23000,0,Completed
ORD-004569,2025-04-03,Central,Store,Phone case,Accessories,1,9900,3500,0,Completed
ORD-004570,2025-04-04,South,Online,Laptop stand,Office,2,29900,16000,0,Completed
ORD-004571,2025-04-04,West,Store,Bluetooth speaker,Electronics,4,34900,21000,20,Completed
ORD-004572,2025-04-04,Central,Online,Storage set,Home,1,17900,9500,0,Completed
ORD-004573,2025-04-04,South,Online,Travel bag,Accessories,2,39900,23000,10,Completed
ORD-004574,2025-04-04,North,Store,Laptop stand,Office,4,29900,16000,0,Completed
ORD-004575,2025-04-04,West,Online,Desk lamp,Home,1,24900,12500,10,Completed
ORD-004576,2025-04-04,West,Store,Desk lamp,Home,4,24900,12500,0,Completed
ORD-004577,2025-04-04,Central,Store,Storage set,Home,3,17900,9500,15,Completed
ORD-004578,2025-04-04,North,Online,Phone case,Accessories,1,9900,3500,0,Cancelled
ORD-004579,2025-04-04,Central,Online,Storage set,Home,3,17900,9500,0,Completed
ORD-004580,2025-04-05,South,Online,Storage set,Home,3,17900,9500,10,Cancelled
ORD-004581,2025-04-05,West,Online,Wireless headphones,Electronics,1,49900,29000,0,Completed
ORD-004582,2025-04-05,Central,Store,Bluetooth speaker,Electronics,3,34900,21000,20,Completed
ORD-004583,2025-04-05, West ,Store,Laptop stand,Office,1,29900,16000,10,Completed
ORD-004584,2025-04-05,West,Online,Storage set,Home,2,17900,9500,0,Completed
ORD-004585,2025-04-05,West,Online,Wireless headphones,Electronics,4,49900,29000,10,Completed
ORD-004586,2025-04-05,North,Online,Desk lamp,Home,2,24900,12500,10,Completed
ORD-004587,2025-04-05,Central,Online,Notebook pack,Office,3,8900,4000,0,Completed
ORD-004588,2025-04-05,Central,Online,Laptop stand,Office,3,29900,16000,0,Completed
ORD-004589,2025-04-06,South,Online,Storage set,Home,4,17900,9500,0,Completed
ORD-004590,2025-04-06,West,Online,Laptop stand,Office,2,29900,16000,0,Completed
ORD-004591,2025-04-06,South,Store,Storage set,Home,3,17900,9500,10,Completed
ORD-004592,2025-04-06,Central,Store,Wireless headphones,Electronics,2,49900,29000,0,Completed
ORD-004593,2025-04-06,West,Online,Desk lamp,Home,1,24900,12500,0,Completed
ORD-004594,2025-04-06,North,Online,Desk lamp,Home,3,24900,12500,10,Completed
ORD-004595,2025-04-06,West,Online,Phone case,Accessories,4,9900,3500,0,Completed
ORD-004596,2025-04-06,South,Online,Notebook pack,Office,1,8900,4000,0,Completed
ORD-004597,2025-04-06,Central,Online,Laptop stand,Office,4,29900,16000,0,Completed
ORD-004598,2025-04-06,Central,Store,Bluetooth speaker,Electronics,2,34900,21000,10,Completed
ORD-004599,2025-04-06,South,Store,Storage set,Home,1,17900,9500,10,Completed
ORD-004600,2025-04-06,West,Store,Travel bag,Accessories,1,39900,23000,0,Completed
ORD-004601,2025-04-06,Central,Online,Wireless headphones,Electronics,4,49900,29000,0,Completed
ORD-004602,2025-04-06,West,Online,Desk lamp,Home,4,24900,12500,0,Completed
ORD-004603,2025-04-06,West,Online,Phone case,Accessories,3,9900,3500,0,Completed
ORD-004604,2025-04-07,West,Store,Desk lamp,Home,1,24900,12500,0,Completed
ORD-004605,2025-04-07,West,Store,Wireless headphones,Electronics,2,49900,29000,0,Completed
ORD-004606,2025-04-07,West,Online,Wireless headphones,Electronics,4,49900,29000,0,Completed
ORD-004607,2025-04-07,West,Online,Desk lamp,Home,4,24900,12500,0,Completed
ORD-004608,2025-04-07,South,Store,Wireless headphones,Electronics,3,49900,29000,0,Completed
ORD-004609,2025-04-07,West,Store,Laptop stand,Office,2,29900,16000,0,Completed
ORD-004610,2025-04-07,South,Online,Phone case,Accessories,3,9900,3500,0,Completed
ORD-004611,2025-04-07,Central,Online,Laptop stand,Office,4,29900,16000,10,Completed
ORD-004612,2025-04-07,North,Store,Travel bag,Accessories,4,39900,23000,20,Completed
ORD-004613,2025-04-07,North,Online,Laptop stand,Office,2,29900,16000,0,Cancelled
ORD-004614,2025-04-07,South,Online,Travel bag,Accessories,4,39900,23000,0,Completed
ORD-004615,2025-04-07,Central,Store,Wireless headphones,Electronics,1,49900,29000,10,Returned
ORD-004616,2025-04-07,Central,Store,Wireless headphones,Electronics,4,49900,29000,0,Completed
ORD-004617,2025-04-07,North,Store,Storage set,Home,4,17900,9500,0,Cancelled
ORD-004618,2025-04-08,North,Online,Bluetooth speaker,Electronics,2,34900,21000,15,Completed
ORD-004619,2025-04-08,North,Store,Laptop stand,Office,2,29900,16000,20,Completed
ORD-004620,2025-04-08,North,Online,Laptop stand,Office,1,29900,16000,0,Completed
ORD-004621,2025-04-08,South,Online,Laptop stand,Office,1,29900,16000,20,Completed
ORD-004622,2025-04-08,South,Store,Wireless headphones,Electronics,4,49900,29000,0,Completed
ORD-004623,2025-04-08,North,Online,Notebook pack,Office,1,8900,4000,10,Completed
ORD-004624,2025-04-08,North,Online,Laptop stand,Office,4,29900,16000,20,Completed
ORD-004625,2025-04-08,South,Online,Phone case,Accessories,2,9900,3500,10,Completed
ORD-004626,2025-04-08,South,Online,Bluetooth speaker,Electronics,1,34900,21000,0,Returned
ORD-004627,2025-04-08,North,Online,Wireless headphones,Electronics,1,49900,29000,0,Completed
ORD-004628,2025-04-08,South,Online,Wireless headphones,Electronics,1,49900,29000,0,Completed
ORD-004629,2025-04-08,North,Store,Phone case,Accessories,2,9900,3500,10,Completed
ORD-004630,2025-04-09,North,Store,Bluetooth speaker,Electronics,4,34900,21000,0,Completed
ORD-004631,2025-04-09,Central,Online,Phone case,Accessories,3,9900,3500,10,Completed
ORD-004632,2025-04-09,Central,Store,Travel bag,Accessories,4,39900,23000,10,Completed
ORD-004633,2025-04-09,Central,Online,Desk lamp,Home,3,24900,12500,10,Completed
ORD-004634,2025-04-09,North,Online,Laptop stand,Office,3,29900,16000,10,Completed
ORD-004635,2025-04-09,North,Store,Laptop stand,Office,3,29900,16000,0,Completed
ORD-004636,2025-04-09,Central,Store,Storage set,Home,2,17900,9500,15,Completed
ORD-004637,2025-04-10,Central,Online,Phone case,Accessories,4,9900,3500,10,Completed
ORD-004638,2025-04-10,Central,Store,Notebook pack,Office,4,8900,4000,0,Completed
ORD-004639,2025-04-10,Central,Store,Notebook pack,Office,4,8900,4000,0,Completed
ORD-004640,2025-04-10,South,Online,Laptop stand,Office,1,29900,16000,0,Completed
ORD-004641,2025-04-10,Central,Online,Notebook pack,Office,1,8900,4000,10,Completed
ORD-004642,2025-04-10,Central,Online,Laptop stand,Office,4,29900,16000,0,Completed
ORD-004643,2025-04-10,Central,Store,Storage set,Home,1,17900,9500,0,Completed
ORD-004644,2025-04-10,West,Online,Wireless headphones,Electronics,1,49900,29000,20,Completed
ORD-004645,2025-04-10,West,Store,Travel bag,Accessories,3,39900,23000,0,Completed
ORD-004646,2025-04-10,Central,Store,Bluetooth speaker,Electronics,4,34900,21000,0,Completed
ORD-004647,2025-04-10,West,Online,Wireless headphones,Electronics,2,49900,29000,10,Completed
ORD-004648,2025-04-10,West,Online,Wireless headphones,Electronics,2,49900,29000,0,Completed
ORD-004649,2025-04-10,North,Store,Laptop stand,Office,4,29900,16000,10,Completed
ORD-004650,2025-04-11,Central,Store,Notebook pack,Office,4,8900,4000,20,Completed
ORD-004651,2025-04-11,South,Online,Bluetooth speaker,Electronics,1,34900,21000,15,Completed
ORD-004652,2025-04-11,West,Online,Phone case,Accessories,3,9900,3500,0,Completed
ORD-004653,2025-04-11,North,Online,Laptop stand,Office,4,29900,16000,20,Completed
ORD-004654,2025-04-11,South,Store,Laptop stand,Office,2,29900,16000,0,Completed
ORD-004655,2025-04-11,Central,Online,Phone case,Accessories,1,9900,3500,15,Completed
ORD-004656,2025-04-11,South,Store,Desk lamp,Home,4,24900,12500,0,Returned
ORD-004657,2025-04-11,South,Online,Travel bag,Accessories,4,39900,23000,0,Completed
ORD-004658,2025-04-11,West,Online,Phone case,Accessories,3,9900,3500,0,Completed
ORD-004659,2025-04-11,West,Store,Phone case,Accessories,2,9900,3500,0,Completed
ORD-004660,2025-04-11,South,Online,Desk lamp,Home,2,24900,12500,0,Completed
ORD-004661,2025-04-11,South,Store,Wireless headphones,Electronics,4,49900,29000,0,Completed
ORD-004662,2025-04-12, Central ,Store,Storage set,Home,1,17900,9500,0,Completed
ORD-004663,2025-04-12,West,Online,Laptop stand,Office,2,29900,16000,0,Completed
ORD-004664,2025-04-12,Central,Store,Notebook pack,Office,1,8900,4000,20,Completed
ORD-004665,2025-04-12,North,Online,Travel bag,Accessories,2,39900,23000,15,Completed
ORD-004666,2025-04-12,North,Online,Phone case,Accessories,3,9900,3500,0,Completed
ORD-004667,2025-04-12,North,Online,Storage set,Home,2,17900,9500,0,Returned
ORD-004668,2025-04-12,Central,Online,Storage set,Home,4,17900,9500,20,Completed
ORD-004669,2025-04-12,North,Online,Phone case,Accessories,2,9900,3500,0,Completed
ORD-004670,2025-04-12,Central,Store,Notebook pack,Office,1,8900,4000,0,Completed
ORD-004671,2025-04-12,Central,Store,Wireless headphones,Electronics,4,49900,29000,0,Completed
ORD-004672,2025-04-13,North,Store,Travel bag,Accessories,3,39900,23000,0,Completed
ORD-004673,2025-04-13,Central,Online,Notebook pack,Office,3,8900,4000,0,Completed
ORD-004674,2025-04-13,North,Store,Laptop stand,Office,2,29900,16000,10,Completed
ORD-004675,2025-04-13,Central,Online,Desk lamp,Home,2,24900,12500,20,Completed
ORD-004676,2025-04-13,Central,Online,Travel bag,Accessories,3,39900,23000,15,Completed
ORD-004677,2025-04-13,South,Store,Travel bag,Accessories,3,39900,23000,0,Completed
ORD-004678,2025-04-13,West,Store,Desk lamp,Home,3,24900,12500,0,Completed
ORD-004679,2025-04-13,North,Online,Desk lamp,Home,2,24900,12500,15,Completed
ORD-004680,2025-04-13,North,Store,Phone case,Accessories,2,9900,3500,0,Completed
ORD-004681,2025-04-13,Central,Online,Wireless headphones,Electronics,4,49900,29000,0,Cancelled
ORD-004682,2025-04-13,West,Store,Desk lamp,Home,4,24900,12500,0,Completed
ORD-004683,2025-04-13,Central,Online,Notebook pack,Office,4,8900,4000,10,Cancelled
ORD-004684,2025-04-13,North,Online,Storage set,Home,4,17900,9500,0,Completed
ORD-004685,2025-04-13,Central,Online,Laptop stand,Office,1,29900,16000,0,Completed
ORD-004686,2025-04-13,West,Online,Storage set,Home,3,17900,9500,15,Completed
ORD-004687,2025-04-14,Central,Store,Phone case,Accessories,2,9900,3500,0,Completed
ORD-004688,2025-04-14,Central,Store,Phone case,Accessories,1,9900,3500,0,Completed
ORD-004689,2025-04-14,Central,Store,Notebook pack,Office,4,8900,4000,0,Returned
ORD-004690,2025-04-14,Central,Store,Phone case,Accessories,2,9900,3500,0,Completed
ORD-004691,2025-04-14,West,Online,Phone case,Accessories,2,9900,3500,10,Completed
ORD-004692,2025-04-14,Central,Online,Desk lamp,Home,4,24900,12500,0,Completed
ORD-004693,2025-04-14,West,Store,Storage set,Home,4,17900,9500,10,Completed
ORD-004694,2025-04-14,Central,Store,Bluetooth speaker,Electronics,1,34900,21000,0,Completed
ORD-004695,2025-04-14,Central,Store,Laptop stand,Office,2,29900,16000,0,Completed
ORD-004696,2025-04-14,Central,Online,Notebook pack,Office,3,8900,4000,0,Returned
ORD-004697,2025-04-14,West,Online,Laptop stand,Office,2,29900,16000,0,Completed
ORD-004698,2025-04-14,West,Online,Bluetooth speaker,Electronics,3,34900,21000,0,Completed
ORD-004699,2025-04-15,North,Store,Wireless headphones,Electronics,2,49900,29000,0,Completed
ORD-004700,2025-04-15,South,Online,Notebook pack,Office,3,8900,4000,20,Completed
ORD-004701,2025-04-15,Central,Online,Wireless headphones,Electronics,3,49900,29000,0,Completed
ORD-004702,2025-04-15,Central,Store,Wireless headphones,Electronics,1,49900,29000,10,Completed
ORD-004703,2025-04-15,North,Store,Phone case,Accessories,2,9900,3500,0,Completed
ORD-004704,2025-04-15,South,Online,Travel bag,Accessories,1,39900,23000,0,Completed
ORD-004705,2025-04-15,Central,Online,Bluetooth speaker,Electronics,4,34900,21000,0,Completed
ORD-004706,2025-04-15,Central,Online,Notebook pack,Office,4,8900,4000,0,Completed
ORD-004707,2025-04-15,North,Online,Phone case,Accessories,4,9900,3500,0,Completed
ORD-004708,2025-04-15,Central,Store,Notebook pack,Office,3,8900,4000,0,Completed
ORD-004709,2025-04-15,South,Online,Notebook pack,Office,3,8900,4000,0,Completed
ORD-004710,2025-04-15,South,Online,Storage set,Home,1,17900,9500,0,Completed
ORD-004711,2025-04-15,West,Store,Notebook pack,Office,3,8900,4000,15,Completed
ORD-004712,2025-04-15,West,Store,Notebook pack,Office,2,8900,4000,10,Completed
ORD-004713,2025-04-16,West,Online,Desk lamp,Home,4,24900,12500,15,Completed
ORD-004714,2025-04-16,West,Online,Desk lamp,Home,3,24900,12500,0,Completed
ORD-004715,2025-04-16,North,Store,Desk lamp,Home,3,24900,12500,0,Completed
ORD-004716,2025-04-16,North,Store,Notebook pack,Office,1,8900,4000,10,Completed
ORD-004717,2025-04-16,South,Store,Phone case,Accessories,3,9900,3500,0,Completed
ORD-004718,2025-04-16,Central,Online,Desk lamp,Home,3,24900,12500,10,Completed
ORD-004719,2025-04-16,West,Store,Bluetooth speaker,Electronics,3,34900,21000,15,Completed
ORD-004720,2025-04-16,South,Store,Desk lamp,Home,4,24900,12500,0,Completed
ORD-004721,2025-04-16,South,Online,Wireless headphones,Electronics,1,49900,29000,15,Returned
ORD-004722,2025-04-16,South,Store,Notebook pack,Office,3,8900,4000,0,Completed
ORD-004723,2025-04-16,South,Online,Wireless headphones,Electronics,4,49900,29000,10,Completed
ORD-004724,2025-04-16,West,Store,Desk lamp,Home,2,24900,12500,0,Completed
ORD-004725,2025-04-17,West,Store,Bluetooth speaker,Electronics,2,34900,21000,10,Completed
ORD-004726,2025-04-17,Central,Online,Storage set,Home,3,17900,9500,0,Completed
ORD-004727,2025-04-17,South,Store,Travel bag,Accessories,4,39900,23000,0,Completed
ORD-004728,2025-04-17,Central,Store,Phone case,Accessories,1,9900,3500,10,Completed
ORD-004729,2025-04-17,South,Store,Desk lamp,Home,2,24900,12500,0,Cancelled
ORD-004730,2025-04-17,North,Online,Wireless headphones,Electronics,3,49900,29000,0,Completed
ORD-004731,2025-04-17,South,Store,Wireless headphones,Electronics,1,49900,29000,0,Completed
ORD-004732,2025-04-17,West,Online,Laptop stand,Office,1,29900,16000,15,Completed
ORD-004733,2025-04-18,North,Online,Desk lamp,Home,3,24900,12500,0,Completed
ORD-004734,2025-04-18,North,Store,Storage set,Home,2,17900,9500,10,Completed
ORD-004735,2025-04-18,Central,Store,Travel bag,Accessories,1,39900,23000,20,Completed
ORD-004736,2025-04-18,South,Store,Storage set,Home,1,17900,9500,10,Completed
ORD-004737,2025-04-18,Central,Online,Phone case,Accessories,1,9900,3500,0,Completed
ORD-004738,2025-04-18,North,Store,Desk lamp,Home,2,24900,12500,0,Completed
ORD-004739,2025-04-18,Central,Store,Notebook pack,Office,1,8900,4000,0,Completed
ORD-004740,2025-04-19,North,Store,Notebook pack,Office,4,8900,4000,0,Completed
ORD-004741,2025-04-19, South ,Store,Notebook pack,Office,2,8900,4000,0,Completed
ORD-004742,2025-04-19,North,Online,Storage set,Home,2,17900,9500,10,Returned
ORD-004743,2025-04-19,North,Store,Bluetooth speaker,Electronics,1,34900,21000,0,Completed
ORD-004744,2025-04-19,West,Store,Phone case,Accessories,2,9900,3500,10,Completed
ORD-004745,2025-04-19,West,Online,Travel bag,Accessories,4,39900,23000,0,Completed
ORD-004746,2025-04-19,Central,Store,Wireless headphones,Electronics,4,49900,29000,20,Completed
ORD-004747,2025-04-19,Central,Store,Travel bag,Accessories,2,39900,23000,20,Completed
ORD-004748,2025-04-19,North,Online,Phone case,Accessories,3,9900,3500,0,Completed
ORD-004749,2025-04-19,South,Store,Wireless headphones,Electronics,1,49900,29000,0,Completed
ORD-004750,2025-04-19,Central,Online,Travel bag,Accessories,3,39900,23000,0,Completed
ORD-004751,2025-04-19,Central,Online,Travel bag,Accessories,4,39900,23000,0,Completed
ORD-004752,2025-04-19,South,Store,Storage set,Home,2,17900,9500,0,Completed
ORD-004753,2025-04-19,West,Online,Wireless headphones,Electronics,2,49900,29000,0,Completed
ORD-004754,2025-04-19,South,Online,Desk lamp,Home,3,24900,12500,10,Completed
ORD-004755,2025-04-20,South,Online,Storage set,Home,4,17900,9500,10,Cancelled
ORD-004756,2025-04-20,Central,Online,Laptop stand,Office,2,29900,16000,0,Completed
ORD-004757,2025-04-20,South,Online,Storage set,Home,4,17900,9500,15,Completed
ORD-004758,2025-04-20,North,Online,Storage set,Home,1,17900,9500,0,Completed
ORD-004759,2025-04-20,Central,Online,Travel bag,Accessories,3,39900,23000,0,Completed
ORD-004760,2025-04-20,Central,Store,Laptop stand,Office,3,29900,16000,0,Completed
ORD-004761,2025-04-20,North,Online,Bluetooth speaker,Electronics,1,34900,21000,0,Completed
ORD-004762,2025-04-20,South,Online,Desk lamp,Home,1,24900,12500,0,Completed
ORD-004763,2025-04-20,North,Online,Laptop stand,Office,3,29900,16000,0,Completed
ORD-004764,2025-04-20,North,Online,Phone case,Accessories,3,9900,3500,10,Completed
ORD-004765,2025-04-21,Central,Online,Bluetooth speaker,Electronics,1,34900,21000,0,Returned
ORD-004766,2025-04-21,West,Online,Storage set,Home,2,17900,9500,0,Completed
ORD-004767,2025-04-21,Central,Store,Notebook pack,Office,3,8900,4000,0,Completed
ORD-004768,2025-04-21,North,Online,Laptop stand,Office,2,29900,16000,0,Completed
ORD-004769,2025-04-21,Central,Online,Storage set,Home,3,17900,9500,15,Completed
ORD-004770,2025-04-21,South,Online,Laptop stand,Office,3,29900,16000,15,Completed
ORD-004771,2025-04-21,West,Online,Travel bag,Accessories,2,39900,23000,20,Completed
ORD-004772,2025-04-21,South,Online,Bluetooth speaker,Electronics,2,34900,21000,0,Completed
ORD-004773,2025-04-22,West,Online,Travel bag,Accessories,3,39900,23000,10,Completed
ORD-004774,2025-04-22,West,Store,Phone case,Accessories,4,9900,3500,10,Completed
ORD-004775,2025-04-22,South,Store,Notebook pack,Office,3,8900,4000,15,Completed
ORD-004776,2025-04-22,West,Online,Wireless headphones,Electronics,3,49900,29000,0,Completed
ORD-004777,2025-04-22,Central,Store,Bluetooth speaker,Electronics,3,34900,21000,0,Completed
ORD-004778,2025-04-22,Central,Store,Storage set,Home,3,17900,9500,15,Completed
ORD-004779,2025-04-22,Central,Store,Wireless headphones,Electronics,3,49900,29000,0,Completed
ORD-004780,2025-04-22,West,Online,Phone case,Accessories,4,9900,3500,0,Completed
ORD-004781,2025-04-22,South,Online,Notebook pack,Office,1,8900,4000,0,Completed
ORD-004782,2025-04-22,Central,Store,Notebook pack,Office,4,8900,4000,0,Completed
ORD-004783,2025-04-23,West,Store,Bluetooth speaker,Electronics,4,34900,21000,15,Completed
ORD-004784,2025-04-23,West,Online,Notebook pack,Office,3,8900,4000,0,Completed
ORD-004785,2025-04-23,North,Store,Wireless headphones,Electronics,1,49900,29000,10,Completed
ORD-004786,2025-04-23,Central,Online,Laptop stand,Office,3,29900,16000,10,Completed
ORD-004787,2025-04-23,Central,Store,Desk lamp,Home,4,24900,12500,10,Completed
ORD-004788,2025-04-23,Central,Store,Desk lamp,Home,4,24900,12500,10,Completed
ORD-004789,2025-04-23,North,Online,Wireless headphones,Electronics,4,49900,29000,0,Returned
ORD-004790,2025-04-23,South,Store,Desk lamp,Home,3,24900,12500,0,Returned
ORD-004791,2025-04-23,North,Online,Storage set,Home,3,17900,9500,0,Completed
ORD-004792,2025-04-24,South,Store,Desk lamp,Home,2,24900,12500,0,Completed
ORD-004793,2025-04-24,West,Store,Desk lamp,Home,2,24900,12500,10,Completed
ORD-004794,2025-04-24,South,Store,Phone case,Accessories,4,9900,3500,0,Completed
ORD-004795,2025-04-24,North,Online,Storage set,Home,3,17900,9500,0,Completed
ORD-004796,2025-04-24,North,Online,Phone case,Accessories,2,9900,3500,15,Completed
ORD-004797,2025-04-24,West,Store,Bluetooth speaker,Electronics,4,34900,21000,20,Completed
ORD-004798,2025-04-24,North,Store,Laptop stand,Office,1,29900,16000,0,Completed
ORD-004799,2025-04-24,West,Online,Bluetooth speaker,Electronics,3,34900,21000,20,Completed
ORD-004800,2025-04-24,South,Online,Travel bag,Accessories,1,39900,23000,20,Completed
ORD-004801,2025-04-24,North,Online,Storage set,Home,3,17900,9500,15,Completed
ORD-004802,2025-04-24,West,Online,Laptop stand,Office,3,29900,16000,20,Completed
ORD-004803,2025-04-25,West,Online,Phone case,Accessories,4,9900,3500,0,Completed
ORD-004804,2025-04-25,South,Online,Bluetooth speaker,Electronics,2,34900,21000,0,Completed
ORD-004805,2025-04-25,West,Store,Bluetooth speaker,Electronics,1,34900,21000,0,Completed
ORD-004806,2025-04-25,Central,Online,Desk lamp,Home,1,24900,12500,10,Completed
ORD-004807,2025-04-25,West,Online,Travel bag,Accessories,4,39900,23000,0,Completed
ORD-004808,2025-04-25,South,Online,Storage set,Home,3,17900,9500,0,Completed
ORD-004809,2025-04-25,West,Store,Travel bag,Accessories,2,39900,23000,20,Completed
ORD-004810,2025-04-25,West,Online,Wireless headphones,Electronics,4,49900,29000,0,Completed
ORD-004811,2025-04-25,Central,Store,Wireless headphones,Electronics,4,49900,29000,0,Completed
ORD-004812,2025-04-25,West,Store,Travel bag,Accessories,4,39900,23000,10,Returned
ORD-004813,2025-04-25,North,Online,Storage set,Home,1,17900,9500,0,Completed
ORD-004814,2025-04-25,Central,Online,Storage set,Home,2,17900,9500,10,Completed
ORD-004815,2025-04-25,South,Online,Phone case,Accessories,4,9900,3500,20,Completed
ORD-004816,2025-04-25,Central,Store,Travel bag,Accessories,3,39900,23000,10,Completed
ORD-004817,2025-04-26,Central,Online,Travel bag,Accessories,4,39900,23000,0,Completed
ORD-004818,2025-04-26,West,Online,Bluetooth speaker,Electronics,1,34900,21000,0,Completed
ORD-004819,2025-04-26,Central,Online,Phone case,Accessories,1,9900,3500,0,Completed
ORD-004820,2025-04-26, West ,Online,Desk lamp,Home,4,24900,12500,20,Completed
ORD-004821,2025-04-26,North,Online,Storage set,Home,4,17900,9500,10,Returned
ORD-004822,2025-04-26,North,Store,Notebook pack,Office,4,8900,4000,0,Completed
ORD-004823,2025-04-26,West,Online,Wireless headphones,Electronics,3,49900,29000,10,Completed
ORD-004824,2025-04-26,Central,Online,Travel bag,Accessories,3,39900,23000,0,Completed
ORD-004825,2025-04-26,Central,Online,Phone case,Accessories,1,9900,3500,0,Completed
ORD-004826,2025-04-26,Central,Store,Storage set,Home,1,17900,9500,0,Completed
ORD-004827,2025-04-26,Central,Store,Storage set,Home,4,17900,9500,10,Completed
ORD-004828,2025-04-26,Central,Online,Desk lamp,Home,3,24900,12500,0,Completed
ORD-004829,2025-04-26,South,Online,Notebook pack,Office,2,8900,4000,0,Completed
ORD-004830,2025-04-26,Central,Online,Storage set,Home,3,17900,9500,10,Completed
ORD-004831,2025-04-27,West,Store,Storage set,Home,1,17900,9500,0,Completed
ORD-004832,2025-04-27,North,Online,Laptop stand,Office,1,29900,16000,0,Completed
ORD-004833,2025-04-27,Central,Online,Laptop stand,Office,2,29900,16000,10,Completed
ORD-004834,2025-04-27,Central,Online,Storage set,Home,1,17900,9500,0,Completed
ORD-004835,2025-04-27,Central,Online,Wireless headphones,Electronics,1,49900,29000,0,Completed
ORD-004836,2025-04-27,West,Store,Notebook pack,Office,1,8900,4000,0,Completed
ORD-004837,2025-04-27,Central,Store,Travel bag,Accessories,4,39900,23000,0,Completed
ORD-004838,2025-04-27,Central,Store,Notebook pack,Office,2,8900,4000,0,Completed
ORD-004839,2025-04-27,Central,Store,Storage set,Home,4,17900,9500,0,Completed
ORD-004840,2025-04-28,Central,Store,Phone case,Accessories,4,9900,3500,0,Completed
ORD-004841,2025-04-28,Central,Store,Storage set,Home,2,17900,9500,10,Completed
ORD-004842,2025-04-28,South,Store,Storage set,Home,4,17900,9500,20,Completed
ORD-004843,2025-04-28,South,Online,Storage set,Home,3,17900,9500,0,Completed
ORD-004844,2025-04-28,West,Store,Notebook pack,Office,4,8900,4000,20,Completed
ORD-004845,2025-04-28,South,Store,Bluetooth speaker,Electronics,2,34900,21000,0,Completed
ORD-004846,2025-04-28,West,Store,Travel bag,Accessories,4,39900,23000,10,Completed
ORD-004847,2025-04-28,South,Online,Travel bag,Accessories,3,39900,23000,0,Completed
ORD-004848,2025-04-28,West,Online,Laptop stand,Office,4,29900,16000,0,Completed
ORD-004849,2025-04-29,West,Online,Bluetooth speaker,Electronics,3,34900,21000,0,Completed
ORD-004850,2025-04-29,Central,Online,Phone case,Accessories,3,9900,3500,0,Completed
ORD-004851,2025-04-29,West,Online,Storage set,Home,2,17900,9500,0,Cancelled
ORD-004852,2025-04-29,South,Online,Storage set,Home,3,17900,9500,20,Completed
ORD-004853,2025-04-29,South,Online,Storage set,Home,3,17900,9500,0,Completed
ORD-004854,2025-04-29,Central,Online,Notebook pack,Office,4,8900,4000,0,Completed
ORD-004855,2025-04-29,North,Online,Bluetooth speaker,Electronics,4,34900,21000,20,Completed
ORD-004856,2025-04-29,Central,Store,Travel bag,Accessories,2,39900,23000,0,Completed
ORD-004857,2025-04-29,Central,Store,Phone case,Accessories,2,9900,3500,0,Completed
ORD-004858,2025-04-29,West,Online,Laptop stand,Office,2,29900,16000,0,Completed
ORD-004859,2025-04-29,North,Online,Travel bag,Accessories,1,39900,23000,0,Completed
ORD-004860,2025-04-29,Central,Store,Travel bag,Accessories,1,39900,23000,10,Completed
ORD-004861,2025-04-30,Central,Store,Travel bag,Accessories,4,39900,23000,10,Completed
ORD-004862,2025-04-30,South,Online,Storage set,Home,3,17900,9500,10,Completed
ORD-004863,2025-04-30,West,Store,Phone case,Accessories,1,9900,3500,0,Completed
ORD-004864,2025-04-30,Central,Store,Travel bag,Accessories,3,39900,23000,10,Completed
ORD-004865,2025-04-30,Central,Store,Wireless headphones,Electronics,2,49900,29000,10,Completed
ORD-004866,2025-04-30,Central,Online,Laptop stand,Office,2,29900,16000,10,Cancelled
ORD-004867,2025-04-30,West,Store,Phone case,Accessories,3,9900,3500,0,Returned
ORD-004868,2025-04-30,South,Online,Wireless headphones,Electronics,3,49900,29000,20,Completed
ORD-004869,2025-04-30,Central,Store,Storage set,Home,3,17900,9500,10,Completed
ORD-004870,2025-05-01,Central,Store,Phone case,Accessories,3,9900,3500,0,Completed
ORD-004871,2025-05-01,South,Online,Notebook pack,Office,4,8900,4000,0,Completed
ORD-004872,2025-05-01,Central,Online,Desk lamp,Home,4,24900,12500,0,Completed
ORD-004873,2025-05-01,Central,Online,Desk lamp,Home,2,24900,12500,0,Completed
ORD-004874,2025-05-01,North,Online,Notebook pack,Office,1,8900,4000,10,Completed
ORD-004875,2025-05-01,Central,Online,Storage set,Home,1,17900,9500,0,Completed
ORD-004876,2025-05-01,South,Online,Travel bag,Accessories,1,39900,23000,20,Completed
ORD-004877,2025-05-01,Central,Online,Wireless headphones,Electronics,4,49900,29000,0,Completed
ORD-004878,2025-05-01,South,Store,Bluetooth speaker,Electronics,4,34900,21000,0,Completed
ORD-004879,2025-05-01,North,Store,Notebook pack,Office,4,8900,4000,10,Cancelled
ORD-004880,2025-05-02,South,Store,Bluetooth speaker,Electronics,1,34900,21000,0,Completed
ORD-004881,2025-05-02,Central,Store,Bluetooth speaker,Electronics,2,34900,21000,0,Completed
ORD-004882,2025-05-02,South,Store,Travel bag,Accessories,1,39900,23000,0,Completed
ORD-004883,2025-05-02,Central,Online,Notebook pack,Office,1,8900,4000,0,Completed
ORD-004884,2025-05-02,Central,Online,Phone case,Accessories,1,9900,3500,20,Completed
ORD-004885,2025-05-02,Central,Online,Bluetooth speaker,Electronics,3,34900,21000,15,Completed
ORD-004886,2025-05-02,West,Online,Bluetooth speaker,Electronics,4,34900,21000,10,Completed
ORD-004887,2025-05-02,South,Store,Bluetooth speaker,Electronics,1,34900,21000,0,Completed
ORD-004888,2025-05-02,North,Online,Notebook pack,Office,1,8900,4000,0,Completed
ORD-004889,2025-05-02,West,Online,Storage set,Home,4,17900,9500,0,Completed
ORD-004890,2025-05-02,North,Online,Phone case,Accessories,1,9900,3500,10,Completed
ORD-004891,2025-05-02,South,Online,Desk lamp,Home,2,24900,12500,10,Returned
ORD-004892,2025-05-02,North,Store,Notebook pack,Office,1,8900,4000,10,Completed
ORD-004893,2025-05-03,West,Online,Storage set,Home,2,17900,9500,0,Completed
ORD-004894,2025-05-03,North,Store,Desk lamp,Home,3,24900,12500,0,Completed
ORD-004895,2025-05-03,Central,Store,Storage set,Home,4,17900,9500,0,Completed
ORD-004896,2025-05-03,Central,Store,Notebook pack,Office,3,8900,4000,0,Completed
ORD-004897,2025-05-03,North,Store,Bluetooth speaker,Electronics,2,34900,21000,20,Completed
ORD-004898,2025-05-03,South,Store,Desk lamp,Home,1,24900,12500,20,Completed
ORD-004899,2025-05-03, West ,Online,Notebook pack,Office,4,8900,4000,10,Completed
ORD-004900,2025-05-03,South,Online,Bluetooth speaker,Electronics,1,34900,21000,0,Completed
ORD-004901,2025-05-03,West,Store,Desk lamp,Home,2,24900,12500,15,Completed
ORD-004902,2025-05-03,Central,Online,Storage set,Home,3,17900,9500,0,Completed
ORD-004903,2025-05-03,South,Store,Phone case,Accessories,1,9900,3500,0,Completed
ORD-004904,2025-05-03,West,Store,Bluetooth speaker,Electronics,3,34900,21000,10,Completed
ORD-004905,2025-05-04,West,Store,Wireless headphones,Electronics,1,49900,29000,0,Completed
ORD-004906,2025-05-04,West,Online,Wireless headphones,Electronics,3,49900,29000,0,Completed
ORD-004907,2025-05-04,West,Store,Wireless headphones,Electronics,1,49900,29000,0,Completed
ORD-004908,2025-05-04,West,Store,Laptop stand,Office,1,29900,16000,0,Completed
ORD-004909,2025-05-04,West,Store,Travel bag,Accessories,1,39900,23000,10,Completed
ORD-004910,2025-05-04,Central,Store,Bluetooth speaker,Electronics,2,34900,21000,0,Completed
ORD-004911,2025-05-04,Central,Store,Laptop stand,Office,1,29900,16000,15,Completed
ORD-004912,2025-05-04,West,Store,Notebook pack,Office,1,8900,4000,0,Completed
ORD-004913,2025-05-04,Central,Online,Phone case,Accessories,2,9900,3500,10,Completed
ORD-004914,2025-05-04,South,Online,Notebook pack,Office,3,8900,4000,0,Cancelled
ORD-004915,2025-05-05,North,Store,Laptop stand,Office,1,29900,16000,0,Completed
ORD-004916,2025-05-05,West,Online,Phone case,Accessories,2,9900,3500,10,Completed
ORD-004917,2025-05-05,Central,Store,Laptop stand,Office,1,29900,16000,15,Completed
ORD-004918,2025-05-05,North,Online,Storage set,Home,3,17900,9500,0,Completed
ORD-004919,2025-05-05,North,Store,Travel bag,Accessories,4,39900,23000,15,Completed
ORD-004920,2025-05-05,North,Store,Wireless headphones,Electronics,4,49900,29000,0,Completed
ORD-004921,2025-05-05,North,Store,Travel bag,Accessories,4,39900,23000,0,Completed
ORD-004922,2025-05-05,Central,Store,Travel bag,Accessories,3,39900,23000,0,Completed
ORD-004923,2025-05-06,Central,Online,Travel bag,Accessories,4,39900,23000,0,Completed
ORD-004924,2025-05-06,West,Store,Phone case,Accessories,3,9900,3500,0,Completed
ORD-004925,2025-05-06,West,Online,Notebook pack,Office,2,8900,4000,0,Completed
ORD-004926,2025-05-06,Central,Online,Desk lamp,Home,2,24900,12500,0,Completed
ORD-004927,2025-05-06,West,Online,Travel bag,Accessories,3,39900,23000,10,Completed
ORD-004928,2025-05-06,South,Store,Laptop stand,Office,4,29900,16000,0,Completed
ORD-004929,2025-05-06,Central,Online,Wireless headphones,Electronics,3,49900,29000,20,Completed
ORD-004930,2025-05-06,Central,Online,Notebook pack,Office,1,8900,4000,0,Completed
ORD-004931,2025-05-06,North,Store,Travel bag,Accessories,2,39900,23000,0,Completed
ORD-004932,2025-05-06,North,Store,Desk lamp,Home,1,24900,12500,0,Completed
ORD-004933,2025-05-06,West,Online,Desk lamp,Home,3,24900,12500,15,Completed
ORD-004934,2025-05-06,West,Online,Bluetooth speaker,Electronics,1,34900,21000,0,Completed
ORD-004935,2025-05-06,Central,Online,Phone case,Accessories,2,9900,3500,10,Completed
ORD-004936,2025-05-07,South,Online,Desk lamp,Home,2,24900,12500,0,Completed
ORD-004937,2025-05-07,Central,Online,Desk lamp,Home,1,24900,12500,0,Completed
ORD-004938,2025-05-07,West,Online,Wireless headphones,Electronics,2,49900,29000,15,Completed
ORD-004939,2025-05-07,Central,Online,Travel bag,Accessories,4,39900,23000,15,Completed
ORD-004940,2025-05-07,Central,Online,Notebook pack,Office,3,8900,4000,10,Completed
ORD-004941,2025-05-07,Central,Store,Desk lamp,Home,3,24900,12500,0,Returned
ORD-004942,2025-05-07,Central,Store,Desk lamp,Home,4,24900,12500,15,Completed
ORD-004943,2025-05-07,Central,Online,Laptop stand,Office,3,29900,16000,0,Completed
ORD-004944,2025-05-07,West,Store,Phone case,Accessories,2,9900,3500,0,Completed
ORD-004945,2025-05-07,Central,Online,Storage set,Home,2,17900,9500,0,Completed
ORD-004946,2025-05-07,West,Online,Wireless headphones,Electronics,4,49900,29000,0,Returned
ORD-004947,2025-05-07,Central,Online,Wireless headphones,Electronics,4,49900,29000,0,Completed
ORD-004948,2025-05-07,North,Store,Phone case,Accessories,1,9900,3500,10,Completed
ORD-004949,2025-05-07,South,Store,Bluetooth speaker,Electronics,4,34900,21000,0,Completed
ORD-004950,2025-05-08,West,Store,Notebook pack,Office,4,8900,4000,0,Completed
ORD-004951,2025-05-08,Central,Online,Wireless headphones,Electronics,1,49900,29000,0,Returned
ORD-004952,2025-05-08,North,Store,Storage set,Home,1,17900,9500,15,Completed
ORD-004953,2025-05-08,Central,Online,Laptop stand,Office,4,29900,16000,20,Completed
ORD-004954,2025-05-08,Central,Store,Phone case,Accessories,2,9900,3500,0,Completed
ORD-004955,2025-05-08,North,Online,Phone case,Accessories,3,9900,3500,0,Completed
ORD-004956,2025-05-08,West,Store,Laptop stand,Office,2,29900,16000,10,Completed
ORD-004957,2025-05-08,North,Online,Phone case,Accessories,1,9900,3500,10,Completed
ORD-004958,2025-05-09,Central,Online,Storage set,Home,4,17900,9500,0,Completed
ORD-004959,2025-05-09,West,Store,Notebook pack,Office,1,8900,4000,10,Completed
ORD-004960,2025-05-09,West,Online,Bluetooth speaker,Electronics,4,34900,21000,0,Completed
ORD-004961,2025-05-09,North,Online,Desk lamp,Home,2,24900,12500,0,Completed
ORD-004962,2025-05-09,Central,Store,Phone case,Accessories,2,9900,3500,0,Completed
ORD-004963,2025-05-09,West,Online,Wireless headphones,Electronics,1,49900,29000,0,Completed
ORD-004964,2025-05-09,Central,Online,Notebook pack,Office,4,8900,4000,0,Completed
ORD-004965,2025-05-09,West,Store,Bluetooth speaker,Electronics,2,34900,21000,10,Completed
ORD-004966,2025-05-09,Central,Store,Laptop stand,Office,4,29900,16000,0,Completed
ORD-004967,2025-05-09,Central,Online,Storage set,Home,3,17900,9500,0,Completed
ORD-004968,2025-05-09,Central,Store,Phone case,Accessories,2,9900,3500,15,Completed
ORD-004969,2025-05-10,West,Online,Bluetooth speaker,Electronics,2,34900,21000,0,Completed
ORD-004970,2025-05-10,West,Online,Storage set,Home,2,17900,9500,0,Completed
ORD-004971,2025-05-10,North,Online,Phone case,Accessories,2,9900,3500,0,Completed
ORD-004972,2025-05-10,West,Store,Wireless headphones,Electronics,3,49900,29000,10,Cancelled
ORD-004973,2025-05-10,South,Store,Travel bag,Accessories,1,39900,23000,20,Completed
ORD-004974,2025-05-10,North,Online,Travel bag,Accessories,3,39900,23000,20,Completed
ORD-004975,2025-05-10,Central,Store,Storage set,Home,2,17900,9500,20,Completed
ORD-004976,2025-05-10,South,Store,Laptop stand,Office,1,29900,16000,0,Completed
ORD-004977,2025-05-10,West,Store,Laptop stand,Office,3,29900,16000,0,Cancelled
ORD-004978,2025-05-10, North ,Store,Desk lamp,Home,2,24900,12500,0,Completed
ORD-004979,2025-05-10,West,Online,Phone case,Accessories,2,9900,3500,10,Completed
ORD-004980,2025-05-11,South,Store,Bluetooth speaker,Electronics,3,34900,21000,20,Completed
ORD-004981,2025-05-11,South,Online,Notebook pack,Office,1,8900,4000,10,Completed
ORD-004982,2025-05-11,West,Online,Storage set,Home,4,17900,9500,0,Completed
ORD-004983,2025-05-11,South,Online,Notebook pack,Office,4,8900,4000,0,Completed
ORD-004984,2025-05-11,Central,Online,Phone case,Accessories,3,9900,3500,10,Completed
ORD-004985,2025-05-11,West,Online,Storage set,Home,4,17900,9500,0,Completed
ORD-004986,2025-05-11,Central,Store,Notebook pack,Office,1,8900,4000,20,Completed
ORD-004987,2025-05-11,North,Store,Laptop stand,Office,2,29900,16000,0,Completed
ORD-004988,2025-05-11,South,Online,Wireless headphones,Electronics,4,49900,29000,0,Completed
ORD-004989,2025-05-11,North,Online,Wireless headphones,Electronics,1,49900,29000,0,Completed
ORD-004990,2025-05-12,Central,Store,Laptop stand,Office,4,29900,16000,20,Completed
ORD-004991,2025-05-12,West,Online,Desk lamp,Home,1,24900,12500,0,Completed
ORD-004992,2025-05-12,North,Store,Travel bag,Accessories,3,39900,23000,15,Completed
ORD-004993,2025-05-12,Central,Store,Wireless headphones,Electronics,1,49900,29000,0,Returned
ORD-004994,2025-05-12,Central,Store,Storage set,Home,4,17900,9500,0,Returned
ORD-004995,2025-05-12,Central,Online,Travel bag,Accessories,4,39900,23000,0,Completed
ORD-004996,2025-05-12,North,Store,Travel bag,Accessories,2,39900,23000,0,Completed
ORD-004997,2025-05-13,North,Online,Desk lamp,Home,4,24900,12500,0,Completed
ORD-004998,2025-05-13,West,Store,Desk lamp,Home,4,24900,12500,0,Completed
ORD-004999,2025-05-13,Central,Store,Notebook pack,Office,2,8900,4000,0,Completed
ORD-005000,2025-05-13,North,Online,Phone case,Accessories,3,9900,3500,0,Completed
ORD-005001,2025-05-13,South,Online,Phone case,Accessories,2,9900,3500,10,Completed
ORD-005002,2025-05-13,West,Online,Wireless headphones,Electronics,3,49900,29000,0,Completed
ORD-005003,2025-05-13,West,Online,Travel bag,Accessories,3,39900,23000,10,Completed
ORD-005004,2025-05-13,Central,Store,Notebook pack,Office,4,8900,4000,15,Completed
ORD-005005,2025-05-13,West,Store,Laptop stand,Office,2,29900,16000,20,Completed
ORD-005006,2025-05-13,West,Online,Laptop stand,Office,4,29900,16000,0,Completed
ORD-005007,2025-05-14,West,Store,Travel bag,Accessories,3,39900,23000,0,Completed
ORD-005008,2025-05-14,West,Online,Laptop stand,Office,4,29900,16000,0,Completed
ORD-005009,2025-05-14,West,Store,Laptop stand,Office,3,29900,16000,0,Completed
ORD-005010,2025-05-14,Central,Online,Storage set,Home,3,17900,9500,15,Completed
ORD-005011,2025-05-14,Central,Store,Desk lamp,Home,2,24900,12500,0,Completed
ORD-005012,2025-05-14,South,Online,Wireless headphones,Electronics,4,49900,29000,0,Completed
ORD-005013,2025-05-14,Central,Online,Laptop stand,Office,4,29900,16000,15,Completed
ORD-005014,2025-05-14,West,Online,Wireless headphones,Electronics,1,49900,29000,0,Completed
ORD-005015,2025-05-14,West,Online,Storage set,Home,4,17900,9500,0,Completed
ORD-005016,2025-05-14,Central,Store,Bluetooth speaker,Electronics,3,34900,21000,20,Completed
ORD-005017,2025-05-14,West,Online,Laptop stand,Office,2,29900,16000,0,Completed
ORD-005018,2025-05-14,North,Online,Laptop stand,Office,4,29900,16000,0,Completed
ORD-005019,2025-05-14,West,Online,Laptop stand,Office,1,29900,16000,15,Completed
ORD-005020,2025-05-14,Central,Online,Travel bag,Accessories,4,39900,23000,10,Completed
ORD-005021,2025-05-15,West,Online,Laptop stand,Office,4,29900,16000,0,Cancelled
ORD-005022,2025-05-15,West,Store,Travel bag,Accessories,2,39900,23000,0,Completed
ORD-005023,2025-05-15,West,Online,Desk lamp,Home,4,24900,12500,0,Completed
ORD-005024,2025-05-15,West,Store,Desk lamp,Home,3,24900,12500,15,Completed
ORD-005025,2025-05-15,North,Store,Bluetooth speaker,Electronics,4,34900,21000,0,Completed
ORD-005026,2025-05-15,South,Online,Bluetooth speaker,Electronics,1,34900,21000,0,Cancelled
ORD-005027,2025-05-15,South,Online,Laptop stand,Office,4,29900,16000,0,Completed
ORD-005028,2025-05-15,West,Online,Storage set,Home,1,17900,9500,0,Completed
ORD-005029,2025-05-15,Central,Store,Notebook pack,Office,3,8900,4000,10,Completed
ORD-005030,2025-05-15,West,Online,Storage set,Home,3,17900,9500,10,Completed
ORD-005031,2025-05-16,North,Store,Travel bag,Accessories,1,39900,23000,10,Completed
ORD-005032,2025-05-16,Central,Store,Phone case,Accessories,1,9900,3500,0,Completed
ORD-005033,2025-05-16,West,Online,Bluetooth speaker,Electronics,2,34900,21000,15,Completed
ORD-005034,2025-05-16,West,Online,Bluetooth speaker,Electronics,2,34900,21000,0,Completed
ORD-005035,2025-05-16,South,Online,Notebook pack,Office,3,8900,4000,20,Completed
ORD-005036,2025-05-16,West,Online,Storage set,Home,4,17900,9500,20,Completed
ORD-005037,2025-05-16,West,Online,Notebook pack,Office,1,8900,4000,0,Completed
ORD-005038,2025-05-16,South,Store,Wireless headphones,Electronics,3,49900,29000,0,Completed
ORD-005039,2025-05-16,Central,Online,Travel bag,Accessories,4,39900,23000,0,Completed
ORD-005040,2025-05-17,Central,Online,Phone case,Accessories,2,9900,3500,15,Completed
ORD-005041,2025-05-17,Central,Online,Notebook pack,Office,3,8900,4000,10,Completed
ORD-005042,2025-05-17,West,Store,Wireless headphones,Electronics,2,49900,29000,0,Completed
ORD-005043,2025-05-17,Central,Store,Wireless headphones,Electronics,2,49900,29000,10,Completed
ORD-005044,2025-05-17,Central,Store,Laptop stand,Office,4,29900,16000,0,Completed
ORD-005045,2025-05-17,West,Store,Laptop stand,Office,1,29900,16000,0,Completed
ORD-005046,2025-05-17,West,Online,Notebook pack,Office,1,8900,4000,0,Completed
ORD-005047,2025-05-17,Central,Store,Wireless headphones,Electronics,4,49900,29000,0,Completed
ORD-005048,2025-05-17,North,Store,Notebook pack,Office,1,8900,4000,0,Completed
ORD-005049,2025-05-17,West,Store,Storage set,Home,2,17900,9500,10,Completed
ORD-005050,2025-05-17,Central,Online,Travel bag,Accessories,2,39900,23000,20,Completed
ORD-005051,2025-05-17,Central,Store,Travel bag,Accessories,2,39900,23000,0,Completed
ORD-005052,2025-05-17,West,Online,Bluetooth speaker,Electronics,1,34900,21000,15,Completed
ORD-005053,2025-05-18,North,Online,Desk lamp,Home,3,24900,12500,0,Completed
ORD-005054,2025-05-18,North,Online,Notebook pack,Office,2,8900,4000,0,Returned
ORD-005055,2025-05-18,South,Store,Desk lamp,Home,4,24900,12500,20,Completed
ORD-005056,2025-05-18,Central,Store,Wireless headphones,Electronics,1,49900,29000,0,Returned
ORD-005057,2025-05-18, West ,Online,Wireless headphones,Electronics,3,49900,29000,10,Completed
ORD-005058,2025-05-18,Central,Store,Notebook pack,Office,4,8900,4000,15,Completed
ORD-005059,2025-05-18,Central,Store,Desk lamp,Home,3,24900,12500,0,Completed
ORD-005060,2025-05-18,West,Online,Notebook pack,Office,4,8900,4000,0,Completed
ORD-005061,2025-05-18,Central,Online,Desk lamp,Home,2,24900,12500,0,Completed
ORD-005062,2025-05-18,Central,Online,Bluetooth speaker,Electronics,3,34900,21000,0,Completed
ORD-005063,2025-05-18,West,Store,Travel bag,Accessories,1,39900,23000,0,Completed
ORD-005064,2025-05-18,Central,Store,Wireless headphones,Electronics,1,49900,29000,0,Completed
ORD-005065,2025-05-19,Central,Online,Laptop stand,Office,4,29900,16000,0,Completed
ORD-005066,2025-05-19,West,Store,Wireless headphones,Electronics,3,49900,29000,0,Completed
ORD-005067,2025-05-19,West,Online,Notebook pack,Office,2,8900,4000,10,Completed
ORD-005068,2025-05-19,North,Store,Laptop stand,Office,1,29900,16000,0,Completed
ORD-005069,2025-05-19,Central,Online,Notebook pack,Office,2,8900,4000,0,Completed
ORD-005070,2025-05-19,West,Online,Bluetooth speaker,Electronics,2,34900,21000,10,Completed
ORD-005071,2025-05-19,Central,Store,Notebook pack,Office,4,8900,4000,10,Returned
ORD-005072,2025-05-19,Central,Store,Laptop stand,Office,3,29900,16000,0,Completed
ORD-005073,2025-05-19,Central,Online,Desk lamp,Home,3,24900,12500,10,Completed
ORD-005074,2025-05-19,Central,Online,Storage set,Home,1,17900,9500,0,Completed
ORD-005075,2025-05-19,West,Store,Laptop stand,Office,3,29900,16000,0,Completed
ORD-005076,2025-05-19,Central,Online,Travel bag,Accessories,1,39900,23000,0,Completed
ORD-005077,2025-05-20,South,Online,Travel bag,Accessories,2,39900,23000,0,Completed
ORD-005078,2025-05-20,West,Store,Notebook pack,Office,4,8900,4000,0,Completed
ORD-005079,2025-05-20,Central,Online,Wireless headphones,Electronics,2,49900,29000,20,Cancelled
ORD-005080,2025-05-20,North,Online,Phone case,Accessories,3,9900,3500,0,Completed
ORD-005081,2025-05-20,West,Store,Laptop stand,Office,2,29900,16000,0,Completed
ORD-005082,2025-05-20,North,Online,Wireless headphones,Electronics,3,49900,29000,0,Completed
ORD-005083,2025-05-20,Central,Store,Laptop stand,Office,3,29900,16000,15,Completed
ORD-005084,2025-05-20,West,Store,Travel bag,Accessories,4,39900,23000,20,Returned
ORD-005085,2025-05-20,Central,Store,Storage set,Home,4,17900,9500,10,Completed
ORD-005086,2025-05-20,Central,Online,Travel bag,Accessories,3,39900,23000,10,Completed
ORD-005087,2025-05-20,North,Online,Bluetooth speaker,Electronics,1,34900,21000,0,Completed
ORD-005088,2025-05-20,Central,Online,Bluetooth speaker,Electronics,4,34900,21000,0,Completed
ORD-005089,2025-05-21,South,Online,Phone case,Accessories,4,9900,3500,15,Completed
ORD-005090,2025-05-21,West,Store,Storage set,Home,4,17900,9500,0,Completed
ORD-005091,2025-05-21,South,Online,Notebook pack,Office,1,8900,4000,0,Completed
ORD-005092,2025-05-21,South,Online,Storage set,Home,3,17900,9500,15,Completed
ORD-005093,2025-05-21,Central,Online,Desk lamp,Home,2,24900,12500,10,Completed
ORD-005094,2025-05-21,West,Online,Storage set,Home,4,17900,9500,0,Completed
ORD-005095,2025-05-21,South,Store,Wireless headphones,Electronics,4,49900,29000,0,Returned
ORD-005096,2025-05-21,South,Store,Bluetooth speaker,Electronics,3,34900,21000,0,Returned
ORD-005097,2025-05-22,West,Online,Travel bag,Accessories,2,39900,23000,10,Completed
ORD-005098,2025-05-22,West,Online,Desk lamp,Home,3,24900,12500,0,Completed
ORD-005099,2025-05-22,Central,Store,Laptop stand,Office,4,29900,16000,0,Completed
ORD-005100,2025-05-22,Central,Store,Travel bag,Accessories,3,39900,23000,0,Completed
ORD-005101,2025-05-22,West,Online,Desk lamp,Home,4,24900,12500,0,Completed
ORD-005102,2025-05-22,Central,Store,Notebook pack,Office,4,8900,4000,0,Completed
ORD-005103,2025-05-22,South,Online,Laptop stand,Office,4,29900,16000,0,Completed
ORD-005104,2025-05-22,West,Online,Laptop stand,Office,2,29900,16000,20,Completed
ORD-005105,2025-05-23,North,Online,Storage set,Home,4,17900,9500,0,Completed
ORD-005106,2025-05-23,South,Online,Storage set,Home,2,17900,9500,10,Completed
ORD-005107,2025-05-23,West,Store,Wireless headphones,Electronics,4,49900,29000,0,Returned
ORD-005108,2025-05-23,Central,Store,Travel bag,Accessories,1,39900,23000,20,Completed
ORD-005109,2025-05-23,West,Online,Desk lamp,Home,2,24900,12500,0,Completed
ORD-005110,2025-05-23,Central,Online,Desk lamp,Home,2,24900,12500,0,Completed
ORD-005111,2025-05-23,Central,Online,Phone case,Accessories,3,9900,3500,0,Completed
ORD-005112,2025-05-23,Central,Online,Bluetooth speaker,Electronics,3,34900,21000,10,Cancelled
ORD-005113,2025-05-23,Central,Online,Notebook pack,Office,3,8900,4000,10,Completed
ORD-005114,2025-05-23,South,Store,Travel bag,Accessories,3,39900,23000,10,Completed
ORD-005115,2025-05-23,South,Store,Travel bag,Accessories,3,39900,23000,15,Completed
ORD-005116,2025-05-23,South,Online,Travel bag,Accessories,3,39900,23000,0,Completed
ORD-005117,2025-05-24,South,Online,Travel bag,Accessories,4,39900,23000,0,Completed
ORD-005118,2025-05-24,Central,Online,Laptop stand,Office,2,29900,16000,0,Completed
ORD-005119,2025-05-24,North,Store,Travel bag,Accessories,3,39900,23000,0,Completed
ORD-005120,2025-05-24,North,Online,Laptop stand,Office,2,29900,16000,0,Completed
ORD-005121,2025-05-24,Central,Online,Travel bag,Accessories,1,39900,23000,15,Completed
ORD-005122,2025-05-24,Central,Store,Storage set,Home,1,17900,9500,0,Completed
ORD-005123,2025-05-24,West,Online,Wireless headphones,Electronics,1,49900,29000,0,Completed
ORD-005124,2025-05-24,North,Online,Notebook pack,Office,3,8900,4000,20,Returned
ORD-005125,2025-05-24,South,Online,Desk lamp,Home,4,24900,12500,15,Completed
ORD-005126,2025-05-24,Central,Online,Storage set,Home,1,17900,9500,10,Completed
ORD-005127,2025-05-24,South,Online,Storage set,Home,1,17900,9500,20,Completed
ORD-005128,2025-05-25,North,Online,Phone case,Accessories,2,9900,3500,10,Completed
ORD-005129,2025-05-25,Central,Store,Notebook pack,Office,3,8900,4000,0,Completed
ORD-005130,2025-05-25,South,Online,Notebook pack,Office,2,8900,4000,0,Completed
ORD-005131,2025-05-25,South,Online,Notebook pack,Office,1,8900,4000,15,Completed
ORD-005132,2025-05-25,North,Store,Storage set,Home,1,17900,9500,10,Completed
ORD-005133,2025-05-25,North,Online,Notebook pack,Office,1,8900,4000,0,Completed
ORD-005134,2025-05-25,North,Online,Desk lamp,Home,4,24900,12500,0,Completed
ORD-005135,2025-05-25,West,Online,Storage set,Home,4,17900,9500,0,Completed
ORD-005136,2025-05-25, Central ,Online,Wireless headphones,Electronics,2,49900,29000,0,Completed
ORD-005137,2025-05-25,North,Online,Bluetooth speaker,Electronics,3,34900,21000,0,Completed
ORD-005138,2025-05-26,Central,Store,Storage set,Home,3,17900,9500,0,Completed
ORD-005139,2025-05-26,Central,Online,Desk lamp,Home,3,24900,12500,0,Completed
ORD-005140,2025-05-26,West,Store,Desk lamp,Home,4,24900,12500,10,Completed
ORD-005141,2025-05-26,North,Store,Wireless headphones,Electronics,1,49900,29000,0,Completed
ORD-005142,2025-05-26,West,Store,Notebook pack,Office,4,8900,4000,0,Completed
ORD-005143,2025-05-26,Central,Store,Wireless headphones,Electronics,1,49900,29000,20,Completed
ORD-005144,2025-05-26,West,Online,Bluetooth speaker,Electronics,2,34900,21000,15,Cancelled
ORD-005145,2025-05-26,West,Online,Notebook pack,Office,2,8900,4000,10,Returned
ORD-005146,2025-05-26,South,Online,Wireless headphones,Electronics,3,49900,29000,10,Completed
ORD-005147,2025-05-26,West,Online,Bluetooth speaker,Electronics,4,34900,21000,15,Completed
ORD-005148,2025-05-27,North,Online,Storage set,Home,2,17900,9500,0,Completed
ORD-005149,2025-05-27,South,Online,Travel bag,Accessories,3,39900,23000,10,Completed
ORD-005150,2025-05-27,South,Online,Bluetooth speaker,Electronics,1,34900,21000,0,Completed
ORD-005151,2025-05-27,Central,Online,Bluetooth speaker,Electronics,1,34900,21000,10,Completed
ORD-005152,2025-05-27,Central,Online,Storage set,Home,3,17900,9500,10,Completed
ORD-005153,2025-05-27,Central,Online,Travel bag,Accessories,3,39900,23000,0,Completed
ORD-005154,2025-05-27,Central,Store,Laptop stand,Office,1,29900,16000,0,Completed
ORD-005155,2025-05-27,North,Store,Laptop stand,Office,3,29900,16000,0,Returned
ORD-005156,2025-05-27,South,Online,Wireless headphones,Electronics,4,49900,29000,0,Cancelled
ORD-005157,2025-05-27,Central,Online,Laptop stand,Office,2,29900,16000,0,Completed
ORD-005158,2025-05-27,South,Store,Desk lamp,Home,2,24900,12500,15,Returned
ORD-005159,2025-05-28,Central,Store,Bluetooth speaker,Electronics,3,34900,21000,0,Completed
ORD-005160,2025-05-28,South,Online,Travel bag,Accessories,3,39900,23000,10,Completed
ORD-005161,2025-05-28,West,Store,Storage set,Home,2,17900,9500,0,Completed
ORD-005162,2025-05-28,South,Store,Wireless headphones,Electronics,1,49900,29000,10,Completed
ORD-005163,2025-05-28,Central,Store,Storage set,Home,4,17900,9500,0,Cancelled
ORD-005164,2025-05-28,Central,Online,Travel bag,Accessories,3,39900,23000,10,Completed
ORD-005165,2025-05-28,South,Store,Notebook pack,Office,3,8900,4000,20,Completed
ORD-005166,2025-05-28,West,Online,Desk lamp,Home,2,24900,12500,20,Completed
ORD-005167,2025-05-28,South,Store,Wireless headphones,Electronics,4,49900,29000,15,Completed
ORD-005168,2025-05-28,Central,Store,Laptop stand,Office,4,29900,16000,0,Completed
ORD-005169,2025-05-28,North,Store,Travel bag,Accessories,2,39900,23000,0,Completed
ORD-005170,2025-05-28,Central,Store,Desk lamp,Home,4,24900,12500,10,Completed
ORD-005171,2025-05-28,North,Online,Bluetooth speaker,Electronics,1,34900,21000,10,Completed
ORD-005172,2025-05-28,Central,Online,Storage set,Home,1,17900,9500,0,Completed
ORD-005173,2025-05-29,South,Online,Bluetooth speaker,Electronics,2,34900,21000,20,Completed
ORD-005174,2025-05-29,South,Online,Travel bag,Accessories,3,39900,23000,20,Completed
ORD-005175,2025-05-29,Central,Online,Phone case,Accessories,4,9900,3500,10,Completed
ORD-005176,2025-05-29,North,Online,Phone case,Accessories,2,9900,3500,15,Completed
ORD-005177,2025-05-29,Central,Store,Notebook pack,Office,4,8900,4000,0,Completed
ORD-005178,2025-05-29,Central,Store,Phone case,Accessories,3,9900,3500,0,Completed
ORD-005179,2025-05-29,West,Store,Bluetooth speaker,Electronics,2,34900,21000,0,Completed
ORD-005180,2025-05-30,Central,Online,Storage set,Home,4,17900,9500,10,Completed
ORD-005181,2025-05-30,Central,Online,Desk lamp,Home,3,24900,12500,0,Completed
ORD-005182,2025-05-30,West,Store,Laptop stand,Office,4,29900,16000,10,Completed
ORD-005183,2025-05-30,South,Store,Bluetooth speaker,Electronics,4,34900,21000,10,Completed
ORD-005184,2025-05-30,West,Online,Phone case,Accessories,4,9900,3500,10,Completed
ORD-005185,2025-05-30,South,Online,Notebook pack,Office,2,8900,4000,0,Completed
ORD-005186,2025-05-30,West,Online,Phone case,Accessories,2,9900,3500,10,Completed
ORD-005187,2025-05-30,North,Online,Storage set,Home,3,17900,9500,0,Completed
ORD-005188,2025-05-31,West,Online,Travel bag,Accessories,1,39900,23000,0,Cancelled
ORD-005189,2025-05-31,Central,Online,Storage set,Home,1,17900,9500,0,Completed
ORD-005190,2025-05-31,South,Online,Phone case,Accessories,4,9900,3500,0,Completed
ORD-005191,2025-05-31,Central,Online,Phone case,Accessories,3,9900,3500,0,Completed
ORD-005192,2025-05-31,North,Store,Wireless headphones,Electronics,4,49900,29000,0,Completed
ORD-005193,2025-05-31,Central,Online,Bluetooth speaker,Electronics,2,34900,21000,0,Completed
ORD-005194,2025-05-31,Central,Store,Phone case,Accessories,2,9900,3500,0,Completed
ORD-005195,2025-05-31,South,Online,Phone case,Accessories,3,9900,3500,20,Completed
ORD-005196,2025-05-31,South,Online,Storage set,Home,4,17900,9500,0,Completed
ORD-005197,2025-05-31,Central,Store,Wireless headphones,Electronics,4,49900,29000,10,Completed
ORD-005198,2025-05-31,Central,Online,Bluetooth speaker,Electronics,2,34900,21000,10,Completed
ORD-005199,2025-06-01,Central,Online,Storage set,Home,1,17900,9500,0,Completed
ORD-005200,2025-06-01,North,Online,Notebook pack,Office,4,8900,4000,0,Completed
ORD-005201,2025-06-01,West,Online,Wireless headphones,Electronics,3,49900,29000,0,Completed
ORD-005202,2025-06-01,Central,Store,Travel bag,Accessories,2,39900,23000,0,Completed
ORD-005203,2025-06-01,West,Store,Travel bag,Accessories,1,39900,23000,15,Completed
ORD-005204,2025-06-01,North,Online,Notebook pack,Office,3,8900,4000,0,Returned
ORD-005205,2025-06-01,Central,Online,Laptop stand,Office,1,29900,16000,0,Completed
ORD-005206,2025-06-01,West,Online,Phone case,Accessories,3,9900,3500,10,Completed
ORD-005207,2025-06-01,North,Store,Desk lamp,Home,1,24900,12500,15,Completed
ORD-005208,2025-06-01,South,Store,Travel bag,Accessories,1,39900,23000,0,Completed
ORD-005209,2025-06-01,Central,Store,Storage set,Home,3,17900,9500,0,Completed
ORD-005210,2025-06-01,North,Online,Bluetooth speaker,Electronics,4,34900,21000,0,Completed
ORD-005211,2025-06-01,Central,Online,Phone case,Accessories,1,9900,3500,15,Completed
ORD-005212,2025-06-01,West,Store,Laptop stand,Office,2,29900,16000,0,Completed
ORD-005213,2025-06-02,Central,Store,Notebook pack,Office,1,8900,4000,20,Cancelled
ORD-005214,2025-06-02,Central,Online,Storage set,Home,4,17900,9500,10,Completed
ORD-005215,2025-06-02, South ,Online,Desk lamp,Home,1,24900,12500,0,Completed
ORD-005216,2025-06-02,Central,Online,Phone case,Accessories,3,9900,3500,0,Returned
ORD-005217,2025-06-02,West,Online,Notebook pack,Office,1,8900,4000,10,Completed
ORD-005218,2025-06-02,West,Online,Wireless headphones,Electronics,1,49900,29000,0,Completed
ORD-005219,2025-06-02,North,Online,Notebook pack,Office,2,8900,4000,0,Completed
ORD-005220,2025-06-02,West,Online,Bluetooth speaker,Electronics,2,34900,21000,0,Completed
ORD-005221,2025-06-02,Central,Online,Phone case,Accessories,1,9900,3500,20,Completed
ORD-005222,2025-06-02,South,Online,Laptop stand,Office,3,29900,16000,0,Completed
ORD-005223,2025-06-02,Central,Online,Storage set,Home,1,17900,9500,0,Completed
ORD-005224,2025-06-02,Central,Online,Bluetooth speaker,Electronics,3,34900,21000,0,Completed
ORD-005225,2025-06-03,South,Online,Notebook pack,Office,1,8900,4000,10,Completed
ORD-005226,2025-06-03,South,Online,Laptop stand,Office,1,29900,16000,10,Completed
ORD-005227,2025-06-03,North,Online,Laptop stand,Office,3,29900,16000,0,Completed
ORD-005228,2025-06-03,North,Online,Laptop stand,Office,3,29900,16000,10,Completed
ORD-005229,2025-06-03,South,Online,Storage set,Home,2,17900,9500,0,Completed
ORD-005230,2025-06-03,West,Store,Bluetooth speaker,Electronics,1,34900,21000,0,Completed
ORD-005231,2025-06-03,North,Store,Wireless headphones,Electronics,3,49900,29000,10,Completed
ORD-005232,2025-06-03,Central,Store,Travel bag,Accessories,1,39900,23000,10,Completed
ORD-005233,2025-06-04,Central,Online,Bluetooth speaker,Electronics,3,34900,21000,20,Returned
ORD-005234,2025-06-04,Central,Online,Travel bag,Accessories,1,39900,23000,20,Cancelled
ORD-005235,2025-06-04,West,Store,Storage set,Home,1,17900,9500,15,Completed
ORD-005236,2025-06-04,Central,Store,Wireless headphones,Electronics,2,49900,29000,0,Completed
ORD-005237,2025-06-04,West,Online,Desk lamp,Home,2,24900,12500,0,Returned
ORD-005238,2025-06-04,South,Online,Wireless headphones,Electronics,3,49900,29000,0,Returned
ORD-005239,2025-06-04,West,Store,Phone case,Accessories,2,9900,3500,0,Completed
ORD-005240,2025-06-04,West,Store,Storage set,Home,3,17900,9500,0,Completed
ORD-005241,2025-06-04,West,Store,Phone case,Accessories,4,9900,3500,0,Completed
ORD-005242,2025-06-05,South,Store,Storage set,Home,4,17900,9500,10,Returned
ORD-005243,2025-06-05,South,Store,Travel bag,Accessories,3,39900,23000,0,Completed
ORD-005244,2025-06-05,Central,Online,Phone case,Accessories,1,9900,3500,0,Completed
ORD-005245,2025-06-05,West,Online,Laptop stand,Office,2,29900,16000,15,Completed
ORD-005246,2025-06-05,West,Online,Notebook pack,Office,4,8900,4000,20,Completed
ORD-005247,2025-06-05,West,Online,Phone case,Accessories,3,9900,3500,0,Completed
ORD-005248,2025-06-05,Central,Store,Bluetooth speaker,Electronics,2,34900,21000,0,Completed
ORD-005249,2025-06-05,West,Store,Travel bag,Accessories,2,39900,23000,0,Completed
ORD-005250,2025-06-05,Central,Store,Desk lamp,Home,2,24900,12500,10,Completed
ORD-005251,2025-06-06,South,Store,Travel bag,Accessories,2,39900,23000,10,Completed
ORD-005252,2025-06-06,Central,Online,Travel bag,Accessories,1,39900,23000,0,Completed
ORD-005253,2025-06-06,Central,Store,Storage set,Home,2,17900,9500,0,Completed
ORD-005254,2025-06-06,South,Online,Notebook pack,Office,1,8900,4000,10,Completed
ORD-005255,2025-06-06,South,Store,Desk lamp,Home,3,24900,12500,0,Completed
ORD-005256,2025-06-06,Central,Store,Wireless headphones,Electronics,1,49900,29000,0,Completed
ORD-005257,2025-06-06,South,Store,Laptop stand,Office,4,29900,16000,0,Completed
ORD-005258,2025-06-06,Central,Store,Travel bag,Accessories,4,39900,23000,0,Completed
ORD-005259,2025-06-06,West,Store,Wireless headphones,Electronics,3,49900,29000,0,Completed
ORD-005260,2025-06-06,South,Store,Laptop stand,Office,3,29900,16000,10,Completed
ORD-005261,2025-06-07,Central,Online,Notebook pack,Office,2,8900,4000,10,Completed
ORD-005262,2025-06-07,Central,Online,Bluetooth speaker,Electronics,4,34900,21000,0,Completed
ORD-005263,2025-06-07,West,Store,Bluetooth speaker,Electronics,1,34900,21000,0,Completed
ORD-005264,2025-06-07,Central,Store,Laptop stand,Office,4,29900,16000,0,Completed
ORD-005265,2025-06-07,West,Online,Wireless headphones,Electronics,1,49900,29000,0,Completed
ORD-005266,2025-06-07,West,Store,Phone case,Accessories,2,9900,3500,0,Completed
ORD-005267,2025-06-07,West,Store,Phone case,Accessories,4,9900,3500,15,Returned
ORD-005268,2025-06-07,West,Store,Storage set,Home,2,17900,9500,0,Completed
ORD-005269,2025-06-07,North,Online,Bluetooth speaker,Electronics,1,34900,21000,15,Completed
ORD-005270,2025-06-07,Central,Store,Storage set,Home,4,17900,9500,10,Completed
ORD-005271,2025-06-07,West,Store,Notebook pack,Office,1,8900,4000,0,Completed
ORD-005272,2025-06-07,West,Online,Notebook pack,Office,4,8900,4000,15,Completed
ORD-005273,2025-06-07,Central,Store,Bluetooth speaker,Electronics,2,34900,21000,0,Cancelled
ORD-005274,2025-06-07,West,Online,Wireless headphones,Electronics,2,49900,29000,20,Completed
ORD-005275,2025-06-08,West,Online,Notebook pack,Office,3,8900,4000,10,Completed
ORD-005276,2025-06-08,West,Online,Storage set,Home,1,17900,9500,0,Completed
ORD-005277,2025-06-08,South,Store,Notebook pack,Office,1,8900,4000,0,Completed
ORD-005278,2025-06-08,North,Online,Laptop stand,Office,1,29900,16000,0,Completed
ORD-005279,2025-06-08,West,Online,Laptop stand,Office,4,29900,16000,0,Completed
ORD-005280,2025-06-08,Central,Online,Storage set,Home,4,17900,9500,15,Completed
ORD-005281,2025-06-08,South,Store,Storage set,Home,3,17900,9500,0,Completed
ORD-005282,2025-06-08,Central,Store,Phone case,Accessories,3,9900,3500,0,Completed
ORD-005283,2025-06-08,Central,Store,Travel bag,Accessories,1,39900,23000,0,Completed
ORD-005284,2025-06-08,North,Online,Bluetooth speaker,Electronics,2,34900,21000,0,Completed
ORD-005285,2025-06-08,West,Online,Notebook pack,Office,3,8900,4000,0,Completed
ORD-005286,2025-06-08,South,Online,Desk lamp,Home,2,24900,12500,0,Completed
ORD-005287,2025-06-08,North,Online,Phone case,Accessories,4,9900,3500,10,Completed
ORD-005288,2025-06-08,South,Store,Phone case,Accessories,4,9900,3500,0,Completed
ORD-005289,2025-06-08,West,Store,Phone case,Accessories,2,9900,3500,0,Completed
ORD-005290,2025-06-09,West,Store,Desk lamp,Home,1,24900,12500,0,Completed
ORD-005291,2025-06-09,South,Store,Phone case,Accessories,1,9900,3500,0,Completed
ORD-005292,2025-06-09,Central,Online,Wireless headphones,Electronics,3,49900,29000,0,Completed
ORD-005293,2025-06-09,West,Store,Travel bag,Accessories,1,39900,23000,10,Completed
ORD-005294,2025-06-09, Central ,Online,Storage set,Home,1,17900,9500,0,Cancelled
ORD-005295,2025-06-09,West,Store,Travel bag,Accessories,1,39900,23000,0,Completed
ORD-005296,2025-06-09,Central,Online,Bluetooth speaker,Electronics,3,34900,21000,0,Completed
ORD-005297,2025-06-09,West,Online,Bluetooth speaker,Electronics,3,34900,21000,0,Completed
ORD-005298,2025-06-10,Central,Online,Wireless headphones,Electronics,3,49900,29000,10,Completed
ORD-005299,2025-06-10,Central,Store,Desk lamp,Home,3,24900,12500,0,Returned
ORD-005300,2025-06-10,Central,Store,Storage set,Home,4,17900,9500,0,Cancelled
ORD-005301,2025-06-10,West,Online,Phone case,Accessories,3,9900,3500,0,Completed
ORD-005302,2025-06-10,Central,Store,Laptop stand,Office,3,29900,16000,0,Completed
ORD-005303,2025-06-10,West,Store,Notebook pack,Office,3,8900,4000,0,Completed
ORD-005304,2025-06-10,Central,Store,Wireless headphones,Electronics,4,49900,29000,0,Completed
ORD-005305,2025-06-10,South,Store,Desk lamp,Home,2,24900,12500,20,Completed
ORD-005306,2025-06-10,West,Online,Wireless headphones,Electronics,2,49900,29000,10,Completed
ORD-005307,2025-06-11,West,Store,Wireless headphones,Electronics,4,49900,29000,10,Completed
ORD-005308,2025-06-11,West,Online,Bluetooth speaker,Electronics,1,34900,21000,10,Completed
ORD-005309,2025-06-11,Central,Online,Phone case,Accessories,3,9900,3500,0,Completed
ORD-005310,2025-06-11,South,Online,Laptop stand,Office,1,29900,16000,0,Completed
ORD-005311,2025-06-11,North,Online,Laptop stand,Office,3,29900,16000,0,Returned
ORD-005312,2025-06-11,North,Online,Phone case,Accessories,4,9900,3500,0,Completed
ORD-005313,2025-06-11,West,Online,Wireless headphones,Electronics,4,49900,29000,10,Completed
ORD-005314,2025-06-11,Central,Store,Desk lamp,Home,3,24900,12500,10,Completed
ORD-005315,2025-06-11,Central,Online,Wireless headphones,Electronics,4,49900,29000,10,Completed
ORD-005316,2025-06-11,South,Online,Phone case,Accessories,1,9900,3500,10,Completed
ORD-005317,2025-06-11,Central,Store,Wireless headphones,Electronics,1,49900,29000,15,Completed
ORD-005318,2025-06-12,Central,Online,Laptop stand,Office,3,29900,16000,0,Completed
ORD-005319,2025-06-12,North,Store,Bluetooth speaker,Electronics,2,34900,21000,0,Completed
ORD-005320,2025-06-12,Central,Online,Laptop stand,Office,3,29900,16000,20,Completed
ORD-005321,2025-06-12,North,Store,Notebook pack,Office,2,8900,4000,0,Completed
ORD-005322,2025-06-12,North,Online,Phone case,Accessories,2,9900,3500,20,Completed
ORD-005323,2025-06-12,West,Online,Storage set,Home,4,17900,9500,15,Completed
ORD-005324,2025-06-12,West,Store,Wireless headphones,Electronics,3,49900,29000,0,Completed
ORD-005325,2025-06-12,West,Store,Bluetooth speaker,Electronics,2,34900,21000,0,Completed
ORD-005326,2025-06-12,North,Online,Laptop stand,Office,1,29900,16000,10,Completed
ORD-005327,2025-06-13,North,Store,Phone case,Accessories,2,9900,3500,0,Completed
ORD-005328,2025-06-13,North,Store,Desk lamp,Home,3,24900,12500,0,Completed
ORD-005329,2025-06-13,West,Online,Travel bag,Accessories,2,39900,23000,10,Completed
ORD-005330,2025-06-13,South,Store,Storage set,Home,3,17900,9500,10,Completed
ORD-005331,2025-06-13,North,Store,Travel bag,Accessories,3,39900,23000,0,Completed
ORD-005332,2025-06-13,Central,Store,Bluetooth speaker,Electronics,3,34900,21000,0,Completed
ORD-005333,2025-06-13,Central,Online,Notebook pack,Office,2,8900,4000,10,Completed
ORD-005334,2025-06-14,Central,Store,Bluetooth speaker,Electronics,3,34900,21000,20,Completed
ORD-005335,2025-06-14,North,Online,Storage set,Home,3,17900,9500,0,Completed
ORD-005336,2025-06-14,South,Store,Wireless headphones,Electronics,3,49900,29000,15,Completed
ORD-005337,2025-06-14,Central,Store,Wireless headphones,Electronics,4,49900,29000,0,Completed
ORD-005338,2025-06-14,South,Store,Bluetooth speaker,Electronics,4,34900,21000,15,Completed
ORD-005339,2025-06-14,West,Online,Laptop stand,Office,3,29900,16000,10,Completed
ORD-005340,2025-06-14,Central,Online,Phone case,Accessories,3,9900,3500,0,Completed
ORD-005341,2025-06-14,North,Online,Storage set,Home,1,17900,9500,0,Completed
ORD-005342,2025-06-14,Central,Online,Desk lamp,Home,2,24900,12500,20,Completed
ORD-005343,2025-06-15,West,Online,Notebook pack,Office,2,8900,4000,10,Completed
ORD-005344,2025-06-15,West,Store,Notebook pack,Office,4,8900,4000,0,Completed
ORD-005345,2025-06-15,North,Store,Bluetooth speaker,Electronics,1,34900,21000,0,Completed
ORD-005346,2025-06-15,West,Online,Laptop stand,Office,2,29900,16000,10,Completed
ORD-005347,2025-06-15,North,Store,Travel bag,Accessories,2,39900,23000,0,Completed
ORD-005348,2025-06-15,Central,Online,Laptop stand,Office,2,29900,16000,0,Completed
ORD-005349,2025-06-15,South,Online,Bluetooth speaker,Electronics,1,34900,21000,10,Completed
ORD-005350,2025-06-15,North,Online,Storage set,Home,2,17900,9500,10,Cancelled
ORD-005351,2025-06-15,Central,Store,Laptop stand,Office,3,29900,16000,20,Returned
ORD-005352,2025-06-15,South,Online,Phone case,Accessories,2,9900,3500,0,Completed
ORD-005353,2025-06-15,South,Online,Phone case,Accessories,4,9900,3500,10,Completed
ORD-005354,2025-06-15,South,Store,Laptop stand,Office,3,29900,16000,10,Completed
ORD-005355,2025-06-15,West,Store,Phone case,Accessories,2,9900,3500,0,Completed
ORD-005356,2025-06-15,Central,Store,Bluetooth speaker,Electronics,2,34900,21000,0,Completed
ORD-005357,2025-06-16,West,Store,Desk lamp,Home,3,24900,12500,20,Completed
ORD-005358,2025-06-16,Central,Store,Storage set,Home,2,17900,9500,0,Completed
ORD-005359,2025-06-16,West,Online,Travel bag,Accessories,1,39900,23000,10,Completed
ORD-005360,2025-06-16,Central,Store,Wireless headphones,Electronics,3,49900,29000,10,Completed
ORD-005361,2025-06-16,South,Online,Desk lamp,Home,1,24900,12500,20,Cancelled
ORD-005362,2025-06-16,North,Online,Notebook pack,Office,2,8900,4000,0,Completed
ORD-005363,2025-06-16,Central,Store,Wireless headphones,Electronics,3,49900,29000,0,Completed
ORD-005364,2025-06-16,Central,Store,Desk lamp,Home,4,24900,12500,0,Completed
ORD-005365,2025-06-16,Central,Online,Desk lamp,Home,3,24900,12500,0,Completed
ORD-005366,2025-06-16,Central,Store,Phone case,Accessories,4,9900,3500,0,Completed
ORD-005367,2025-06-17,North,Store,Desk lamp,Home,1,24900,12500,0,Completed
ORD-005368,2025-06-17,Central,Store,Wireless headphones,Electronics,1,49900,29000,0,Completed
ORD-005369,2025-06-17,West,Store,Laptop stand,Office,4,29900,16000,20,Completed
ORD-005370,2025-06-17,West,Store,Travel bag,Accessories,3,39900,23000,0,Completed
ORD-005371,2025-06-17,West,Online,Notebook pack,Office,1,8900,4000,20,Completed
ORD-005372,2025-06-17,South,Online,Wireless headphones,Electronics,1,49900,29000,0,Completed
ORD-005373,2025-06-17, North ,Store,Notebook pack,Office,2,8900,4000,0,Completed
ORD-005374,2025-06-17,North,Online,Storage set,Home,4,17900,9500,20,Completed
ORD-005375,2025-06-17,West,Store,Laptop stand,Office,3,29900,16000,0,Cancelled
ORD-005376,2025-06-17,South,Online,Desk lamp,Home,3,24900,12500,10,Completed
ORD-005377,2025-06-17,Central,Online,Wireless headphones,Electronics,1,49900,29000,0,Completed
ORD-005378,2025-06-17,North,Online,Desk lamp,Home,4,24900,12500,0,Completed
ORD-005379,2025-06-17,Central,Store,Bluetooth speaker,Electronics,3,34900,21000,0,Completed
ORD-005380,2025-06-18,West,Online,Travel bag,Accessories,2,39900,23000,0,Completed
ORD-005381,2025-06-18,West,Online,Phone case,Accessories,3,9900,3500,0,Completed
ORD-005382,2025-06-18,North,Online,Storage set,Home,1,17900,9500,10,Completed
ORD-005383,2025-06-18,West,Online,Laptop stand,Office,1,29900,16000,0,Completed
ORD-005384,2025-06-18,North,Online,Laptop stand,Office,1,29900,16000,0,Completed
ORD-005385,2025-06-18,Central,Online,Travel bag,Accessories,4,39900,23000,0,Completed
ORD-005386,2025-06-18,West,Online,Notebook pack,Office,3,8900,4000,0,Completed
ORD-005387,2025-06-18,North,Store,Notebook pack,Office,4,8900,4000,0,Completed
ORD-005388,2025-06-18,South,Store,Travel bag,Accessories,2,39900,23000,0,Completed
ORD-005389,2025-06-18,North,Store,Notebook pack,Office,3,8900,4000,10,Completed
ORD-005390,2025-06-18,West,Store,Laptop stand,Office,3,29900,16000,10,Completed
ORD-005391,2025-06-18,South,Store,Wireless headphones,Electronics,4,49900,29000,0,Completed
ORD-005392,2025-06-19,South,Store,Laptop stand,Office,2,29900,16000,15,Returned
ORD-005393,2025-06-19,Central,Store,Bluetooth speaker,Electronics,4,34900,21000,0,Cancelled
ORD-005394,2025-06-19,South,Store,Phone case,Accessories,4,9900,3500,0,Completed
ORD-005395,2025-06-19,Central,Online,Notebook pack,Office,1,8900,4000,20,Completed
ORD-005396,2025-06-19,South,Store,Travel bag,Accessories,4,39900,23000,10,Cancelled
ORD-005397,2025-06-19,West,Online,Laptop stand,Office,2,29900,16000,10,Completed
ORD-005398,2025-06-19,Central,Online,Notebook pack,Office,1,8900,4000,20,Completed
ORD-005399,2025-06-19,West,Online,Storage set,Home,3,17900,9500,0,Completed
ORD-005400,2025-06-19,West,Online,Desk lamp,Home,2,24900,12500,20,Completed
ORD-005401,2025-06-19,Central,Online,Wireless headphones,Electronics,1,49900,29000,0,Completed
ORD-005402,2025-06-19,Central,Store,Travel bag,Accessories,4,39900,23000,0,Completed
ORD-005403,2025-06-19,West,Store,Desk lamp,Home,2,24900,12500,10,Completed
ORD-005404,2025-06-19,South,Store,Storage set,Home,2,17900,9500,0,Completed
ORD-005405,2025-06-20,North,Online,Phone case,Accessories,4,9900,3500,20,Cancelled
ORD-005406,2025-06-20,West,Online,Desk lamp,Home,3,24900,12500,0,Completed
ORD-005407,2025-06-20,West,Online,Notebook pack,Office,2,8900,4000,0,Completed
ORD-005408,2025-06-20,West,Online,Notebook pack,Office,1,8900,4000,0,Completed
ORD-005409,2025-06-20,West,Online,Wireless headphones,Electronics,4,49900,29000,15,Completed
ORD-005410,2025-06-20,South,Online,Wireless headphones,Electronics,2,49900,29000,20,Completed
ORD-005411,2025-06-20,West,Online,Storage set,Home,2,17900,9500,0,Completed
ORD-005412,2025-06-20,West,Online,Travel bag,Accessories,4,39900,23000,15,Completed
ORD-005413,2025-06-20,West,Store,Wireless headphones,Electronics,4,49900,29000,0,Completed
ORD-005414,2025-06-20,North,Online,Travel bag,Accessories,2,39900,23000,0,Completed
ORD-005415,2025-06-20,West,Store,Wireless headphones,Electronics,1,49900,29000,10,Completed
ORD-005416,2025-06-20,West,Online,Laptop stand,Office,4,29900,16000,0,Completed
ORD-005417,2025-06-21,Central,Store,Storage set,Home,4,17900,9500,0,Completed
ORD-005418,2025-06-21,West,Store,Notebook pack,Office,3,8900,4000,15,Completed
ORD-005419,2025-06-21,West,Store,Laptop stand,Office,4,29900,16000,0,Completed
ORD-005420,2025-06-21,West,Store,Laptop stand,Office,3,29900,16000,0,Completed
ORD-005421,2025-06-21,West,Store,Notebook pack,Office,3,8900,4000,0,Completed
ORD-005422,2025-06-21,North,Online,Phone case,Accessories,3,9900,3500,10,Completed
ORD-005423,2025-06-21,North,Store,Desk lamp,Home,2,24900,12500,0,Completed
ORD-005424,2025-06-21,North,Store,Wireless headphones,Electronics,1,49900,29000,0,Cancelled
ORD-005425,2025-06-21,Central,Online,Wireless headphones,Electronics,3,49900,29000,20,Completed
ORD-005426,2025-06-21,West,Online,Phone case,Accessories,3,9900,3500,15,Completed
ORD-005427,2025-06-21,West,Online,Bluetooth speaker,Electronics,4,34900,21000,0,Completed
ORD-005428,2025-06-21,South,Store,Travel bag,Accessories,1,39900,23000,15,Completed
ORD-005429,2025-06-21,Central,Store,Laptop stand,Office,4,29900,16000,20,Completed
ORD-005430,2025-06-21,West,Online,Phone case,Accessories,3,9900,3500,15,Completed
ORD-005431,2025-06-21,Central,Online,Travel bag,Accessories,4,39900,23000,0,Completed
ORD-005432,2025-06-22,West,Online,Notebook pack,Office,4,8900,4000,0,Completed
ORD-005433,2025-06-22,North,Online,Desk lamp,Home,3,24900,12500,0,Completed
ORD-005434,2025-06-22,Central,Online,Phone case,Accessories,4,9900,3500,20,Completed
ORD-005435,2025-06-22,West,Online,Laptop stand,Office,1,29900,16000,0,Completed
ORD-005436,2025-06-22,South,Online,Notebook pack,Office,2,8900,4000,0,Completed
ORD-005437,2025-06-22,South,Online,Storage set,Home,3,17900,9500,0,Completed
ORD-005438,2025-06-22,North,Online,Phone case,Accessories,4,9900,3500,0,Completed
ORD-005439,2025-06-22,West,Online,Desk lamp,Home,2,24900,12500,0,Completed
ORD-005440,2025-06-22,West,Store,Storage set,Home,2,17900,9500,0,Completed
ORD-005441,2025-06-23,West,Store,Bluetooth speaker,Electronics,3,34900,21000,10,Completed
ORD-005442,2025-06-23,Central,Online,Laptop stand,Office,4,29900,16000,0,Completed
ORD-005443,2025-06-23,Central,Online,Laptop stand,Office,1,29900,16000,0,Completed
ORD-005444,2025-06-23,South,Store,Travel bag,Accessories,3,39900,23000,0,Returned
ORD-005445,2025-06-23,Central,Store,Storage set,Home,2,17900,9500,10,Completed
ORD-005446,2025-06-23,South,Online,Bluetooth speaker,Electronics,4,34900,21000,20,Returned
ORD-005447,2025-06-23,West,Online,Travel bag,Accessories,2,39900,23000,15,Completed
ORD-005448,2025-06-23,South,Store,Notebook pack,Office,4,8900,4000,10,Completed
ORD-005449,2025-06-24,West,Online,Notebook pack,Office,1,8900,4000,10,Completed
ORD-005450,2025-06-24,West,Store,Bluetooth speaker,Electronics,4,34900,21000,0,Completed
ORD-005451,2025-06-24,South,Online,Laptop stand,Office,2,29900,16000,0,Completed
ORD-005452,2025-06-24, North ,Online,Laptop stand,Office,3,29900,16000,15,Completed
ORD-005453,2025-06-24,Central,Online,Phone case,Accessories,1,9900,3500,0,Completed
ORD-005454,2025-06-24,South,Store,Desk lamp,Home,4,24900,12500,15,Completed
ORD-005455,2025-06-24,South,Store,Wireless headphones,Electronics,3,49900,29000,15,Completed
ORD-005456,2025-06-24,West,Online,Desk lamp,Home,4,24900,12500,0,Returned
ORD-005457,2025-06-24,West,Store,Bluetooth speaker,Electronics,1,34900,21000,0,Completed
ORD-005458,2025-06-25,North,Online,Travel bag,Accessories,3,39900,23000,0,Completed
ORD-005459,2025-06-25,North,Online,Wireless headphones,Electronics,4,49900,29000,0,Completed
ORD-005460,2025-06-25,West,Online,Storage set,Home,2,17900,9500,0,Completed
ORD-005461,2025-06-25,North,Online,Travel bag,Accessories,1,39900,23000,20,Completed
ORD-005462,2025-06-25,South,Online,Wireless headphones,Electronics,3,49900,29000,0,Completed
ORD-005463,2025-06-25,North,Store,Desk lamp,Home,3,24900,12500,0,Returned
ORD-005464,2025-06-25,Central,Online,Wireless headphones,Electronics,2,49900,29000,10,Completed
ORD-005465,2025-06-25,Central,Store,Desk lamp,Home,4,24900,12500,0,Completed
ORD-005466,2025-06-25,Central,Store,Wireless headphones,Electronics,1,49900,29000,0,Completed
ORD-005467,2025-06-25,Central,Store,Phone case,Accessories,2,9900,3500,0,Completed
ORD-005468,2025-06-25,West,Online,Storage set,Home,4,17900,9500,0,Completed
ORD-005469,2025-06-25,Central,Online,Phone case,Accessories,4,9900,3500,0,Completed
ORD-005470,2025-06-26,Central,Online,Notebook pack,Office,3,8900,4000,0,Returned
ORD-005471,2025-06-26,Central,Online,Laptop stand,Office,4,29900,16000,0,Completed
ORD-005472,2025-06-26,South,Store,Storage set,Home,2,17900,9500,10,Completed
ORD-005473,2025-06-26,West,Store,Wireless headphones,Electronics,3,49900,29000,0,Completed
ORD-005474,2025-06-26,West,Store,Storage set,Home,2,17900,9500,10,Completed
ORD-005475,2025-06-26,North,Store,Travel bag,Accessories,3,39900,23000,0,Completed
ORD-005476,2025-06-26,Central,Online,Phone case,Accessories,1,9900,3500,15,Completed
ORD-005477,2025-06-26,Central,Store,Wireless headphones,Electronics,1,49900,29000,0,Completed
ORD-005478,2025-06-26,South,Store,Storage set,Home,3,17900,9500,0,Returned
ORD-005479,2025-06-26,West,Online,Laptop stand,Office,1,29900,16000,0,Completed
ORD-005480,2025-06-26,North,Store,Desk lamp,Home,4,24900,12500,15,Completed
ORD-005481,2025-06-26,South,Online,Notebook pack,Office,3,8900,4000,15,Completed
ORD-005482,2025-06-26,West,Online,Laptop stand,Office,3,29900,16000,0,Completed
ORD-005483,2025-06-26,South,Online,Travel bag,Accessories,2,39900,23000,10,Cancelled
ORD-005484,2025-06-27,Central,Online,Wireless headphones,Electronics,4,49900,29000,0,Completed
ORD-005485,2025-06-27,North,Online,Notebook pack,Office,4,8900,4000,20,Completed
ORD-005486,2025-06-27,North,Store,Phone case,Accessories,2,9900,3500,0,Completed
ORD-005487,2025-06-27,North,Online,Storage set,Home,1,17900,9500,15,Completed
ORD-005488,2025-06-27,South,Online,Storage set,Home,4,17900,9500,10,Completed
ORD-005489,2025-06-27,West,Online,Phone case,Accessories,3,9900,3500,0,Completed
ORD-005490,2025-06-27,South,Online,Desk lamp,Home,4,24900,12500,10,Completed
ORD-005491,2025-06-28,South,Online,Travel bag,Accessories,3,39900,23000,15,Completed
ORD-005492,2025-06-28,West,Online,Travel bag,Accessories,1,39900,23000,0,Completed
ORD-005493,2025-06-28,Central,Online,Storage set,Home,4,17900,9500,0,Cancelled
ORD-005494,2025-06-28,West,Online,Bluetooth speaker,Electronics,1,34900,21000,10,Completed
ORD-005495,2025-06-28,Central,Store,Phone case,Accessories,3,9900,3500,10,Completed
ORD-005496,2025-06-28,Central,Online,Travel bag,Accessories,1,39900,23000,10,Completed
ORD-005497,2025-06-28,South,Online,Storage set,Home,3,17900,9500,0,Completed
ORD-005498,2025-06-28,West,Online,Travel bag,Accessories,2,39900,23000,0,Completed
ORD-005499,2025-06-28,West,Online,Desk lamp,Home,1,24900,12500,10,Completed
ORD-005500,2025-06-28,West,Store,Phone case,Accessories,2,9900,3500,0,Completed
ORD-005501,2025-06-28,Central,Online,Phone case,Accessories,1,9900,3500,0,Returned
ORD-005502,2025-06-28,Central,Online,Laptop stand,Office,4,29900,16000,0,Completed
ORD-005503,2025-06-28,North,Online,Phone case,Accessories,2,9900,3500,0,Completed
ORD-005504,2025-06-29,South,Online,Notebook pack,Office,2,8900,4000,10,Completed
ORD-005505,2025-06-29,North,Store,Notebook pack,Office,3,8900,4000,0,Completed
ORD-005506,2025-06-29,North,Store,Laptop stand,Office,3,29900,16000,0,Completed
ORD-005507,2025-06-29,Central,Online,Phone case,Accessories,3,9900,3500,10,Completed
ORD-005508,2025-06-29,North,Store,Wireless headphones,Electronics,2,49900,29000,0,Completed
ORD-005509,2025-06-29,Central,Online,Travel bag,Accessories,2,39900,23000,0,Completed
ORD-005510,2025-06-29,South,Online,Wireless headphones,Electronics,3,49900,29000,0,Completed
ORD-005511,2025-06-29,West,Store,Desk lamp,Home,1,24900,12500,0,Completed
ORD-005512,2025-06-29,Central,Store,Desk lamp,Home,2,24900,12500,0,Completed
ORD-005513,2025-06-29,Central,Store,Travel bag,Accessories,2,39900,23000,0,Returned
ORD-005514,2025-06-29,Central,Store,Desk lamp,Home,2,24900,12500,0,Completed
ORD-005515,2025-06-29,South,Store,Laptop stand,Office,2,29900,16000,0,Completed
ORD-005516,2025-06-30,North,Store,Phone case,Accessories,2,9900,3500,0,Completed
ORD-005517,2025-06-30,Central,Online,Travel bag,Accessories,3,39900,23000,0,Returned
ORD-005518,2025-06-30,North,Online,Travel bag,Accessories,4,39900,23000,15,Completed
ORD-005519,2025-06-30,West,Store,Travel bag,Accessories,4,39900,23000,20,Completed
ORD-005520,2025-06-30,Central,Online,Desk lamp,Home,3,24900,12500,15,Completed
ORD-005521,2025-06-30,North,Store,Notebook pack,Office,3,8900,4000,0,Completed
ORD-005522,2025-06-30,Central,Store,Laptop stand,Office,2,29900,16000,10,Completed
ORD-005523,2025-06-30,Central,Online,Bluetooth speaker,Electronics,1,34900,21000,0,Completed
ORD-005524,2025-06-30,Central,Online,Laptop stand,Office,2,29900,16000,10,Completed
ORD-005525,2025-06-30,Central,Online,Storage set,Home,2,17900,9500,10,Completed
ORD-005526,2025-06-30,North,Store,Wireless headphones,Electronics,2,49900,29000,0,Completed
ORD-005527,2025-07-01,Central,Online,Travel bag,Accessories,3,39900,23000,0,Completed
ORD-005528,2025-07-01,Central,Online,Desk lamp,Home,2,24900,12500,0,Returned
ORD-005529,2025-07-01,West,Online,Storage set,Home,2,17900,9500,10,Completed
ORD-005530,2025-07-01,South,Online,Wireless headphones,Electronics,2,49900,29000,0,Completed
ORD-005531,2025-07-01, South ,Store,Bluetooth speaker,Electronics,4,34900,21000,0,Completed
ORD-005532,2025-07-01,South,Store,Desk lamp,Home,2,24900,12500,0,Completed
ORD-005533,2025-07-01,South,Online,Phone case,Accessories,1,9900,3500,0,Completed
ORD-005534,2025-07-01,South,Store,Bluetooth speaker,Electronics,1,34900,21000,20,Completed
ORD-005535,2025-07-02,West,Online,Storage set,Home,3,17900,9500,15,Completed
ORD-005536,2025-07-02,West,Store,Laptop stand,Office,4,29900,16000,0,Returned
ORD-005537,2025-07-02,Central,Online,Notebook pack,Office,4,8900,4000,10,Completed
ORD-005538,2025-07-02,West,Store,Wireless headphones,Electronics,4,49900,29000,0,Completed
ORD-005539,2025-07-02,West,Store,Desk lamp,Home,1,24900,12500,0,Completed
ORD-005540,2025-07-02,West,Online,Wireless headphones,Electronics,2,49900,29000,0,Completed
ORD-005541,2025-07-02,North,Online,Bluetooth speaker,Electronics,1,34900,21000,0,Completed
ORD-005542,2025-07-02,Central,Store,Wireless headphones,Electronics,2,49900,29000,0,Completed
ORD-005543,2025-07-02,North,Store,Storage set,Home,3,17900,9500,0,Completed
ORD-005544,2025-07-02,Central,Store,Desk lamp,Home,1,24900,12500,15,Completed
ORD-005545,2025-07-02,North,Online,Bluetooth speaker,Electronics,3,34900,21000,10,Completed
ORD-005546,2025-07-02,North,Online,Storage set,Home,1,17900,9500,0,Completed
ORD-005547,2025-07-03,Central,Online,Phone case,Accessories,4,9900,3500,20,Completed
ORD-005548,2025-07-03,West,Store,Travel bag,Accessories,1,39900,23000,0,Completed
ORD-005549,2025-07-03,Central,Store,Storage set,Home,2,17900,9500,0,Completed
ORD-005550,2025-07-03,North,Online,Wireless headphones,Electronics,3,49900,29000,0,Completed
ORD-005551,2025-07-03,Central,Store,Notebook pack,Office,3,8900,4000,20,Completed
ORD-005552,2025-07-03,North,Online,Storage set,Home,1,17900,9500,0,Completed
ORD-005553,2025-07-03,Central,Online,Phone case,Accessories,3,9900,3500,0,Completed
ORD-005554,2025-07-03,Central,Online,Laptop stand,Office,1,29900,16000,0,Completed
ORD-005555,2025-07-03,Central,Store,Laptop stand,Office,1,29900,16000,10,Completed
ORD-005556,2025-07-03,West,Store,Storage set,Home,4,17900,9500,0,Completed
ORD-005557,2025-07-03,Central,Online,Wireless headphones,Electronics,3,49900,29000,0,Completed
ORD-005558,2025-07-03,Central,Online,Bluetooth speaker,Electronics,2,34900,21000,0,Completed
ORD-005559,2025-07-03,Central,Store,Phone case,Accessories,2,9900,3500,0,Completed
ORD-005560,2025-07-04,North,Online,Desk lamp,Home,2,24900,12500,0,Completed
ORD-005561,2025-07-04,Central,Online,Wireless headphones,Electronics,4,49900,29000,0,Completed
ORD-005562,2025-07-04,Central,Online,Wireless headphones,Electronics,1,49900,29000,0,Completed
ORD-005563,2025-07-04,South,Store,Phone case,Accessories,4,9900,3500,15,Completed
ORD-005564,2025-07-04,North,Online,Phone case,Accessories,3,9900,3500,20,Completed
ORD-005565,2025-07-04,West,Online,Travel bag,Accessories,2,39900,23000,10,Completed
ORD-005566,2025-07-04,West,Online,Laptop stand,Office,1,29900,16000,0,Completed
ORD-005567,2025-07-04,West,Online,Bluetooth speaker,Electronics,1,34900,21000,0,Returned
ORD-005568,2025-07-04,West,Store,Bluetooth speaker,Electronics,3,34900,21000,15,Completed
ORD-005569,2025-07-04,Central,Store,Travel bag,Accessories,4,39900,23000,0,Returned
ORD-005570,2025-07-05,Central,Online,Desk lamp,Home,1,24900,12500,0,Completed
ORD-005571,2025-07-05,West,Online,Desk lamp,Home,3,24900,12500,0,Returned
ORD-005572,2025-07-05,West,Online,Phone case,Accessories,1,9900,3500,0,Completed
ORD-005573,2025-07-05,South,Online,Storage set,Home,3,17900,9500,20,Completed
ORD-005574,2025-07-05,Central,Store,Desk lamp,Home,3,24900,12500,15,Completed
ORD-005575,2025-07-05,South,Online,Wireless headphones,Electronics,2,49900,29000,0,Completed
ORD-005576,2025-07-05,West,Online,Phone case,Accessories,4,9900,3500,0,Completed
ORD-005577,2025-07-05,South,Store,Desk lamp,Home,2,24900,12500,0,Completed
ORD-005578,2025-07-05,West,Store,Phone case,Accessories,2,9900,3500,10,Completed
ORD-005579,2025-07-05,South,Online,Storage set,Home,4,17900,9500,0,Completed
ORD-005580,2025-07-05,West,Online,Laptop stand,Office,3,29900,16000,0,Completed
ORD-005581,2025-07-05,South,Online,Storage set,Home,4,17900,9500,10,Completed
ORD-005582,2025-07-05,South,Online,Storage set,Home,4,17900,9500,10,Completed
ORD-005583,2025-07-05,Central,Online,Desk lamp,Home,2,24900,12500,15,Completed
ORD-005584,2025-07-06,South,Online,Travel bag,Accessories,1,39900,23000,0,Completed
ORD-005585,2025-07-06,West,Online,Laptop stand,Office,2,29900,16000,0,Completed
ORD-005586,2025-07-06,Central,Store,Storage set,Home,3,17900,9500,0,Completed
ORD-005587,2025-07-06,Central,Store,Storage set,Home,4,17900,9500,0,Completed
ORD-005588,2025-07-06,Central,Online,Notebook pack,Office,3,8900,4000,0,Completed
ORD-005589,2025-07-06,West,Store,Bluetooth speaker,Electronics,3,34900,21000,0,Completed
ORD-005590,2025-07-06,North,Online,Desk lamp,Home,3,24900,12500,0,Completed
ORD-005591,2025-07-06,West,Online,Laptop stand,Office,3,29900,16000,0,Completed
ORD-005592,2025-07-06,North,Store,Laptop stand,Office,3,29900,16000,0,Completed
ORD-005593,2025-07-07,North,Online,Bluetooth speaker,Electronics,4,34900,21000,0,Completed
ORD-005594,2025-07-07,West,Store,Desk lamp,Home,3,24900,12500,0,Completed
ORD-005595,2025-07-07,North,Online,Phone case,Accessories,2,9900,3500,0,Completed
ORD-005596,2025-07-07,Central,Store,Phone case,Accessories,1,9900,3500,0,Completed
ORD-005597,2025-07-07,Central,Store,Wireless headphones,Electronics,3,49900,29000,0,Returned
ORD-005598,2025-07-07,West,Online,Bluetooth speaker,Electronics,3,34900,21000,0,Completed
ORD-005599,2025-07-07,North,Store,Storage set,Home,2,17900,9500,0,Completed
ORD-005600,2025-07-07,North,Online,Bluetooth speaker,Electronics,2,34900,21000,0,Cancelled
ORD-005601,2025-07-07,West,Online,Storage set,Home,4,17900,9500,20,Completed
ORD-005602,2025-07-07,West,Store,Wireless headphones,Electronics,3,49900,29000,10,Completed
ORD-005603,2025-07-07,West,Online,Travel bag,Accessories,1,39900,23000,10,Completed
ORD-005604,2025-07-07,Central,Online,Travel bag,Accessories,3,39900,23000,10,Completed
ORD-005605,2025-07-08,Central,Online,Bluetooth speaker,Electronics,1,34900,21000,0,Completed
ORD-005606,2025-07-08,West,Online,Bluetooth speaker,Electronics,1,34900,21000,0,Completed
ORD-005607,2025-07-08,West,Online,Bluetooth speaker,Electronics,2,34900,21000,10,Completed
ORD-005608,2025-07-08,North,Store,Travel bag,Accessories,1,39900,23000,0,Cancelled
ORD-005609,2025-07-08,South,Store,Desk lamp,Home,4,24900,12500,10,Cancelled
ORD-005610,2025-07-08, South ,Online,Storage set,Home,2,17900,9500,0,Completed
ORD-005611,2025-07-08,Central,Store,Bluetooth speaker,Electronics,3,34900,21000,0,Completed
ORD-005612,2025-07-08,South,Store,Phone case,Accessories,4,9900,3500,0,Completed
ORD-005613,2025-07-08,West,Store,Wireless headphones,Electronics,3,49900,29000,0,Completed
ORD-005614,2025-07-09,Central,Store,Laptop stand,Office,2,29900,16000,15,Completed
ORD-005615,2025-07-09,North,Store,Travel bag,Accessories,3,39900,23000,0,Completed
ORD-005616,2025-07-09,West,Store,Notebook pack,Office,3,8900,4000,0,Completed
ORD-005617,2025-07-09,South,Online,Phone case,Accessories,4,9900,3500,10,Completed
ORD-005618,2025-07-09,South,Online,Desk lamp,Home,3,24900,12500,0,Completed
ORD-005619,2025-07-09,Central,Online,Storage set,Home,4,17900,9500,0,Completed
ORD-005620,2025-07-09,Central,Online,Wireless headphones,Electronics,3,49900,29000,10,Completed
ORD-005621,2025-07-09,North,Online,Notebook pack,Office,2,8900,4000,0,Cancelled
ORD-005622,2025-07-09,West,Online,Notebook pack,Office,1,8900,4000,15,Completed
ORD-005623,2025-07-10,Central,Online,Travel bag,Accessories,4,39900,23000,0,Completed
ORD-005624,2025-07-10,West,Online,Phone case,Accessories,4,9900,3500,0,Completed
ORD-005625,2025-07-10,North,Online,Desk lamp,Home,3,24900,12500,0,Completed
ORD-005626,2025-07-10,Central,Store,Desk lamp,Home,3,24900,12500,20,Completed
ORD-005627,2025-07-10,West,Online,Desk lamp,Home,3,24900,12500,0,Completed
ORD-005628,2025-07-10,Central,Online,Storage set,Home,3,17900,9500,0,Completed
ORD-005629,2025-07-10,Central,Online,Storage set,Home,3,17900,9500,0,Completed
ORD-005630,2025-07-10,West,Store,Travel bag,Accessories,3,39900,23000,0,Completed
ORD-005631,2025-07-10,South,Store,Laptop stand,Office,3,29900,16000,10,Completed
ORD-005632,2025-07-10,North,Online,Notebook pack,Office,3,8900,4000,20,Completed
ORD-005633,2025-07-10,Central,Store,Laptop stand,Office,1,29900,16000,0,Completed
ORD-005634,2025-07-10,West,Store,Notebook pack,Office,4,8900,4000,0,Completed
ORD-005635,2025-07-10,South,Online,Desk lamp,Home,4,24900,12500,0,Completed
ORD-005636,2025-07-11,Central,Store,Phone case,Accessories,1,9900,3500,0,Completed
ORD-005637,2025-07-11,Central,Online,Notebook pack,Office,1,8900,4000,0,Completed
ORD-005638,2025-07-11,South,Online,Notebook pack,Office,2,8900,4000,0,Completed
ORD-005639,2025-07-11,Central,Online,Notebook pack,Office,3,8900,4000,0,Cancelled
ORD-005640,2025-07-11,Central,Online,Phone case,Accessories,2,9900,3500,10,Completed
ORD-005641,2025-07-11,North,Online,Laptop stand,Office,2,29900,16000,0,Completed
ORD-005642,2025-07-11,North,Online,Notebook pack,Office,2,8900,4000,0,Completed
ORD-005643,2025-07-11,North,Online,Bluetooth speaker,Electronics,4,34900,21000,0,Completed
ORD-005644,2025-07-11,South,Store,Desk lamp,Home,2,24900,12500,10,Completed
ORD-005645,2025-07-11,Central,Store,Wireless headphones,Electronics,1,49900,29000,0,Completed
ORD-005646,2025-07-11,North,Online,Travel bag,Accessories,2,39900,23000,0,Completed
ORD-005647,2025-07-11,Central,Online,Laptop stand,Office,3,29900,16000,0,Completed
ORD-005648,2025-07-11,North,Online,Travel bag,Accessories,1,39900,23000,10,Returned
ORD-005649,2025-07-12,Central,Online,Storage set,Home,1,17900,9500,10,Completed
ORD-005650,2025-07-12,North,Online,Bluetooth speaker,Electronics,4,34900,21000,0,Cancelled
ORD-005651,2025-07-12,Central,Online,Travel bag,Accessories,4,39900,23000,0,Completed
ORD-005652,2025-07-12,West,Online,Notebook pack,Office,3,8900,4000,0,Completed
ORD-005653,2025-07-12,Central,Store,Wireless headphones,Electronics,1,49900,29000,10,Completed
ORD-005654,2025-07-12,Central,Store,Laptop stand,Office,1,29900,16000,0,Completed
ORD-005655,2025-07-12,South,Online,Travel bag,Accessories,3,39900,23000,0,Completed
ORD-005656,2025-07-12,Central,Online,Desk lamp,Home,1,24900,12500,0,Completed
ORD-005657,2025-07-12,Central,Store,Bluetooth speaker,Electronics,3,34900,21000,0,Completed
ORD-005658,2025-07-12,North,Online,Phone case,Accessories,1,9900,3500,0,Completed
ORD-005659,2025-07-13,Central,Online,Wireless headphones,Electronics,1,49900,29000,0,Cancelled
ORD-005660,2025-07-13,Central,Online,Laptop stand,Office,4,29900,16000,0,Returned
ORD-005661,2025-07-13,West,Online,Travel bag,Accessories,2,39900,23000,10,Completed
ORD-005662,2025-07-13,Central,Store,Desk lamp,Home,4,24900,12500,0,Completed
ORD-005663,2025-07-13,North,Online,Laptop stand,Office,4,29900,16000,20,Completed
ORD-005664,2025-07-13,North,Store,Wireless headphones,Electronics,3,49900,29000,0,Completed
ORD-005665,2025-07-13,West,Online,Phone case,Accessories,2,9900,3500,0,Completed
ORD-005666,2025-07-13,South,Store,Bluetooth speaker,Electronics,3,34900,21000,15,Completed
ORD-005667,2025-07-13,Central,Store,Bluetooth speaker,Electronics,1,34900,21000,10,Completed
ORD-005668,2025-07-13,Central,Store,Laptop stand,Office,3,29900,16000,20,Completed
ORD-005669,2025-07-13,North,Store,Notebook pack,Office,1,8900,4000,0,Completed
ORD-005670,2025-07-13,North,Store,Notebook pack,Office,4,8900,4000,0,Completed
ORD-005671,2025-07-13,Central,Online,Laptop stand,Office,1,29900,16000,0,Completed
ORD-005672,2025-07-13,South,Online,Phone case,Accessories,1,9900,3500,0,Completed
ORD-005673,2025-07-13,Central,Online,Travel bag,Accessories,2,39900,23000,0,Completed
ORD-005674,2025-07-14,West,Store,Wireless headphones,Electronics,1,49900,29000,0,Completed
ORD-005675,2025-07-14,Central,Store,Bluetooth speaker,Electronics,1,34900,21000,15,Completed
ORD-005676,2025-07-14,South,Online,Laptop stand,Office,2,29900,16000,0,Completed
ORD-005677,2025-07-14,North,Online,Laptop stand,Office,2,29900,16000,15,Completed
ORD-005678,2025-07-14,West,Online,Travel bag,Accessories,3,39900,23000,15,Completed
ORD-005679,2025-07-14,South,Store,Laptop stand,Office,2,29900,16000,15,Completed
ORD-005680,2025-07-14,Central,Store,Travel bag,Accessories,3,39900,23000,20,Returned
ORD-005681,2025-07-14,Central,Store,Wireless headphones,Electronics,1,49900,29000,0,Completed
ORD-005682,2025-07-14,South,Online,Bluetooth speaker,Electronics,4,34900,21000,10,Completed
ORD-005683,2025-07-14,Central,Store,Travel bag,Accessories,3,39900,23000,20,Completed
ORD-005684,2025-07-14,West,Online,Travel bag,Accessories,3,39900,23000,0,Completed
ORD-005685,2025-07-14,Central,Store,Notebook pack,Office,1,8900,4000,15,Completed
ORD-005686,2025-07-15,Central,Online,Notebook pack,Office,2,8900,4000,0,Completed
ORD-005687,2025-07-15,Central,Online,Bluetooth speaker,Electronics,4,34900,21000,0,Completed
ORD-005688,2025-07-15,South,Online,Desk lamp,Home,4,24900,12500,15,Completed
ORD-005689,2025-07-15, South ,Online,Travel bag,Accessories,4,39900,23000,0,Completed
ORD-005690,2025-07-15,West,Online,Travel bag,Accessories,4,39900,23000,20,Completed
ORD-005691,2025-07-15,Central,Online,Desk lamp,Home,2,24900,12500,0,Completed
ORD-005692,2025-07-15,North,Online,Desk lamp,Home,1,24900,12500,0,Completed
ORD-005693,2025-07-15,West,Online,Wireless headphones,Electronics,3,49900,29000,0,Returned
ORD-005694,2025-07-15,North,Online,Wireless headphones,Electronics,1,49900,29000,10,Completed
ORD-005695,2025-07-15,Central,Store,Travel bag,Accessories,1,39900,23000,15,Completed
ORD-005696,2025-07-16,West,Online,Storage set,Home,2,17900,9500,0,Completed
ORD-005697,2025-07-16,Central,Online,Storage set,Home,3,17900,9500,0,Completed
ORD-005698,2025-07-16,North,Store,Laptop stand,Office,3,29900,16000,15,Completed
ORD-005699,2025-07-16,West,Store,Laptop stand,Office,1,29900,16000,0,Completed
ORD-005700,2025-07-16,Central,Online,Phone case,Accessories,2,9900,3500,0,Completed
ORD-005701,2025-07-16,Central,Store,Phone case,Accessories,4,9900,3500,0,Completed
ORD-005702,2025-07-16,South,Online,Desk lamp,Home,3,24900,12500,15,Completed
ORD-005703,2025-07-16,North,Online,Desk lamp,Home,1,24900,12500,10,Completed
ORD-005704,2025-07-16,Central,Store,Notebook pack,Office,2,8900,4000,10,Completed
ORD-005705,2025-07-16,West,Store,Storage set,Home,1,17900,9500,10,Completed
ORD-005706,2025-07-16,Central,Online,Desk lamp,Home,4,24900,12500,10,Completed
ORD-005707,2025-07-16,South,Online,Storage set,Home,4,17900,9500,0,Completed
ORD-005708,2025-07-17,North,Online,Phone case,Accessories,2,9900,3500,0,Returned
ORD-005709,2025-07-17,South,Online,Notebook pack,Office,1,8900,4000,0,Cancelled
ORD-005710,2025-07-17,South,Store,Phone case,Accessories,3,9900,3500,20,Completed
ORD-005711,2025-07-17,Central,Online,Storage set,Home,2,17900,9500,10,Completed
ORD-005712,2025-07-17,North,Online,Storage set,Home,3,17900,9500,0,Completed
ORD-005713,2025-07-17,Central,Store,Notebook pack,Office,3,8900,4000,0,Completed
ORD-005714,2025-07-17,North,Online,Storage set,Home,4,17900,9500,0,Completed
ORD-005715,2025-07-17,North,Store,Bluetooth speaker,Electronics,4,34900,21000,0,Completed
ORD-005716,2025-07-17,West,Store,Laptop stand,Office,3,29900,16000,0,Completed
ORD-005717,2025-07-17,Central,Store,Storage set,Home,1,17900,9500,20,Completed
ORD-005718,2025-07-17,Central,Online,Bluetooth speaker,Electronics,4,34900,21000,0,Completed
ORD-005719,2025-07-18,South,Online,Travel bag,Accessories,3,39900,23000,0,Completed
ORD-005720,2025-07-18,Central,Store,Desk lamp,Home,2,24900,12500,10,Completed
ORD-005721,2025-07-18,North,Online,Travel bag,Accessories,3,39900,23000,10,Completed
ORD-005722,2025-07-18,West,Store,Wireless headphones,Electronics,3,49900,29000,0,Completed
ORD-005723,2025-07-18,Central,Store,Laptop stand,Office,3,29900,16000,10,Completed
ORD-005724,2025-07-18,West,Store,Phone case,Accessories,4,9900,3500,0,Completed
ORD-005725,2025-07-18,Central,Online,Travel bag,Accessories,1,39900,23000,10,Completed
ORD-005726,2025-07-18,South,Online,Bluetooth speaker,Electronics,4,34900,21000,10,Completed
ORD-005727,2025-07-18,West,Online,Desk lamp,Home,3,24900,12500,20,Completed
ORD-005728,2025-07-18,Central,Online,Storage set,Home,1,17900,9500,0,Completed
ORD-005729,2025-07-19,North,Online,Phone case,Accessories,3,9900,3500,10,Completed
ORD-005730,2025-07-19,Central,Store,Phone case,Accessories,4,9900,3500,0,Completed
ORD-005731,2025-07-19,West,Store,Wireless headphones,Electronics,2,49900,29000,0,Completed
ORD-005732,2025-07-19,North,Store,Bluetooth speaker,Electronics,4,34900,21000,0,Completed
ORD-005733,2025-07-19,Central,Store,Storage set,Home,2,17900,9500,10,Completed
ORD-005734,2025-07-19,Central,Store,Laptop stand,Office,4,29900,16000,0,Completed
ORD-005735,2025-07-19,South,Online,Phone case,Accessories,1,9900,3500,0,Completed
ORD-005736,2025-07-19,Central,Online,Notebook pack,Office,2,8900,4000,0,Completed
ORD-005737,2025-07-19,Central,Online,Wireless headphones,Electronics,4,49900,29000,0,Completed
ORD-005738,2025-07-19,Central,Online,Travel bag,Accessories,3,39900,23000,0,Completed
ORD-005739,2025-07-19,West,Online,Phone case,Accessories,1,9900,3500,10,Completed
ORD-005740,2025-07-20,North,Online,Bluetooth speaker,Electronics,2,34900,21000,20,Completed
ORD-005741,2025-07-20,Central,Store,Desk lamp,Home,2,24900,12500,0,Cancelled
ORD-005742,2025-07-20,South,Online,Wireless headphones,Electronics,1,49900,29000,0,Completed
ORD-005743,2025-07-20,Central,Store,Laptop stand,Office,4,29900,16000,10,Completed
ORD-005744,2025-07-20,North,Online,Wireless headphones,Electronics,1,49900,29000,20,Returned
ORD-005745,2025-07-20,Central,Online,Phone case,Accessories,3,9900,3500,0,Completed
ORD-005746,2025-07-20,South,Store,Storage set,Home,3,17900,9500,0,Completed
ORD-005747,2025-07-20,West,Store,Storage set,Home,1,17900,9500,0,Completed
ORD-005748,2025-07-20,North,Online,Storage set,Home,4,17900,9500,0,Completed
ORD-005749,2025-07-20,North,Store,Desk lamp,Home,3,24900,12500,0,Returned
ORD-005750,2025-07-20,South,Store,Laptop stand,Office,3,29900,16000,10,Completed
ORD-005751,2025-07-20,Central,Online,Wireless headphones,Electronics,3,49900,29000,15,Completed
ORD-005752,2025-07-20,North,Online,Laptop stand,Office,1,29900,16000,15,Completed
ORD-005753,2025-07-20,South,Store,Phone case,Accessories,1,9900,3500,10,Completed
ORD-005754,2025-07-20,Central,Online,Desk lamp,Home,4,24900,12500,10,Cancelled
ORD-005755,2025-07-21,North,Store,Travel bag,Accessories,2,39900,23000,15,Completed
ORD-005756,2025-07-21,West,Store,Notebook pack,Office,2,8900,4000,10,Completed
ORD-005757,2025-07-21,South,Online,Wireless headphones,Electronics,4,49900,29000,0,Completed
ORD-005758,2025-07-21,Central,Store,Laptop stand,Office,2,29900,16000,0,Completed
ORD-005759,2025-07-21,Central,Online,Storage set,Home,2,17900,9500,10,Completed
ORD-005760,2025-07-21,South,Online,Phone case,Accessories,4,9900,3500,0,Completed
ORD-005761,2025-07-21,Central,Online,Wireless headphones,Electronics,3,49900,29000,0,Completed
ORD-005762,2025-07-21,Central,Store,Bluetooth speaker,Electronics,1,34900,21000,0,Completed
ORD-005763,2025-07-21,North,Online,Travel bag,Accessories,4,39900,23000,0,Completed
ORD-005764,2025-07-21,South,Store,Bluetooth speaker,Electronics,2,34900,21000,10,Completed
ORD-005765,2025-07-21,West,Online,Wireless headphones,Electronics,4,49900,29000,0,Completed
ORD-005766,2025-07-21,Central,Store,Wireless headphones,Electronics,2,49900,29000,0,Completed
ORD-005767,2025-07-21,Central,Online,Storage set,Home,4,17900,9500,0,Completed
ORD-005768,2025-07-22, West ,Online,Laptop stand,Office,2,29900,16000,0,Completed
ORD-005769,2025-07-22,North,Store,Phone case,Accessories,3,9900,3500,0,Completed
ORD-005770,2025-07-22,South,Online,Laptop stand,Office,3,29900,16000,0,Completed
ORD-005771,2025-07-22,Central,Store,Desk lamp,Home,3,24900,12500,10,Returned
ORD-005772,2025-07-22,West,Online,Desk lamp,Home,4,24900,12500,10,Returned
ORD-005773,2025-07-22,South,Store,Wireless headphones,Electronics,3,49900,29000,20,Completed
ORD-005774,2025-07-22,West,Online,Bluetooth speaker,Electronics,4,34900,21000,0,Completed
ORD-005775,2025-07-22,Central,Online,Storage set,Home,3,17900,9500,0,Completed
ORD-005776,2025-07-22,Central,Online,Travel bag,Accessories,3,39900,23000,0,Completed
ORD-005777,2025-07-23,Central,Online,Storage set,Home,1,17900,9500,15,Completed
ORD-005778,2025-07-23,Central,Online,Travel bag,Accessories,4,39900,23000,0,Returned
ORD-005779,2025-07-23,Central,Store,Wireless headphones,Electronics,3,49900,29000,0,Completed
ORD-005780,2025-07-23,West,Online,Storage set,Home,2,17900,9500,0,Cancelled
ORD-005781,2025-07-23,North,Store,Notebook pack,Office,4,8900,4000,0,Completed
ORD-005782,2025-07-23,South,Store,Notebook pack,Office,2,8900,4000,0,Completed
ORD-005783,2025-07-23,West,Online,Wireless headphones,Electronics,2,49900,29000,20,Cancelled
ORD-005784,2025-07-24,North,Online,Phone case,Accessories,4,9900,3500,10,Completed
ORD-005785,2025-07-24,South,Online,Travel bag,Accessories,3,39900,23000,0,Completed
ORD-005786,2025-07-24,West,Store,Desk lamp,Home,4,24900,12500,0,Completed
ORD-005787,2025-07-24,South,Online,Notebook pack,Office,4,8900,4000,10,Completed
ORD-005788,2025-07-24,Central,Online,Travel bag,Accessories,2,39900,23000,20,Completed
ORD-005789,2025-07-24,North,Online,Desk lamp,Home,3,24900,12500,0,Completed
ORD-005790,2025-07-24,West,Store,Desk lamp,Home,2,24900,12500,0,Completed
ORD-005791,2025-07-24,Central,Online,Travel bag,Accessories,3,39900,23000,15,Completed
ORD-005792,2025-07-24,Central,Online,Notebook pack,Office,1,8900,4000,15,Completed
ORD-005793,2025-07-25,North,Store,Storage set,Home,1,17900,9500,15,Completed
ORD-005794,2025-07-25,North,Store,Storage set,Home,2,17900,9500,0,Completed
ORD-005795,2025-07-25,Central,Online,Storage set,Home,1,17900,9500,0,Completed
ORD-005796,2025-07-25,Central,Online,Travel bag,Accessories,4,39900,23000,10,Completed
ORD-005797,2025-07-25,West,Store,Desk lamp,Home,1,24900,12500,0,Completed
ORD-005798,2025-07-25,West,Online,Travel bag,Accessories,3,39900,23000,20,Completed
ORD-005799,2025-07-25,Central,Store,Phone case,Accessories,2,9900,3500,0,Completed
ORD-005800,2025-07-25,Central,Online,Notebook pack,Office,3,8900,4000,0,Returned
ORD-005801,2025-07-25,Central,Online,Storage set,Home,2,17900,9500,0,Completed
ORD-005802,2025-07-25,Central,Online,Laptop stand,Office,2,29900,16000,10,Cancelled
ORD-005803,2025-07-25,Central,Online,Desk lamp,Home,2,24900,12500,10,Completed
ORD-005804,2025-07-25,Central,Store,Wireless headphones,Electronics,4,49900,29000,0,Completed
ORD-005805,2025-07-26,West,Online,Travel bag,Accessories,2,39900,23000,15,Completed
ORD-005806,2025-07-26,West,Online,Storage set,Home,1,17900,9500,0,Completed
ORD-005807,2025-07-26,Central,Store,Travel bag,Accessories,2,39900,23000,0,Completed
ORD-005808,2025-07-26,Central,Online,Notebook pack,Office,1,8900,4000,0,Completed
ORD-005809,2025-07-26,North,Store,Travel bag,Accessories,3,39900,23000,0,Completed
ORD-005810,2025-07-26,Central,Online,Wireless headphones,Electronics,1,49900,29000,0,Completed
ORD-005811,2025-07-26,West,Store,Travel bag,Accessories,1,39900,23000,0,Completed
ORD-005812,2025-07-26,Central,Online,Wireless headphones,Electronics,1,49900,29000,0,Completed
ORD-005813,2025-07-26,Central,Store,Notebook pack,Office,1,8900,4000,20,Completed
ORD-005814,2025-07-26,West,Online,Desk lamp,Home,1,24900,12500,0,Completed
ORD-005815,2025-07-27,West,Store,Notebook pack,Office,2,8900,4000,15,Completed
ORD-005816,2025-07-27,Central,Online,Bluetooth speaker,Electronics,2,34900,21000,20,Completed
ORD-005817,2025-07-27,West,Online,Storage set,Home,3,17900,9500,0,Completed
ORD-005818,2025-07-27,Central,Store,Wireless headphones,Electronics,1,49900,29000,10,Completed
ORD-005819,2025-07-27,North,Online,Notebook pack,Office,1,8900,4000,20,Completed
ORD-005820,2025-07-27,West,Online,Wireless headphones,Electronics,1,49900,29000,0,Completed
ORD-005821,2025-07-27,South,Store,Storage set,Home,4,17900,9500,10,Completed
ORD-005822,2025-07-27,Central,Store,Notebook pack,Office,1,8900,4000,0,Returned
ORD-005823,2025-07-27,Central,Store,Desk lamp,Home,2,24900,12500,0,Completed
ORD-005824,2025-07-27,Central,Store,Desk lamp,Home,1,24900,12500,0,Completed
ORD-005825,2025-07-27,Central,Store,Wireless headphones,Electronics,3,49900,29000,0,Completed
ORD-005826,2025-07-27,South,Online,Travel bag,Accessories,2,39900,23000,0,Completed
ORD-005827,2025-07-27,West,Store,Notebook pack,Office,1,8900,4000,0,Completed
ORD-005828,2025-07-28,West,Store,Laptop stand,Office,2,29900,16000,15,Completed
ORD-005829,2025-07-28,Central,Store,Wireless headphones,Electronics,2,49900,29000,0,Completed
ORD-005830,2025-07-28,Central,Store,Desk lamp,Home,2,24900,12500,10,Completed
ORD-005831,2025-07-28,Central,Online,Storage set,Home,1,17900,9500,10,Returned
ORD-005832,2025-07-28,Central,Online,Storage set,Home,3,17900,9500,0,Completed
ORD-005833,2025-07-28,North,Store,Laptop stand,Office,3,29900,16000,10,Completed
ORD-005834,2025-07-28,West,Online,Storage set,Home,3,17900,9500,15,Completed
ORD-005835,2025-07-28,South,Store,Travel bag,Accessories,1,39900,23000,0,Completed
ORD-005836,2025-07-28,West,Store,Notebook pack,Office,3,8900,4000,20,Completed
ORD-005837,2025-07-29,Central,Online,Bluetooth speaker,Electronics,3,34900,21000,0,Completed
ORD-005838,2025-07-29,Central,Online,Storage set,Home,1,17900,9500,10,Completed
ORD-005839,2025-07-29,Central,Online,Laptop stand,Office,2,29900,16000,0,Completed
ORD-005840,2025-07-29,North,Store,Phone case,Accessories,1,9900,3500,0,Completed
ORD-005841,2025-07-29,Central,Store,Notebook pack,Office,3,8900,4000,20,Completed
ORD-005842,2025-07-29,South,Online,Notebook pack,Office,2,8900,4000,0,Completed
ORD-005843,2025-07-29,Central,Store,Travel bag,Accessories,4,39900,23000,0,Completed
ORD-005844,2025-07-29,West,Store,Wireless headphones,Electronics,4,49900,29000,0,Completed
ORD-005845,2025-07-29,Central,Online,Bluetooth speaker,Electronics,2,34900,21000,0,Completed
ORD-005846,2025-07-29,West,Store,Desk lamp,Home,3,24900,12500,0,Completed
ORD-005847,2025-07-29, West ,Online,Storage set,Home,1,17900,9500,0,Completed
ORD-005848,2025-07-29,Central,Online,Notebook pack,Office,2,8900,4000,10,Completed
ORD-005849,2025-07-29,West,Store,Laptop stand,Office,2,29900,16000,10,Completed
ORD-005850,2025-07-29,Central,Online,Storage set,Home,4,17900,9500,0,Completed
ORD-005851,2025-07-30,Central,Online,Storage set,Home,3,17900,9500,0,Completed
ORD-005852,2025-07-30,West,Online,Storage set,Home,2,17900,9500,20,Completed
ORD-005853,2025-07-30,Central,Online,Notebook pack,Office,4,8900,4000,0,Completed
ORD-005854,2025-07-30,Central,Store,Notebook pack,Office,4,8900,4000,15,Completed
ORD-005855,2025-07-30,North,Online,Wireless headphones,Electronics,4,49900,29000,15,Completed
ORD-005856,2025-07-30,Central,Online,Notebook pack,Office,4,8900,4000,15,Completed
ORD-005857,2025-07-30,South,Online,Wireless headphones,Electronics,1,49900,29000,10,Completed
ORD-005858,2025-07-30,West,Online,Travel bag,Accessories,4,39900,23000,20,Completed
ORD-005859,2025-07-31,West,Online,Bluetooth speaker,Electronics,2,34900,21000,10,Completed
ORD-005860,2025-07-31,Central,Store,Notebook pack,Office,4,8900,4000,0,Completed
ORD-005861,2025-07-31,West,Online,Bluetooth speaker,Electronics,1,34900,21000,0,Completed
ORD-005862,2025-07-31,West,Online,Phone case,Accessories,3,9900,3500,15,Completed
ORD-005863,2025-07-31,West,Store,Desk lamp,Home,4,24900,12500,10,Completed
ORD-005864,2025-07-31,West,Online,Travel bag,Accessories,1,39900,23000,0,Completed
ORD-005865,2025-07-31,Central,Online,Desk lamp,Home,1,24900,12500,0,Completed
ORD-005866,2025-07-31,Central,Online,Notebook pack,Office,4,8900,4000,0,Returned
ORD-005867,2025-07-31,Central,Store,Desk lamp,Home,2,24900,12500,0,Completed
ORD-005868,2025-07-31,West,Online,Desk lamp,Home,1,24900,12500,0,Completed
ORD-005869,2025-07-31,West,Online,Notebook pack,Office,1,8900,4000,10,Completed
ORD-005870,2025-07-31,North,Store,Laptop stand,Office,3,29900,16000,15,Completed
ORD-005871,2025-07-31,North,Store,Storage set,Home,2,17900,9500,0,Completed
ORD-005872,2025-08-01,Central,Online,Notebook pack,Office,4,8900,4000,0,Completed
ORD-005873,2025-08-01,West,Store,Travel bag,Accessories,3,39900,23000,0,Returned
ORD-005874,2025-08-01,Central,Online,Bluetooth speaker,Electronics,1,34900,21000,0,Completed
ORD-005875,2025-08-01,West,Online,Wireless headphones,Electronics,1,49900,29000,0,Completed
ORD-005876,2025-08-01,North,Online,Bluetooth speaker,Electronics,1,34900,21000,0,Cancelled
ORD-005877,2025-08-01,North,Online,Phone case,Accessories,2,9900,3500,0,Completed
ORD-005878,2025-08-01,West,Online,Notebook pack,Office,4,8900,4000,20,Completed
ORD-005879,2025-08-01,West,Store,Laptop stand,Office,2,29900,16000,15,Completed
ORD-005880,2025-08-02,West,Online,Storage set,Home,3,17900,9500,20,Completed
ORD-005881,2025-08-02,Central,Store,Notebook pack,Office,2,8900,4000,20,Completed
ORD-005882,2025-08-02,West,Store,Bluetooth speaker,Electronics,3,34900,21000,0,Completed
ORD-005883,2025-08-02,Central,Store,Desk lamp,Home,1,24900,12500,10,Completed
ORD-005884,2025-08-02,Central,Online,Phone case,Accessories,2,9900,3500,10,Completed
ORD-005885,2025-08-02,Central,Store,Bluetooth speaker,Electronics,1,34900,21000,0,Cancelled
ORD-005886,2025-08-02,Central,Store,Desk lamp,Home,1,24900,12500,0,Completed
ORD-005887,2025-08-02,Central,Online,Bluetooth speaker,Electronics,4,34900,21000,0,Completed
ORD-005888,2025-08-02,Central,Store,Wireless headphones,Electronics,4,49900,29000,0,Completed
ORD-005889,2025-08-02,North,Online,Phone case,Accessories,3,9900,3500,0,Completed
ORD-005890,2025-08-02,North,Store,Laptop stand,Office,2,29900,16000,0,Completed
ORD-005891,2025-08-02,South,Online,Wireless headphones,Electronics,1,49900,29000,0,Completed
ORD-005892,2025-08-02,Central,Store,Phone case,Accessories,2,9900,3500,15,Completed
ORD-005893,2025-08-02,West,Online,Desk lamp,Home,1,24900,12500,0,Cancelled
ORD-005894,2025-08-02,South,Online,Storage set,Home,3,17900,9500,20,Completed
ORD-005895,2025-08-02,North,Online,Phone case,Accessories,3,9900,3500,0,Completed
ORD-005896,2025-08-03,South,Online,Wireless headphones,Electronics,1,49900,29000,0,Returned
ORD-005897,2025-08-03,South,Store,Notebook pack,Office,1,8900,4000,10,Completed
ORD-005898,2025-08-03,Central,Online,Bluetooth speaker,Electronics,4,34900,21000,0,Completed
ORD-005899,2025-08-03,West,Store,Desk lamp,Home,4,24900,12500,0,Completed
ORD-005900,2025-08-03,Central,Online,Notebook pack,Office,2,8900,4000,10,Completed
ORD-005901,2025-08-03,South,Store,Desk lamp,Home,4,24900,12500,20,Completed
ORD-005902,2025-08-03,Central,Online,Notebook pack,Office,4,8900,4000,20,Completed
ORD-005903,2025-08-03,Central,Store,Wireless headphones,Electronics,2,49900,29000,20,Completed
ORD-005904,2025-08-03,Central,Online,Notebook pack,Office,2,8900,4000,0,Completed
ORD-005905,2025-08-03,Central,Online,Travel bag,Accessories,3,39900,23000,0,Completed
ORD-005906,2025-08-03,North,Online,Bluetooth speaker,Electronics,3,34900,21000,10,Cancelled
ORD-005907,2025-08-04,West,Online,Notebook pack,Office,3,8900,4000,0,Completed
ORD-005908,2025-08-04,West,Online,Phone case,Accessories,1,9900,3500,0,Completed
ORD-005909,2025-08-04,South,Store,Travel bag,Accessories,3,39900,23000,0,Completed
ORD-005910,2025-08-04,Central,Online,Travel bag,Accessories,1,39900,23000,0,Completed
ORD-005911,2025-08-04,North,Online,Notebook pack,Office,4,8900,4000,10,Completed
ORD-005912,2025-08-04,Central,Online,Storage set,Home,3,17900,9500,0,Completed
ORD-005913,2025-08-04,Central,Online,Desk lamp,Home,3,24900,12500,15,Completed
ORD-005914,2025-08-05,South,Online,Bluetooth speaker,Electronics,2,34900,21000,0,Returned
ORD-005915,2025-08-05,West,Online,Travel bag,Accessories,4,39900,23000,0,Completed
ORD-005916,2025-08-05,West,Online,Travel bag,Accessories,2,39900,23000,0,Completed
ORD-005917,2025-08-05,West,Store,Laptop stand,Office,1,29900,16000,10,Completed
ORD-005918,2025-08-05,North,Online,Wireless headphones,Electronics,1,49900,29000,0,Completed
ORD-005919,2025-08-05,South,Online,Bluetooth speaker,Electronics,1,34900,21000,10,Completed
ORD-005920,2025-08-05,Central,Store,Laptop stand,Office,3,29900,16000,0,Completed
ORD-005921,2025-08-06,West,Online,Desk lamp,Home,4,24900,12500,10,Completed
ORD-005922,2025-08-06,West,Online,Wireless headphones,Electronics,1,49900,29000,0,Completed
ORD-005923,2025-08-06,Central,Store,Wireless headphones,Electronics,1,49900,29000,0,Completed
ORD-005924,2025-08-06,Central,Store,Storage set,Home,1,17900,9500,0,Completed
ORD-005925,2025-08-06,South,Store,Bluetooth speaker,Electronics,3,34900,21000,0,Returned
ORD-005926,2025-08-06, Central ,Store,Storage set,Home,4,17900,9500,15,Completed
ORD-005927,2025-08-06,South,Store,Wireless headphones,Electronics,2,49900,29000,20,Completed
ORD-005928,2025-08-06,South,Online,Travel bag,Accessories,2,39900,23000,20,Completed
ORD-005929,2025-08-07,West,Store,Travel bag,Accessories,3,39900,23000,0,Completed
ORD-005930,2025-08-07,South,Store,Notebook pack,Office,4,8900,4000,10,Completed
ORD-005931,2025-08-07,South,Store,Laptop stand,Office,3,29900,16000,0,Completed
ORD-005932,2025-08-07,South,Store,Notebook pack,Office,4,8900,4000,0,Completed
ORD-005933,2025-08-07,Central,Online,Wireless headphones,Electronics,3,49900,29000,10,Completed
ORD-005934,2025-08-07,Central,Store,Notebook pack,Office,1,8900,4000,10,Completed
ORD-005935,2025-08-07,West,Store,Phone case,Accessories,1,9900,3500,0,Completed
ORD-005936,2025-08-07,West,Online,Notebook pack,Office,4,8900,4000,0,Completed
ORD-005937,2025-08-07,Central,Online,Laptop stand,Office,2,29900,16000,15,Completed
ORD-005938,2025-08-07,Central,Store,Notebook pack,Office,2,8900,4000,15,Completed
ORD-005939,2025-08-07,West,Store,Desk lamp,Home,4,24900,12500,0,Completed
ORD-005940,2025-08-08,North,Online,Travel bag,Accessories,3,39900,23000,15,Returned
ORD-005941,2025-08-08,Central,Online,Notebook pack,Office,4,8900,4000,0,Completed
ORD-005942,2025-08-08,West,Online,Notebook pack,Office,2,8900,4000,0,Cancelled
ORD-005943,2025-08-08,Central,Store,Storage set,Home,3,17900,9500,15,Completed
ORD-005944,2025-08-08,Central,Online,Phone case,Accessories,1,9900,3500,0,Completed
ORD-005945,2025-08-08,Central,Store,Travel bag,Accessories,2,39900,23000,0,Returned
ORD-005946,2025-08-08,West,Store,Travel bag,Accessories,4,39900,23000,10,Completed
ORD-005947,2025-08-08,Central,Online,Travel bag,Accessories,2,39900,23000,0,Completed
ORD-005948,2025-08-08,North,Online,Laptop stand,Office,3,29900,16000,20,Completed
ORD-005949,2025-08-09,North,Store,Wireless headphones,Electronics,2,49900,29000,15,Completed
ORD-005950,2025-08-09,Central,Store,Phone case,Accessories,1,9900,3500,0,Completed
ORD-005951,2025-08-09,West,Online,Notebook pack,Office,4,8900,4000,10,Completed
ORD-005952,2025-08-09,Central,Store,Laptop stand,Office,2,29900,16000,0,Cancelled
ORD-005953,2025-08-09,South,Store,Laptop stand,Office,1,29900,16000,10,Completed
ORD-005954,2025-08-09,West,Online,Storage set,Home,4,17900,9500,15,Completed
ORD-005955,2025-08-09,West,Store,Phone case,Accessories,4,9900,3500,0,Completed
ORD-005956,2025-08-09,Central,Store,Laptop stand,Office,2,29900,16000,10,Completed
ORD-005957,2025-08-09,North,Store,Bluetooth speaker,Electronics,3,34900,21000,0,Completed
ORD-005958,2025-08-09,Central,Online,Laptop stand,Office,2,29900,16000,0,Completed
ORD-005959,2025-08-09,Central,Online,Phone case,Accessories,3,9900,3500,10,Completed
ORD-005960,2025-08-09,North,Online,Laptop stand,Office,2,29900,16000,20,Completed
ORD-005961,2025-08-09,North,Store,Laptop stand,Office,4,29900,16000,0,Completed
ORD-005962,2025-08-09,Central,Online,Phone case,Accessories,3,9900,3500,0,Cancelled
ORD-005963,2025-08-09,Central,Online,Notebook pack,Office,3,8900,4000,0,Completed
ORD-005964,2025-08-09,Central,Online,Wireless headphones,Electronics,2,49900,29000,0,Completed
ORD-005965,2025-08-10,North,Store,Laptop stand,Office,3,29900,16000,0,Returned
ORD-005966,2025-08-10,Central,Online,Storage set,Home,3,17900,9500,0,Completed
ORD-005967,2025-08-10,South,Store,Travel bag,Accessories,2,39900,23000,10,Completed
ORD-005968,2025-08-10,Central,Store,Notebook pack,Office,1,8900,4000,0,Cancelled
ORD-005969,2025-08-10,Central,Online,Notebook pack,Office,4,8900,4000,10,Completed
ORD-005970,2025-08-10,South,Online,Phone case,Accessories,4,9900,3500,10,Completed
ORD-005971,2025-08-10,Central,Store,Bluetooth speaker,Electronics,4,34900,21000,0,Completed
ORD-005972,2025-08-10,West,Store,Bluetooth speaker,Electronics,3,34900,21000,10,Completed
ORD-005973,2025-08-10,West,Online,Notebook pack,Office,1,8900,4000,0,Completed
ORD-005974,2025-08-10,North,Store,Phone case,Accessories,3,9900,3500,20,Completed
ORD-005975,2025-08-10,Central,Online,Laptop stand,Office,4,29900,16000,0,Completed
ORD-005976,2025-08-10,West,Online,Travel bag,Accessories,4,39900,23000,10,Completed
ORD-005977,2025-08-10,South,Store,Phone case,Accessories,2,9900,3500,0,Completed
ORD-005978,2025-08-10,North,Online,Bluetooth speaker,Electronics,3,34900,21000,0,Completed
ORD-005979,2025-08-10,South,Online,Travel bag,Accessories,3,39900,23000,0,Completed
ORD-005980,2025-08-10,North,Store,Notebook pack,Office,1,8900,4000,0,Completed
ORD-005981,2025-08-11,South,Online,Wireless headphones,Electronics,3,49900,29000,10,Completed
ORD-005982,2025-08-11,West,Online,Phone case,Accessories,2,9900,3500,0,Completed
ORD-005983,2025-08-11,West,Store,Laptop stand,Office,4,29900,16000,0,Completed
ORD-005984,2025-08-11,South,Store,Desk lamp,Home,2,24900,12500,15,Returned
ORD-005985,2025-08-11,North,Online,Notebook pack,Office,4,8900,4000,0,Completed
ORD-005986,2025-08-11,South,Store,Desk lamp,Home,3,24900,12500,0,Returned
ORD-005987,2025-08-11,Central,Online,Notebook pack,Office,3,8900,4000,10,Completed
ORD-005988,2025-08-11,Central,Online,Phone case,Accessories,2,9900,3500,0,Completed
ORD-005989,2025-08-12,Central,Online,Phone case,Accessories,1,9900,3500,0,Completed
ORD-005990,2025-08-12,South,Online,Phone case,Accessories,4,9900,3500,20,Completed
ORD-005991,2025-08-12,West,Online,Desk lamp,Home,4,24900,12500,0,Completed
ORD-005992,2025-08-12,Central,Online,Wireless headphones,Electronics,4,49900,29000,0,Completed
ORD-005993,2025-08-12,South,Online,Travel bag,Accessories,3,39900,23000,0,Completed
ORD-005994,2025-08-12,Central,Store,Bluetooth speaker,Electronics,2,34900,21000,0,Completed
ORD-005995,2025-08-12,Central,Store,Travel bag,Accessories,2,39900,23000,10,Completed
ORD-005996,2025-08-12,North,Store,Storage set,Home,4,17900,9500,20,Completed
ORD-005997,2025-08-12,South,Store,Notebook pack,Office,3,8900,4000,0,Completed
ORD-005998,2025-08-12,Central,Online,Travel bag,Accessories,1,39900,23000,0,Completed
ORD-005999,2025-08-12,West,Store,Bluetooth speaker,Electronics,2,34900,21000,0,Completed
ORD-006000,2025-08-12,West,Store,Laptop stand,Office,3,29900,16000,20,Completed
ORD-006001,2025-08-13,South,Online,Desk lamp,Home,2,24900,12500,10,Completed
ORD-006002,2025-08-13,North,Online,Storage set,Home,2,17900,9500,15,Returned
ORD-006003,2025-08-13,Central,Online,Notebook pack,Office,2,8900,4000,0,Completed
ORD-006004,2025-08-13,North,Store,Notebook pack,Office,3,8900,4000,0,Cancelled
ORD-006005,2025-08-13, West ,Online,Storage set,Home,4,17900,9500,0,Completed
ORD-006006,2025-08-13,West,Online,Bluetooth speaker,Electronics,1,34900,21000,0,Completed
ORD-006007,2025-08-13,West,Store,Phone case,Accessories,1,9900,3500,15,Completed
ORD-006008,2025-08-13,North,Store,Bluetooth speaker,Electronics,3,34900,21000,10,Completed
ORD-006009,2025-08-14,West,Store,Phone case,Accessories,2,9900,3500,10,Completed
ORD-006010,2025-08-14,Central,Store,Desk lamp,Home,2,24900,12500,10,Completed
ORD-006011,2025-08-14,Central,Online,Travel bag,Accessories,1,39900,23000,0,Completed
ORD-006012,2025-08-14,Central,Store,Wireless headphones,Electronics,4,49900,29000,10,Completed
ORD-006013,2025-08-14,Central,Store,Bluetooth speaker,Electronics,2,34900,21000,20,Returned
ORD-006014,2025-08-14,North,Online,Wireless headphones,Electronics,2,49900,29000,0,Completed
ORD-006015,2025-08-14,Central,Online,Bluetooth speaker,Electronics,2,34900,21000,0,Completed
ORD-006016,2025-08-14,North,Online,Wireless headphones,Electronics,3,49900,29000,0,Completed
ORD-006017,2025-08-14,South,Store,Bluetooth speaker,Electronics,1,34900,21000,0,Completed
ORD-006018,2025-08-14,North,Online,Notebook pack,Office,4,8900,4000,10,Completed
ORD-006019,2025-08-15,South,Online,Notebook pack,Office,2,8900,4000,10,Completed
ORD-006020,2025-08-15,South,Online,Desk lamp,Home,4,24900,12500,10,Completed
ORD-006021,2025-08-15,Central,Store,Travel bag,Accessories,2,39900,23000,10,Completed
ORD-006022,2025-08-15,South,Online,Desk lamp,Home,2,24900,12500,0,Completed
ORD-006023,2025-08-15,Central,Online,Phone case,Accessories,3,9900,3500,10,Completed
ORD-006024,2025-08-15,Central,Store,Travel bag,Accessories,4,39900,23000,0,Completed
ORD-006025,2025-08-15,Central,Online,Phone case,Accessories,3,9900,3500,0,Completed
ORD-006026,2025-08-15,West,Online,Desk lamp,Home,1,24900,12500,20,Completed
ORD-006027,2025-08-15,South,Online,Notebook pack,Office,1,8900,4000,20,Completed
ORD-006028,2025-08-15,West,Store,Travel bag,Accessories,3,39900,23000,10,Completed
ORD-006029,2025-08-15,Central,Store,Notebook pack,Office,3,8900,4000,0,Completed
ORD-006030,2025-08-15,Central,Online,Travel bag,Accessories,3,39900,23000,0,Completed
ORD-006031,2025-08-16,Central,Store,Phone case,Accessories,4,9900,3500,0,Completed
ORD-006032,2025-08-16,Central,Online,Laptop stand,Office,2,29900,16000,0,Completed
ORD-006033,2025-08-16,Central,Online,Phone case,Accessories,2,9900,3500,0,Completed
ORD-006034,2025-08-16,North,Store,Desk lamp,Home,4,24900,12500,20,Completed
ORD-006035,2025-08-16,South,Online,Bluetooth speaker,Electronics,1,34900,21000,0,Completed
ORD-006036,2025-08-16,South,Store,Storage set,Home,2,17900,9500,0,Completed
ORD-006037,2025-08-16,West,Online,Notebook pack,Office,3,8900,4000,0,Returned
ORD-006038,2025-08-16,Central,Online,Wireless headphones,Electronics,4,49900,29000,0,Completed
ORD-006039,2025-08-16,North,Online,Travel bag,Accessories,3,39900,23000,20,Completed
ORD-006040,2025-08-16,West,Online,Storage set,Home,1,17900,9500,0,Completed
ORD-006041,2025-08-16,South,Store,Notebook pack,Office,1,8900,4000,0,Completed
ORD-006042,2025-08-16,Central,Online,Storage set,Home,4,17900,9500,10,Completed
ORD-006043,2025-08-17,Central,Online,Laptop stand,Office,3,29900,16000,20,Completed
ORD-006044,2025-08-17,North,Online,Phone case,Accessories,3,9900,3500,20,Completed
ORD-006045,2025-08-17,North,Online,Travel bag,Accessories,3,39900,23000,0,Completed
ORD-006046,2025-08-17,Central,Online,Phone case,Accessories,4,9900,3500,10,Completed
ORD-006047,2025-08-17,Central,Online,Storage set,Home,4,17900,9500,0,Returned
ORD-006048,2025-08-17,West,Store,Bluetooth speaker,Electronics,1,34900,21000,20,Completed
ORD-006049,2025-08-17,Central,Online,Phone case,Accessories,2,9900,3500,0,Completed
ORD-006050,2025-08-17,South,Online,Wireless headphones,Electronics,1,49900,29000,0,Completed
ORD-006051,2025-08-17,Central,Online,Laptop stand,Office,2,29900,16000,0,Completed
ORD-006052,2025-08-17,North,Store,Laptop stand,Office,1,29900,16000,0,Completed
ORD-006053,2025-08-17,Central,Online,Desk lamp,Home,4,24900,12500,0,Completed
ORD-006054,2025-08-17,Central,Store,Storage set,Home,1,17900,9500,10,Completed
ORD-006055,2025-08-17,Central,Online,Notebook pack,Office,2,8900,4000,15,Completed
ORD-006056,2025-08-17,Central,Store,Phone case,Accessories,1,9900,3500,0,Cancelled
ORD-006057,2025-08-17,Central,Store,Desk lamp,Home,1,24900,12500,0,Returned
ORD-006058,2025-08-17,South,Store,Phone case,Accessories,3,9900,3500,10,Completed
ORD-006059,2025-08-18,West,Online,Phone case,Accessories,4,9900,3500,0,Completed
ORD-006060,2025-08-18,Central,Online,Phone case,Accessories,2,9900,3500,15,Completed
ORD-006061,2025-08-18,North,Online,Travel bag,Accessories,4,39900,23000,0,Completed
ORD-006062,2025-08-18,West,Store,Notebook pack,Office,1,8900,4000,10,Completed
ORD-006063,2025-08-18,South,Online,Notebook pack,Office,2,8900,4000,10,Completed
ORD-006064,2025-08-18,South,Online,Wireless headphones,Electronics,4,49900,29000,10,Completed
ORD-006065,2025-08-18,Central,Online,Desk lamp,Home,2,24900,12500,0,Completed
ORD-006066,2025-08-18,Central,Online,Wireless headphones,Electronics,1,49900,29000,10,Completed
ORD-006067,2025-08-18,North,Online,Bluetooth speaker,Electronics,2,34900,21000,0,Completed
ORD-006068,2025-08-19,Central,Store,Desk lamp,Home,1,24900,12500,10,Completed
ORD-006069,2025-08-19,South,Store,Phone case,Accessories,3,9900,3500,0,Completed
ORD-006070,2025-08-19,West,Store,Notebook pack,Office,1,8900,4000,0,Completed
ORD-006071,2025-08-19,South,Online,Notebook pack,Office,4,8900,4000,0,Completed
ORD-006072,2025-08-19,North,Online,Notebook pack,Office,1,8900,4000,0,Completed
ORD-006073,2025-08-19,Central,Online,Wireless headphones,Electronics,2,49900,29000,0,Completed
ORD-006074,2025-08-19,Central,Online,Bluetooth speaker,Electronics,4,34900,21000,10,Completed
ORD-006075,2025-08-19,Central,Store,Desk lamp,Home,3,24900,12500,0,Completed
ORD-006076,2025-08-19,North,Store,Desk lamp,Home,2,24900,12500,0,Completed
ORD-006077,2025-08-19,Central,Online,Bluetooth speaker,Electronics,4,34900,21000,10,Completed
ORD-006078,2025-08-19,Central,Online,Notebook pack,Office,3,8900,4000,10,Completed
ORD-006079,2025-08-19,West,Store,Travel bag,Accessories,1,39900,23000,0,Completed
ORD-006080,2025-08-19,Central,Store,Travel bag,Accessories,1,39900,23000,20,Completed
ORD-006081,2025-08-19,West,Online,Notebook pack,Office,3,8900,4000,0,Completed
ORD-006082,2025-08-20,North,Online,Laptop stand,Office,4,29900,16000,0,Completed
ORD-006083,2025-08-20,West,Online,Notebook pack,Office,2,8900,4000,0,Completed
ORD-006084,2025-08-20, North ,Online,Bluetooth speaker,Electronics,3,34900,21000,15,Completed
ORD-006085,2025-08-20,Central,Online,Desk lamp,Home,3,24900,12500,10,Completed
ORD-006086,2025-08-20,North,Online,Desk lamp,Home,3,24900,12500,20,Completed
ORD-006087,2025-08-20,North,Online,Laptop stand,Office,4,29900,16000,10,Returned
ORD-006088,2025-08-20,South,Online,Laptop stand,Office,4,29900,16000,0,Completed
ORD-006089,2025-08-20,West,Store,Travel bag,Accessories,1,39900,23000,0,Completed
ORD-006090,2025-08-20,West,Online,Travel bag,Accessories,3,39900,23000,0,Completed
ORD-006091,2025-08-20,North,Online,Notebook pack,Office,3,8900,4000,0,Completed
ORD-006092,2025-08-20,North,Online,Desk lamp,Home,4,24900,12500,15,Completed
ORD-006093,2025-08-20,West,Online,Wireless headphones,Electronics,3,49900,29000,10,Completed
ORD-006094,2025-08-21,West,Online,Wireless headphones,Electronics,4,49900,29000,0,Completed
ORD-006095,2025-08-21,Central,Store,Laptop stand,Office,3,29900,16000,0,Completed
ORD-006096,2025-08-21,Central,Online,Bluetooth speaker,Electronics,2,34900,21000,0,Completed
ORD-006097,2025-08-21,West,Store,Laptop stand,Office,3,29900,16000,0,Completed
ORD-006098,2025-08-21,Central,Online,Travel bag,Accessories,1,39900,23000,10,Completed
ORD-006099,2025-08-21,Central,Online,Laptop stand,Office,1,29900,16000,0,Cancelled
ORD-006100,2025-08-21,Central,Online,Travel bag,Accessories,3,39900,23000,0,Completed
ORD-006101,2025-08-21,North,Online,Travel bag,Accessories,4,39900,23000,0,Completed
ORD-006102,2025-08-21,West,Online,Wireless headphones,Electronics,1,49900,29000,15,Cancelled
ORD-006103,2025-08-21,Central,Online,Bluetooth speaker,Electronics,3,34900,21000,0,Completed
ORD-006104,2025-08-21,South,Online,Desk lamp,Home,1,24900,12500,0,Completed
ORD-006105,2025-08-21,Central,Online,Travel bag,Accessories,4,39900,23000,0,Completed
ORD-006106,2025-08-22,Central,Online,Storage set,Home,4,17900,9500,0,Completed
ORD-006107,2025-08-22,West,Online,Desk lamp,Home,3,24900,12500,20,Completed
ORD-006108,2025-08-22,Central,Online,Laptop stand,Office,1,29900,16000,10,Completed
ORD-006109,2025-08-22,North,Store,Phone case,Accessories,2,9900,3500,0,Completed
ORD-006110,2025-08-22,North,Online,Phone case,Accessories,3,9900,3500,0,Returned
ORD-006111,2025-08-22,Central,Store,Bluetooth speaker,Electronics,3,34900,21000,0,Completed
ORD-006112,2025-08-22,North,Online,Notebook pack,Office,1,8900,4000,0,Completed
ORD-006113,2025-08-22,West,Store,Laptop stand,Office,2,29900,16000,0,Completed
ORD-006114,2025-08-22,West,Online,Laptop stand,Office,1,29900,16000,10,Completed
ORD-006115,2025-08-22,West,Store,Bluetooth speaker,Electronics,4,34900,21000,0,Completed
ORD-006116,2025-08-22,West,Online,Phone case,Accessories,2,9900,3500,15,Completed
ORD-006117,2025-08-22,Central,Online,Phone case,Accessories,3,9900,3500,10,Completed
ORD-006118,2025-08-23,South,Online,Phone case,Accessories,4,9900,3500,0,Completed
ORD-006119,2025-08-23,Central,Store,Laptop stand,Office,3,29900,16000,0,Completed
ORD-006120,2025-08-23,Central,Online,Bluetooth speaker,Electronics,2,34900,21000,0,Completed
ORD-006121,2025-08-23,South,Online,Bluetooth speaker,Electronics,4,34900,21000,10,Completed
ORD-006122,2025-08-23,Central,Store,Storage set,Home,3,17900,9500,0,Completed
ORD-006123,2025-08-23,Central,Online,Notebook pack,Office,3,8900,4000,10,Completed
ORD-006124,2025-08-23,North,Online,Notebook pack,Office,1,8900,4000,0,Completed
ORD-006125,2025-08-23,South,Online,Desk lamp,Home,4,24900,12500,0,Completed
ORD-006126,2025-08-23,Central,Store,Storage set,Home,2,17900,9500,10,Completed
ORD-006127,2025-08-23,West,Online,Bluetooth speaker,Electronics,4,34900,21000,0,Completed
ORD-006128,2025-08-23,North,Online,Storage set,Home,4,17900,9500,0,Completed
ORD-006129,2025-08-24,Central,Store,Laptop stand,Office,1,29900,16000,0,Completed
ORD-006130,2025-08-24,Central,Online,Travel bag,Accessories,4,39900,23000,10,Completed
ORD-006131,2025-08-24,West,Online,Desk lamp,Home,2,24900,12500,10,Completed
ORD-006132,2025-08-24,Central,Store,Phone case,Accessories,2,9900,3500,20,Completed
ORD-006133,2025-08-24,Central,Online,Travel bag,Accessories,1,39900,23000,20,Completed
ORD-006134,2025-08-24,South,Store,Travel bag,Accessories,2,39900,23000,10,Completed
ORD-006135,2025-08-24,Central,Store,Bluetooth speaker,Electronics,2,34900,21000,15,Completed
ORD-006136,2025-08-24,Central,Online,Wireless headphones,Electronics,2,49900,29000,0,Completed
ORD-006137,2025-08-24,Central,Store,Storage set,Home,1,17900,9500,0,Completed
ORD-006138,2025-08-24,Central,Store,Travel bag,Accessories,2,39900,23000,0,Completed
ORD-006139,2025-08-24,West,Store,Wireless headphones,Electronics,2,49900,29000,0,Completed
ORD-006140,2025-08-24,West,Online,Notebook pack,Office,3,8900,4000,0,Completed
ORD-006141,2025-08-24,South,Online,Storage set,Home,1,17900,9500,0,Completed
ORD-006142,2025-08-24,West,Online,Bluetooth speaker,Electronics,1,34900,21000,0,Completed
ORD-006143,2025-08-24,North,Online,Travel bag,Accessories,2,39900,23000,0,Completed
ORD-006144,2025-08-24,Central,Online,Wireless headphones,Electronics,2,49900,29000,0,Cancelled
ORD-006145,2025-08-25,Central,Store,Desk lamp,Home,2,24900,12500,0,Returned
ORD-006146,2025-08-25,North,Store,Notebook pack,Office,2,8900,4000,15,Completed
ORD-006147,2025-08-25,West,Store,Bluetooth speaker,Electronics,3,34900,21000,0,Completed
ORD-006148,2025-08-25,North,Online,Bluetooth speaker,Electronics,1,34900,21000,0,Completed
ORD-006149,2025-08-25,West,Online,Phone case,Accessories,2,9900,3500,10,Completed
ORD-006150,2025-08-25,North,Store,Bluetooth speaker,Electronics,4,34900,21000,10,Completed
ORD-006151,2025-08-25,Central,Online,Travel bag,Accessories,3,39900,23000,0,Completed
ORD-006152,2025-08-25,South,Store,Travel bag,Accessories,2,39900,23000,0,Completed
ORD-006153,2025-08-25,Central,Online,Storage set,Home,4,17900,9500,0,Completed
ORD-006154,2025-08-26,Central,Online,Wireless headphones,Electronics,2,49900,29000,0,Completed
ORD-006155,2025-08-26,North,Store,Travel bag,Accessories,4,39900,23000,0,Completed
ORD-006156,2025-08-26,Central,Online,Laptop stand,Office,3,29900,16000,15,Completed
ORD-006157,2025-08-26,North,Online,Desk lamp,Home,2,24900,12500,0,Completed
ORD-006158,2025-08-26,North,Store,Desk lamp,Home,2,24900,12500,0,Completed
ORD-006159,2025-08-26,West,Online,Desk lamp,Home,1,24900,12500,0,Completed
ORD-006160,2025-08-26,South,Store,Storage set,Home,3,17900,9500,0,Completed
ORD-006161,2025-08-26,Central,Online,Laptop stand,Office,4,29900,16000,10,Completed
ORD-006162,2025-08-26,Central,Online,Laptop stand,Office,4,29900,16000,15,Completed
ORD-006163,2025-08-26, West ,Online,Desk lamp,Home,4,24900,12500,0,Completed
ORD-006164,2025-08-27,West,Online,Phone case,Accessories,3,9900,3500,10,Completed
ORD-006165,2025-08-27,Central,Online,Notebook pack,Office,3,8900,4000,0,Completed
ORD-006166,2025-08-27,West,Store,Phone case,Accessories,1,9900,3500,10,Completed
ORD-006167,2025-08-27,North,Store,Desk lamp,Home,2,24900,12500,10,Cancelled
ORD-006168,2025-08-27,Central,Online,Wireless headphones,Electronics,1,49900,29000,15,Completed
ORD-006169,2025-08-27,South,Online,Travel bag,Accessories,1,39900,23000,0,Completed
ORD-006170,2025-08-27,North,Store,Wireless headphones,Electronics,2,49900,29000,20,Returned
ORD-006171,2025-08-27,Central,Store,Notebook pack,Office,4,8900,4000,0,Completed
ORD-006172,2025-08-27,North,Online,Travel bag,Accessories,1,39900,23000,20,Completed
ORD-006173,2025-08-27,West,Online,Desk lamp,Home,2,24900,12500,0,Completed
ORD-006174,2025-08-28,West,Store,Wireless headphones,Electronics,2,49900,29000,0,Completed
ORD-006175,2025-08-28,South,Online,Bluetooth speaker,Electronics,3,34900,21000,0,Returned
ORD-006176,2025-08-28,North,Store,Laptop stand,Office,3,29900,16000,0,Completed
ORD-006177,2025-08-28,North,Store,Wireless headphones,Electronics,3,49900,29000,0,Completed
ORD-006178,2025-08-28,South,Online,Storage set,Home,4,17900,9500,20,Completed
ORD-006179,2025-08-28,North,Store,Notebook pack,Office,2,8900,4000,0,Completed
ORD-006180,2025-08-28,South,Online,Storage set,Home,2,17900,9500,15,Cancelled
ORD-006181,2025-08-28,Central,Online,Travel bag,Accessories,4,39900,23000,0,Completed
ORD-006182,2025-08-28,North,Online,Wireless headphones,Electronics,2,49900,29000,0,Completed
ORD-006183,2025-08-28,Central,Store,Phone case,Accessories,1,9900,3500,0,Completed
ORD-006184,2025-08-28,Central,Online,Notebook pack,Office,4,8900,4000,15,Completed
ORD-006185,2025-08-29,North,Store,Notebook pack,Office,3,8900,4000,0,Returned
ORD-006186,2025-08-29,Central,Store,Bluetooth speaker,Electronics,2,34900,21000,0,Cancelled
ORD-006187,2025-08-29,West,Online,Notebook pack,Office,1,8900,4000,0,Completed
ORD-006188,2025-08-29,North,Store,Bluetooth speaker,Electronics,3,34900,21000,20,Completed
ORD-006189,2025-08-29,Central,Online,Travel bag,Accessories,2,39900,23000,0,Returned
ORD-006190,2025-08-29,West,Store,Phone case,Accessories,3,9900,3500,0,Completed
ORD-006191,2025-08-29,South,Online,Wireless headphones,Electronics,3,49900,29000,0,Returned
ORD-006192,2025-08-29,Central,Online,Wireless headphones,Electronics,1,49900,29000,0,Completed
ORD-006193,2025-08-29,South,Store,Bluetooth speaker,Electronics,4,34900,21000,0,Returned
ORD-006194,2025-08-29,North,Online,Phone case,Accessories,1,9900,3500,0,Completed
ORD-006195,2025-08-29,Central,Online,Phone case,Accessories,1,9900,3500,10,Completed
ORD-006196,2025-08-29,Central,Online,Bluetooth speaker,Electronics,2,34900,21000,20,Completed
ORD-006197,2025-08-29,Central,Store,Travel bag,Accessories,3,39900,23000,0,Completed
ORD-006198,2025-08-29,South,Store,Bluetooth speaker,Electronics,3,34900,21000,0,Completed
ORD-006199,2025-08-30,South,Store,Wireless headphones,Electronics,2,49900,29000,15,Completed
ORD-006200,2025-08-30,West,Online,Travel bag,Accessories,2,39900,23000,0,Completed
ORD-006201,2025-08-30,West,Online,Bluetooth speaker,Electronics,4,34900,21000,0,Completed
ORD-006202,2025-08-30,West,Online,Travel bag,Accessories,2,39900,23000,0,Returned
ORD-006203,2025-08-30,South,Store,Wireless headphones,Electronics,3,49900,29000,0,Completed
ORD-006204,2025-08-30,Central,Online,Bluetooth speaker,Electronics,4,34900,21000,0,Completed
ORD-006205,2025-08-30,North,Store,Notebook pack,Office,2,8900,4000,0,Returned
ORD-006206,2025-08-30,Central,Online,Travel bag,Accessories,4,39900,23000,0,Completed
ORD-006207,2025-08-30,West,Online,Storage set,Home,4,17900,9500,10,Completed
ORD-006208,2025-08-30,North,Online,Notebook pack,Office,3,8900,4000,10,Completed
ORD-006209,2025-08-30,South,Online,Bluetooth speaker,Electronics,1,34900,21000,20,Completed
ORD-006210,2025-08-30,South,Store,Laptop stand,Office,2,29900,16000,10,Completed
ORD-006211,2025-08-30,West,Online,Wireless headphones,Electronics,1,49900,29000,10,Completed
ORD-006212,2025-08-30,Central,Online,Notebook pack,Office,1,8900,4000,0,Completed
ORD-006213,2025-08-30,West,Online,Storage set,Home,3,17900,9500,10,Cancelled
ORD-006214,2025-08-31,Central,Online,Phone case,Accessories,2,9900,3500,0,Completed
ORD-006215,2025-08-31,Central,Store,Phone case,Accessories,4,9900,3500,0,Completed
ORD-006216,2025-08-31,North,Store,Notebook pack,Office,2,8900,4000,0,Completed
ORD-006217,2025-08-31,West,Online,Phone case,Accessories,3,9900,3500,20,Completed
ORD-006218,2025-08-31,Central,Online,Storage set,Home,1,17900,9500,0,Completed
ORD-006219,2025-08-31,Central,Online,Phone case,Accessories,3,9900,3500,0,Completed
ORD-006220,2025-08-31,North,Online,Notebook pack,Office,2,8900,4000,0,Completed
ORD-006221,2025-08-31,West,Online,Phone case,Accessories,1,9900,3500,0,Completed
ORD-006222,2025-08-31,Central,Online,Desk lamp,Home,1,24900,12500,0,Completed
ORD-006223,2025-08-31,North,Store,Laptop stand,Office,4,29900,16000,0,Completed
ORD-006224,2025-08-31,Central,Online,Wireless headphones,Electronics,1,49900,29000,0,Completed
ORD-006225,2025-08-31,West,Online,Bluetooth speaker,Electronics,1,34900,21000,0,Completed
ORD-006226,2025-08-31,West,Online,Desk lamp,Home,2,24900,12500,0,Returned
ORD-006227,2025-09-01,Central,Online,Notebook pack,Office,3,8900,4000,0,Completed
ORD-006228,2025-09-01,Central,Online,Storage set,Home,4,17900,9500,0,Completed
ORD-006229,2025-09-01,South,Store,Phone case,Accessories,3,9900,3500,0,Completed
ORD-006230,2025-09-01,Central,Store,Desk lamp,Home,2,24900,12500,0,Completed
ORD-006231,2025-09-01,Central,Online,Phone case,Accessories,3,9900,3500,0,Completed
ORD-006232,2025-09-01,South,Online,Laptop stand,Office,3,29900,16000,0,Completed
ORD-006233,2025-09-01,West,Online,Storage set,Home,3,17900,9500,10,Completed
ORD-006234,2025-09-01,North,Online,Laptop stand,Office,3,29900,16000,20,Completed
ORD-006235,2025-09-01,Central,Store,Notebook pack,Office,1,8900,4000,15,Completed
ORD-006236,2025-09-02,Central,Store,Phone case,Accessories,2,9900,3500,0,Completed
ORD-006237,2025-09-02,Central,Online,Desk lamp,Home,3,24900,12500,0,Completed
ORD-006238,2025-09-02,Central,Store,Bluetooth speaker,Electronics,1,34900,21000,0,Completed
ORD-006239,2025-09-02,Central,Online,Storage set,Home,1,17900,9500,0,Completed
ORD-006240,2025-09-02,North,Online,Bluetooth speaker,Electronics,3,34900,21000,20,Completed
ORD-006241,2025-09-02,West,Online,Desk lamp,Home,3,24900,12500,20,Completed
ORD-006242,2025-09-02, South ,Store,Laptop stand,Office,2,29900,16000,0,Completed
ORD-006243,2025-09-02,North,Store,Desk lamp,Home,1,24900,12500,0,Completed
ORD-006244,2025-09-02,West,Store,Notebook pack,Office,4,8900,4000,0,Completed
ORD-006245,2025-09-02,Central,Store,Laptop stand,Office,1,29900,16000,0,Completed
ORD-006246,2025-09-02,South,Online,Notebook pack,Office,2,8900,4000,0,Completed
ORD-006247,2025-09-02,West,Online,Storage set,Home,2,17900,9500,0,Completed
ORD-006248,2025-09-03,Central,Online,Storage set,Home,2,17900,9500,0,Completed
ORD-006249,2025-09-03,Central,Online,Laptop stand,Office,2,29900,16000,0,Completed
ORD-006250,2025-09-03,West,Online,Laptop stand,Office,2,29900,16000,0,Completed
ORD-006251,2025-09-03,Central,Store,Storage set,Home,3,17900,9500,0,Completed
ORD-006252,2025-09-03,Central,Online,Notebook pack,Office,4,8900,4000,15,Completed
ORD-006253,2025-09-03,West,Store,Notebook pack,Office,3,8900,4000,10,Completed
ORD-006254,2025-09-03,West,Store,Desk lamp,Home,1,24900,12500,10,Completed
ORD-006255,2025-09-04,South,Store,Desk lamp,Home,3,24900,12500,0,Returned
ORD-006256,2025-09-04,Central,Online,Laptop stand,Office,2,29900,16000,20,Completed
ORD-006257,2025-09-04,Central,Online,Notebook pack,Office,3,8900,4000,0,Completed
ORD-006258,2025-09-04,West,Store,Notebook pack,Office,2,8900,4000,0,Completed
ORD-006259,2025-09-04,Central,Online,Wireless headphones,Electronics,4,49900,29000,0,Completed
ORD-006260,2025-09-04,Central,Store,Travel bag,Accessories,1,39900,23000,0,Completed
ORD-006261,2025-09-04,South,Store,Bluetooth speaker,Electronics,1,34900,21000,20,Completed
ORD-006262,2025-09-05,North,Online,Storage set,Home,2,17900,9500,10,Completed
ORD-006263,2025-09-05,South,Online,Laptop stand,Office,4,29900,16000,10,Cancelled
ORD-006264,2025-09-05,West,Online,Wireless headphones,Electronics,2,49900,29000,0,Completed
ORD-006265,2025-09-05,West,Store,Desk lamp,Home,3,24900,12500,20,Completed
ORD-006266,2025-09-05,North,Online,Desk lamp,Home,1,24900,12500,0,Completed
ORD-006267,2025-09-05,West,Online,Phone case,Accessories,3,9900,3500,0,Completed
ORD-006268,2025-09-05,Central,Online,Phone case,Accessories,3,9900,3500,0,Completed
ORD-006269,2025-09-05,West,Online,Notebook pack,Office,1,8900,4000,0,Completed
ORD-006270,2025-09-05,West,Store,Travel bag,Accessories,1,39900,23000,0,Completed
ORD-006271,2025-09-05,West,Store,Desk lamp,Home,1,24900,12500,10,Completed
ORD-006272,2025-09-05,West,Online,Wireless headphones,Electronics,3,49900,29000,0,Cancelled
ORD-006273,2025-09-05,South,Store,Bluetooth speaker,Electronics,4,34900,21000,0,Completed
ORD-006274,2025-09-06,Central,Online,Laptop stand,Office,4,29900,16000,20,Completed
ORD-006275,2025-09-06,West,Online,Bluetooth speaker,Electronics,3,34900,21000,20,Completed
ORD-006276,2025-09-06,Central,Store,Notebook pack,Office,3,8900,4000,20,Cancelled
ORD-006277,2025-09-06,West,Store,Notebook pack,Office,4,8900,4000,0,Cancelled
ORD-006278,2025-09-06,South,Online,Wireless headphones,Electronics,1,49900,29000,10,Completed
ORD-006279,2025-09-06,South,Online,Notebook pack,Office,2,8900,4000,0,Cancelled
ORD-006280,2025-09-06,Central,Online,Bluetooth speaker,Electronics,1,34900,21000,0,Completed
ORD-006281,2025-09-06,Central,Online,Wireless headphones,Electronics,1,49900,29000,15,Completed
ORD-006282,2025-09-06,West,Online,Laptop stand,Office,3,29900,16000,0,Completed
ORD-006283,2025-09-06,West,Online,Wireless headphones,Electronics,3,49900,29000,10,Completed
ORD-006284,2025-09-06,Central,Online,Notebook pack,Office,2,8900,4000,0,Cancelled
ORD-006285,2025-09-06,Central,Online,Phone case,Accessories,1,9900,3500,0,Completed
ORD-006286,2025-09-06,West,Online,Desk lamp,Home,2,24900,12500,0,Completed
ORD-006287,2025-09-07,Central,Store,Storage set,Home,3,17900,9500,10,Completed
ORD-006288,2025-09-07,North,Store,Bluetooth speaker,Electronics,4,34900,21000,0,Completed
ORD-006289,2025-09-07,North,Store,Notebook pack,Office,3,8900,4000,0,Completed
ORD-006290,2025-09-07,Central,Online,Laptop stand,Office,1,29900,16000,0,Completed
ORD-006291,2025-09-07,West,Online,Bluetooth speaker,Electronics,4,34900,21000,10,Completed
ORD-006292,2025-09-07,West,Store,Phone case,Accessories,4,9900,3500,15,Completed
ORD-006293,2025-09-07,South,Store,Bluetooth speaker,Electronics,2,34900,21000,10,Completed
ORD-006294,2025-09-07,North,Online,Storage set,Home,4,17900,9500,0,Completed
ORD-006295,2025-09-07,North,Online,Travel bag,Accessories,3,39900,23000,0,Completed
ORD-006296,2025-09-07,Central,Store,Laptop stand,Office,2,29900,16000,0,Completed
ORD-006297,2025-09-08,Central,Store,Desk lamp,Home,1,24900,12500,15,Completed
ORD-006298,2025-09-08,South,Online,Phone case,Accessories,3,9900,3500,10,Returned
ORD-006299,2025-09-08,West,Online,Desk lamp,Home,3,24900,12500,20,Completed
ORD-006300,2025-09-08,West,Online,Laptop stand,Office,3,29900,16000,0,Completed
ORD-006301,2025-09-08,Central,Store,Laptop stand,Office,3,29900,16000,15,Completed
ORD-006302,2025-09-08,South,Online,Desk lamp,Home,4,24900,12500,0,Completed
ORD-006303,2025-09-08,West,Online,Phone case,Accessories,4,9900,3500,0,Completed
ORD-006304,2025-09-08,West,Online,Phone case,Accessories,1,9900,3500,0,Completed
ORD-006305,2025-09-08,Central,Online,Desk lamp,Home,4,24900,12500,0,Completed
ORD-006306,2025-09-08,Central,Online,Phone case,Accessories,4,9900,3500,0,Completed
ORD-006307,2025-09-09,South,Online,Wireless headphones,Electronics,1,49900,29000,10,Completed
ORD-006308,2025-09-09,Central,Online,Desk lamp,Home,3,24900,12500,0,Completed
ORD-006309,2025-09-09,North,Online,Storage set,Home,4,17900,9500,15,Completed
ORD-006310,2025-09-09,Central,Store,Notebook pack,Office,3,8900,4000,0,Completed
ORD-006311,2025-09-09,West,Online,Notebook pack,Office,2,8900,4000,10,Completed
ORD-006312,2025-09-09,Central,Store,Travel bag,Accessories,3,39900,23000,10,Completed
ORD-006313,2025-09-09,West,Store,Phone case,Accessories,3,9900,3500,0,Completed
ORD-006314,2025-09-09,West,Online,Phone case,Accessories,3,9900,3500,20,Completed
ORD-006315,2025-09-09,Central,Store,Bluetooth speaker,Electronics,3,34900,21000,10,Completed
ORD-006316,2025-09-09,Central,Online,Notebook pack,Office,3,8900,4000,0,Completed
ORD-006317,2025-09-09,Central,Store,Phone case,Accessories,3,9900,3500,0,Completed
ORD-006318,2025-09-09,Central,Store,Phone case,Accessories,4,9900,3500,0,Completed
ORD-006319,2025-09-09,West,Online,Laptop stand,Office,3,29900,16000,0,Completed
ORD-006320,2025-09-10,West,Store,Storage set,Home,2,17900,9500,0,Completed
ORD-006321,2025-09-10, Central ,Store,Desk lamp,Home,2,24900,12500,0,Completed
ORD-006322,2025-09-10,North,Store,Phone case,Accessories,3,9900,3500,15,Completed
ORD-006323,2025-09-10,West,Online,Travel bag,Accessories,4,39900,23000,20,Completed
ORD-006324,2025-09-10,West,Online,Wireless headphones,Electronics,4,49900,29000,0,Completed
ORD-006325,2025-09-10,Central,Store,Laptop stand,Office,3,29900,16000,0,Completed
ORD-006326,2025-09-10,West,Store,Wireless headphones,Electronics,4,49900,29000,15,Completed
ORD-006327,2025-09-10,Central,Store,Storage set,Home,4,17900,9500,10,Completed
ORD-006328,2025-09-10,Central,Online,Laptop stand,Office,3,29900,16000,0,Completed
ORD-006329,2025-09-10,Central,Store,Bluetooth speaker,Electronics,4,34900,21000,0,Completed
ORD-006330,2025-09-10,West,Online,Phone case,Accessories,2,9900,3500,0,Completed
ORD-006331,2025-09-10,Central,Store,Bluetooth speaker,Electronics,1,34900,21000,0,Completed
ORD-006332,2025-09-11,Central,Online,Wireless headphones,Electronics,1,49900,29000,0,Completed
ORD-006333,2025-09-11,West,Online,Laptop stand,Office,2,29900,16000,0,Completed
ORD-006334,2025-09-11,Central,Store,Laptop stand,Office,4,29900,16000,0,Completed
ORD-006335,2025-09-11,South,Online,Laptop stand,Office,1,29900,16000,0,Completed
ORD-006336,2025-09-11,West,Store,Notebook pack,Office,1,8900,4000,10,Completed
ORD-006337,2025-09-11,Central,Online,Laptop stand,Office,2,29900,16000,0,Completed
ORD-006338,2025-09-11,South,Store,Desk lamp,Home,1,24900,12500,0,Returned
ORD-006339,2025-09-11,North,Online,Notebook pack,Office,2,8900,4000,0,Completed
ORD-006340,2025-09-11,South,Store,Storage set,Home,1,17900,9500,20,Completed
ORD-006341,2025-09-11,West,Store,Travel bag,Accessories,3,39900,23000,0,Completed
ORD-006342,2025-09-12,South,Online,Storage set,Home,4,17900,9500,0,Completed
ORD-006343,2025-09-12,West,Online,Laptop stand,Office,3,29900,16000,0,Completed
ORD-006344,2025-09-12,Central,Store,Phone case,Accessories,3,9900,3500,0,Completed
ORD-006345,2025-09-12,West,Online,Desk lamp,Home,2,24900,12500,10,Completed
ORD-006346,2025-09-12,South,Store,Phone case,Accessories,4,9900,3500,0,Completed
ORD-006347,2025-09-12,Central,Online,Notebook pack,Office,4,8900,4000,10,Completed
ORD-006348,2025-09-12,South,Store,Laptop stand,Office,2,29900,16000,10,Completed
ORD-006349,2025-09-12,West,Online,Phone case,Accessories,2,9900,3500,10,Completed
ORD-006350,2025-09-12,West,Online,Laptop stand,Office,2,29900,16000,15,Cancelled
ORD-006351,2025-09-12,North,Online,Phone case,Accessories,3,9900,3500,0,Completed
ORD-006352,2025-09-12,North,Online,Bluetooth speaker,Electronics,4,34900,21000,10,Completed
ORD-006353,2025-09-13,West,Store,Travel bag,Accessories,4,39900,23000,0,Completed
ORD-006354,2025-09-13,North,Online,Laptop stand,Office,2,29900,16000,0,Completed
ORD-006355,2025-09-13,North,Online,Desk lamp,Home,1,24900,12500,10,Completed
ORD-006356,2025-09-13,South,Online,Bluetooth speaker,Electronics,3,34900,21000,0,Completed
ORD-006357,2025-09-13,North,Store,Phone case,Accessories,4,9900,3500,0,Completed
ORD-006358,2025-09-13,Central,Online,Bluetooth speaker,Electronics,3,34900,21000,0,Completed
ORD-006359,2025-09-13,Central,Store,Storage set,Home,1,17900,9500,0,Completed
ORD-006360,2025-09-13,Central,Online,Notebook pack,Office,4,8900,4000,15,Returned
ORD-006361,2025-09-13,West,Online,Bluetooth speaker,Electronics,1,34900,21000,10,Completed
ORD-006362,2025-09-13,Central,Online,Phone case,Accessories,4,9900,3500,0,Returned
ORD-006363,2025-09-13,West,Online,Phone case,Accessories,1,9900,3500,10,Completed
ORD-006364,2025-09-14,Central,Online,Storage set,Home,4,17900,9500,15,Completed
ORD-006365,2025-09-14,West,Store,Bluetooth speaker,Electronics,1,34900,21000,10,Returned
ORD-006366,2025-09-14,Central,Online,Desk lamp,Home,2,24900,12500,20,Completed
ORD-006367,2025-09-14,North,Online,Laptop stand,Office,1,29900,16000,0,Completed
ORD-006368,2025-09-14,West,Online,Laptop stand,Office,4,29900,16000,0,Returned
ORD-006369,2025-09-14,West,Store,Notebook pack,Office,3,8900,4000,0,Completed
ORD-006370,2025-09-14,West,Store,Wireless headphones,Electronics,1,49900,29000,0,Completed
ORD-006371,2025-09-14,West,Online,Wireless headphones,Electronics,3,49900,29000,0,Completed
ORD-006372,2025-09-14,West,Store,Notebook pack,Office,1,8900,4000,0,Completed
ORD-006373,2025-09-14,North,Store,Travel bag,Accessories,4,39900,23000,0,Completed
ORD-006374,2025-09-14,West,Store,Laptop stand,Office,4,29900,16000,20,Completed
ORD-006375,2025-09-14,North,Online,Travel bag,Accessories,3,39900,23000,0,Completed
ORD-006376,2025-09-14,North,Online,Notebook pack,Office,2,8900,4000,0,Completed
ORD-006377,2025-09-14,Central,Store,Wireless headphones,Electronics,4,49900,29000,10,Completed
ORD-006378,2025-09-14,Central,Online,Phone case,Accessories,1,9900,3500,10,Completed
ORD-006379,2025-09-14,North,Online,Phone case,Accessories,1,9900,3500,0,Completed
ORD-006380,2025-09-15,South,Store,Bluetooth speaker,Electronics,3,34900,21000,0,Completed
ORD-006381,2025-09-15,Central,Store,Desk lamp,Home,4,24900,12500,15,Completed
ORD-006382,2025-09-15,Central,Store,Wireless headphones,Electronics,1,49900,29000,20,Returned
ORD-006383,2025-09-15,West,Store,Laptop stand,Office,3,29900,16000,10,Completed
ORD-006384,2025-09-15,West,Online,Phone case,Accessories,1,9900,3500,10,Completed
ORD-006385,2025-09-15,Central,Online,Bluetooth speaker,Electronics,4,34900,21000,10,Completed
ORD-006386,2025-09-15,Central,Online,Desk lamp,Home,4,24900,12500,0,Completed
ORD-006387,2025-09-16,South,Store,Travel bag,Accessories,1,39900,23000,0,Completed
ORD-006388,2025-09-16,Central,Online,Wireless headphones,Electronics,1,49900,29000,0,Completed
ORD-006389,2025-09-16,Central,Store,Travel bag,Accessories,2,39900,23000,0,Completed
ORD-006390,2025-09-16,South,Online,Desk lamp,Home,4,24900,12500,0,Completed
ORD-006391,2025-09-16,Central,Online,Wireless headphones,Electronics,4,49900,29000,10,Completed
ORD-006392,2025-09-16,West,Online,Wireless headphones,Electronics,1,49900,29000,10,Completed
ORD-006393,2025-09-16,West,Online,Notebook pack,Office,1,8900,4000,0,Completed
ORD-006394,2025-09-16,South,Online,Phone case,Accessories,3,9900,3500,20,Completed
ORD-006395,2025-09-17,Central,Online,Bluetooth speaker,Electronics,4,34900,21000,0,Completed
ORD-006396,2025-09-17,Central,Store,Travel bag,Accessories,2,39900,23000,10,Completed
ORD-006397,2025-09-17,Central,Store,Storage set,Home,3,17900,9500,0,Returned
ORD-006398,2025-09-17,North,Online,Desk lamp,Home,2,24900,12500,10,Completed
ORD-006399,2025-09-17,Central,Store,Storage set,Home,4,17900,9500,20,Completed
ORD-006400,2025-09-17, West ,Store,Wireless headphones,Electronics,1,49900,29000,0,Completed
ORD-006401,2025-09-17,South,Store,Notebook pack,Office,3,8900,4000,10,Completed
ORD-006402,2025-09-17,South,Store,Travel bag,Accessories,1,39900,23000,0,Completed
ORD-006403,2025-09-17,Central,Online,Desk lamp,Home,2,24900,12500,0,Completed
ORD-006404,2025-09-17,West,Store,Bluetooth speaker,Electronics,1,34900,21000,0,Completed
ORD-006405,2025-09-17,West,Store,Wireless headphones,Electronics,2,49900,29000,10,Completed
ORD-006406,2025-09-17,South,Online,Travel bag,Accessories,2,39900,23000,20,Returned
ORD-006407,2025-09-17,West,Store,Notebook pack,Office,3,8900,4000,0,Completed
ORD-006408,2025-09-18,Central,Online,Bluetooth speaker,Electronics,4,34900,21000,15,Cancelled
ORD-006409,2025-09-18,West,Store,Travel bag,Accessories,4,39900,23000,15,Completed
ORD-006410,2025-09-18,Central,Store,Notebook pack,Office,4,8900,4000,0,Completed
ORD-006411,2025-09-18,South,Online,Wireless headphones,Electronics,3,49900,29000,0,Completed
ORD-006412,2025-09-18,Central,Online,Wireless headphones,Electronics,4,49900,29000,0,Returned
ORD-006413,2025-09-18,West,Store,Storage set,Home,4,17900,9500,20,Completed
ORD-006414,2025-09-18,South,Online,Storage set,Home,1,17900,9500,10,Cancelled
ORD-006415,2025-09-18,Central,Online,Wireless headphones,Electronics,3,49900,29000,0,Cancelled
ORD-006416,2025-09-18,West,Store,Storage set,Home,2,17900,9500,20,Completed
ORD-006417,2025-09-18,Central,Online,Laptop stand,Office,3,29900,16000,15,Completed
ORD-006418,2025-09-18,South,Store,Wireless headphones,Electronics,4,49900,29000,15,Completed
ORD-006419,2025-09-18,Central,Store,Storage set,Home,1,17900,9500,0,Completed
ORD-006420,2025-09-18,South,Store,Wireless headphones,Electronics,2,49900,29000,0,Completed
ORD-006421,2025-09-19,South,Online,Phone case,Accessories,2,9900,3500,15,Completed
ORD-006422,2025-09-19,North,Online,Notebook pack,Office,1,8900,4000,0,Completed
ORD-006423,2025-09-19,West,Online,Wireless headphones,Electronics,3,49900,29000,20,Completed
ORD-006424,2025-09-19,Central,Online,Phone case,Accessories,1,9900,3500,0,Completed
ORD-006425,2025-09-19,North,Online,Laptop stand,Office,2,29900,16000,0,Completed
ORD-006426,2025-09-19,North,Online,Phone case,Accessories,2,9900,3500,0,Completed
ORD-006427,2025-09-19,North,Store,Notebook pack,Office,1,8900,4000,0,Completed
ORD-006428,2025-09-19,Central,Online,Laptop stand,Office,4,29900,16000,0,Completed
ORD-006429,2025-09-19,North,Online,Notebook pack,Office,2,8900,4000,20,Completed
ORD-006430,2025-09-20,North,Online,Laptop stand,Office,1,29900,16000,15,Completed
ORD-006431,2025-09-20,West,Store,Wireless headphones,Electronics,1,49900,29000,0,Completed
ORD-006432,2025-09-20,West,Store,Wireless headphones,Electronics,3,49900,29000,0,Completed
ORD-006433,2025-09-20,Central,Store,Storage set,Home,4,17900,9500,0,Completed
ORD-006434,2025-09-20,South,Store,Travel bag,Accessories,3,39900,23000,0,Completed
ORD-006435,2025-09-20,North,Store,Storage set,Home,3,17900,9500,0,Completed
ORD-006436,2025-09-20,Central,Online,Wireless headphones,Electronics,4,49900,29000,0,Completed
ORD-006437,2025-09-20,North,Online,Phone case,Accessories,1,9900,3500,0,Completed
ORD-006438,2025-09-20,South,Online,Laptop stand,Office,3,29900,16000,0,Completed
ORD-006439,2025-09-20,West,Online,Storage set,Home,3,17900,9500,15,Completed
ORD-006440,2025-09-21,Central,Store,Travel bag,Accessories,1,39900,23000,10,Returned
ORD-006441,2025-09-21,South,Online,Notebook pack,Office,3,8900,4000,0,Completed
ORD-006442,2025-09-21,Central,Store,Bluetooth speaker,Electronics,3,34900,21000,20,Returned
ORD-006443,2025-09-21,South,Store,Travel bag,Accessories,1,39900,23000,0,Completed
ORD-006444,2025-09-21,West,Store,Phone case,Accessories,2,9900,3500,20,Completed
ORD-006445,2025-09-21,Central,Online,Desk lamp,Home,2,24900,12500,0,Completed
ORD-006446,2025-09-21,North,Online,Storage set,Home,1,17900,9500,10,Completed
ORD-006447,2025-09-21,Central,Online,Desk lamp,Home,1,24900,12500,10,Completed
ORD-006448,2025-09-21,West,Online,Travel bag,Accessories,3,39900,23000,0,Completed
ORD-006449,2025-09-21,Central,Store,Desk lamp,Home,4,24900,12500,0,Completed
ORD-006450,2025-09-21,West,Online,Travel bag,Accessories,1,39900,23000,0,Cancelled
ORD-006451,2025-09-21,Central,Online,Phone case,Accessories,2,9900,3500,0,Completed
ORD-006452,2025-09-22,North,Store,Phone case,Accessories,2,9900,3500,0,Completed
ORD-006453,2025-09-22,Central,Online,Phone case,Accessories,4,9900,3500,0,Completed
ORD-006454,2025-09-22,West,Online,Travel bag,Accessories,2,39900,23000,0,Completed
ORD-006455,2025-09-22,Central,Online,Travel bag,Accessories,1,39900,23000,0,Completed
ORD-006456,2025-09-22,West,Online,Travel bag,Accessories,1,39900,23000,15,Completed
ORD-006457,2025-09-22,Central,Store,Wireless headphones,Electronics,3,49900,29000,0,Completed
ORD-006458,2025-09-22,Central,Store,Travel bag,Accessories,4,39900,23000,0,Completed
ORD-006459,2025-09-23,North,Online,Desk lamp,Home,4,24900,12500,20,Completed
ORD-006460,2025-09-23,North,Online,Storage set,Home,2,17900,9500,0,Completed
ORD-006461,2025-09-23,West,Online,Notebook pack,Office,4,8900,4000,0,Completed
ORD-006462,2025-09-23,West,Online,Laptop stand,Office,2,29900,16000,0,Returned
ORD-006463,2025-09-23,Central,Store,Notebook pack,Office,4,8900,4000,20,Completed
ORD-006464,2025-09-23,North,Online,Travel bag,Accessories,1,39900,23000,10,Completed
ORD-006465,2025-09-23,Central,Online,Wireless headphones,Electronics,4,49900,29000,0,Completed
ORD-006466,2025-09-23,South,Online,Phone case,Accessories,1,9900,3500,0,Completed
ORD-006467,2025-09-23,West,Online,Wireless headphones,Electronics,2,49900,29000,20,Completed
ORD-006468,2025-09-23,South,Store,Notebook pack,Office,4,8900,4000,0,Completed
ORD-006469,2025-09-23,North,Store,Phone case,Accessories,1,9900,3500,0,Returned
ORD-006470,2025-09-23,Central,Store,Phone case,Accessories,2,9900,3500,10,Completed
ORD-006471,2025-09-23,Central,Online,Bluetooth speaker,Electronics,1,34900,21000,15,Completed
ORD-006472,2025-09-23,West,Online,Travel bag,Accessories,3,39900,23000,20,Completed
ORD-006473,2025-09-24,Central,Online,Bluetooth speaker,Electronics,4,34900,21000,0,Completed
ORD-006474,2025-09-24,South,Store,Notebook pack,Office,4,8900,4000,0,Completed
ORD-006475,2025-09-24,West,Store,Laptop stand,Office,4,29900,16000,0,Completed
ORD-006476,2025-09-24,Central,Online,Travel bag,Accessories,1,39900,23000,0,Completed
ORD-006477,2025-09-24,West,Online,Travel bag,Accessories,4,39900,23000,0,Completed
ORD-006478,2025-09-24,Central,Online,Travel bag,Accessories,3,39900,23000,10,Completed
ORD-006479,2025-09-24, Central ,Store,Laptop stand,Office,4,29900,16000,0,Completed
ORD-006480,2025-09-24,West,Online,Wireless headphones,Electronics,4,49900,29000,0,Completed
ORD-006481,2025-09-24,South,Online,Travel bag,Accessories,3,39900,23000,0,Completed
ORD-006482,2025-09-24,South,Store,Phone case,Accessories,4,9900,3500,10,Completed
ORD-006483,2025-09-25,West,Store,Desk lamp,Home,4,24900,12500,0,Completed
ORD-006484,2025-09-25,Central,Online,Laptop stand,Office,4,29900,16000,0,Completed
ORD-006485,2025-09-25,West,Online,Travel bag,Accessories,3,39900,23000,0,Completed
ORD-006486,2025-09-25,South,Online,Wireless headphones,Electronics,4,49900,29000,10,Completed
ORD-006487,2025-09-25,West,Online,Laptop stand,Office,4,29900,16000,0,Completed
ORD-006488,2025-09-25,North,Online,Notebook pack,Office,1,8900,4000,10,Completed
ORD-006489,2025-09-25,Central,Online,Travel bag,Accessories,4,39900,23000,10,Completed
ORD-006490,2025-09-25,North,Store,Travel bag,Accessories,1,39900,23000,0,Completed
ORD-006491,2025-09-25,North,Online,Wireless headphones,Electronics,4,49900,29000,0,Completed
ORD-006492,2025-09-25,Central,Store,Notebook pack,Office,2,8900,4000,0,Completed
ORD-006493,2025-09-26,North,Store,Travel bag,Accessories,4,39900,23000,10,Completed
ORD-006494,2025-09-26,West,Online,Desk lamp,Home,3,24900,12500,0,Completed
ORD-006495,2025-09-26,South,Online,Notebook pack,Office,4,8900,4000,10,Completed
ORD-006496,2025-09-26,Central,Store,Wireless headphones,Electronics,2,49900,29000,0,Cancelled
ORD-006497,2025-09-26,West,Store,Notebook pack,Office,1,8900,4000,0,Completed
ORD-006498,2025-09-26,West,Online,Travel bag,Accessories,1,39900,23000,15,Completed
ORD-006499,2025-09-26,North,Online,Laptop stand,Office,1,29900,16000,20,Completed
ORD-006500,2025-09-26,North,Online,Desk lamp,Home,4,24900,12500,20,Completed
ORD-006501,2025-09-26,West,Store,Laptop stand,Office,4,29900,16000,0,Returned
ORD-006502,2025-09-26,North,Online,Notebook pack,Office,2,8900,4000,0,Completed
ORD-006503,2025-09-26,North,Store,Laptop stand,Office,1,29900,16000,0,Completed
ORD-006504,2025-09-27,South,Store,Storage set,Home,4,17900,9500,0,Completed
ORD-006505,2025-09-27,West,Online,Phone case,Accessories,2,9900,3500,0,Completed
ORD-006506,2025-09-27,West,Online,Notebook pack,Office,2,8900,4000,10,Completed
ORD-006507,2025-09-27,Central,Store,Bluetooth speaker,Electronics,2,34900,21000,0,Completed
ORD-006508,2025-09-27,South,Online,Desk lamp,Home,3,24900,12500,0,Completed
ORD-006509,2025-09-27,Central,Store,Storage set,Home,2,17900,9500,0,Completed
ORD-006510,2025-09-27,Central,Store,Phone case,Accessories,4,9900,3500,10,Completed
ORD-006511,2025-09-27,Central,Store,Wireless headphones,Electronics,4,49900,29000,20,Completed
ORD-006512,2025-09-27,South,Store,Travel bag,Accessories,4,39900,23000,0,Completed
ORD-006513,2025-09-27,South,Online,Storage set,Home,1,17900,9500,0,Completed
ORD-006514,2025-09-27,North,Online,Bluetooth speaker,Electronics,4,34900,21000,0,Completed
ORD-006515,2025-09-27,South,Online,Desk lamp,Home,2,24900,12500,0,Completed
ORD-006516,2025-09-27,North,Online,Desk lamp,Home,4,24900,12500,0,Completed
ORD-006517,2025-09-27,West,Online,Phone case,Accessories,2,9900,3500,0,Completed
ORD-006518,2025-09-28,South,Online,Notebook pack,Office,1,8900,4000,0,Completed
ORD-006519,2025-09-28,Central,Store,Laptop stand,Office,3,29900,16000,15,Completed
ORD-006520,2025-09-28,South,Store,Bluetooth speaker,Electronics,2,34900,21000,0,Returned
ORD-006521,2025-09-28,North,Store,Laptop stand,Office,1,29900,16000,0,Completed
ORD-006522,2025-09-28,North,Store,Storage set,Home,3,17900,9500,10,Completed
ORD-006523,2025-09-28,West,Online,Notebook pack,Office,3,8900,4000,15,Completed
ORD-006524,2025-09-28,Central,Store,Phone case,Accessories,1,9900,3500,0,Completed
ORD-006525,2025-09-28,West,Online,Bluetooth speaker,Electronics,3,34900,21000,10,Completed
ORD-006526,2025-09-28,Central,Online,Bluetooth speaker,Electronics,4,34900,21000,20,Completed
ORD-006527,2025-09-29,South,Online,Phone case,Accessories,4,9900,3500,0,Completed
ORD-006528,2025-09-29,North,Online,Phone case,Accessories,1,9900,3500,10,Returned
ORD-006529,2025-09-29,South,Online,Travel bag,Accessories,4,39900,23000,0,Completed
ORD-006530,2025-09-29,North,Online,Storage set,Home,2,17900,9500,0,Completed
ORD-006531,2025-09-29,Central,Online,Wireless headphones,Electronics,4,49900,29000,0,Cancelled
ORD-006532,2025-09-29,Central,Store,Storage set,Home,4,17900,9500,0,Completed
ORD-006533,2025-09-29,South,Store,Storage set,Home,2,17900,9500,0,Completed
ORD-006534,2025-09-29,Central,Online,Laptop stand,Office,2,29900,16000,20,Returned
ORD-006535,2025-09-29,West,Store,Phone case,Accessories,2,9900,3500,0,Completed
ORD-006536,2025-09-29,West,Online,Desk lamp,Home,4,24900,12500,15,Completed
ORD-006537,2025-09-30,North,Store,Notebook pack,Office,4,8900,4000,15,Completed
ORD-006538,2025-09-30,West,Online,Phone case,Accessories,3,9900,3500,10,Completed
ORD-006539,2025-09-30,North,Store,Storage set,Home,2,17900,9500,0,Completed
ORD-006540,2025-09-30,West,Online,Laptop stand,Office,4,29900,16000,15,Completed
ORD-006541,2025-09-30,West,Store,Travel bag,Accessories,4,39900,23000,0,Completed
ORD-006542,2025-09-30,West,Store,Bluetooth speaker,Electronics,1,34900,21000,0,Completed
ORD-006543,2025-09-30,South,Store,Laptop stand,Office,3,29900,16000,15,Completed
ORD-006544,2025-09-30,North,Online,Phone case,Accessories,1,9900,3500,10,Returned
ORD-006545,2025-09-30,Central,Store,Storage set,Home,4,17900,9500,0,Completed
ORD-006546,2025-09-30,Central,Online,Wireless headphones,Electronics,4,49900,29000,15,Completed
ORD-006547,2025-09-30,North,Online,Storage set,Home,2,17900,9500,10,Returned
ORD-006548,2025-09-30,Central,Store,Phone case,Accessories,4,9900,3500,10,Completed
ORD-006549,2025-10-01,Central,Online,Notebook pack,Office,3,8900,4000,0,Completed
ORD-006550,2025-10-01,Central,Online,Storage set,Home,1,17900,9500,0,Completed
ORD-006551,2025-10-01,West,Online,Storage set,Home,3,17900,9500,0,Completed
ORD-006552,2025-10-01,South,Online,Bluetooth speaker,Electronics,3,34900,21000,0,Completed
ORD-006553,2025-10-01,North,Online,Travel bag,Accessories,2,39900,23000,0,Completed
ORD-006554,2025-10-01,West,Online,Desk lamp,Home,1,24900,12500,15,Completed
ORD-006555,2025-10-01,South,Online,Storage set,Home,3,17900,9500,0,Completed
ORD-006556,2025-10-01,South,Store,Notebook pack,Office,2,8900,4000,0,Completed
ORD-006557,2025-10-01,West,Store,Bluetooth speaker,Electronics,1,34900,21000,10,Completed
ORD-006558,2025-10-01, West ,Online,Desk lamp,Home,1,24900,12500,0,Completed
ORD-006559,2025-10-01,Central,Store,Notebook pack,Office,1,8900,4000,10,Completed
ORD-006560,2025-10-01,South,Store,Phone case,Accessories,1,9900,3500,10,Completed
ORD-006561,2025-10-01,Central,Store,Laptop stand,Office,1,29900,16000,0,Completed
ORD-006562,2025-10-01,Central,Online,Notebook pack,Office,3,8900,4000,0,Completed
ORD-006563,2025-10-02,West,Store,Notebook pack,Office,2,8900,4000,0,Completed
ORD-006564,2025-10-02,North,Online,Laptop stand,Office,1,29900,16000,0,Completed
ORD-006565,2025-10-02,West,Store,Wireless headphones,Electronics,2,49900,29000,0,Completed
ORD-006566,2025-10-02,West,Online,Laptop stand,Office,2,29900,16000,0,Completed
ORD-006567,2025-10-02,West,Store,Wireless headphones,Electronics,4,49900,29000,20,Completed
ORD-006568,2025-10-02,Central,Store,Phone case,Accessories,1,9900,3500,0,Completed
ORD-006569,2025-10-02,North,Online,Laptop stand,Office,4,29900,16000,10,Completed
ORD-006570,2025-10-02,North,Online,Travel bag,Accessories,4,39900,23000,0,Completed
ORD-006571,2025-10-02,North,Store,Phone case,Accessories,4,9900,3500,0,Completed
ORD-006572,2025-10-02,Central,Store,Wireless headphones,Electronics,4,49900,29000,0,Completed
ORD-006573,2025-10-02,North,Online,Laptop stand,Office,4,29900,16000,0,Completed
ORD-006574,2025-10-02,North,Online,Storage set,Home,3,17900,9500,0,Completed
ORD-006575,2025-10-02,South,Online,Travel bag,Accessories,3,39900,23000,10,Completed
ORD-006576,2025-10-03,South,Store,Desk lamp,Home,2,24900,12500,0,Completed
ORD-006577,2025-10-03,Central,Online,Phone case,Accessories,4,9900,3500,0,Completed
ORD-006578,2025-10-03,Central,Online,Desk lamp,Home,3,24900,12500,10,Cancelled
ORD-006579,2025-10-03,Central,Online,Travel bag,Accessories,2,39900,23000,0,Completed
ORD-006580,2025-10-03,West,Online,Desk lamp,Home,1,24900,12500,0,Completed
ORD-006581,2025-10-03,Central,Store,Notebook pack,Office,3,8900,4000,0,Completed
ORD-006582,2025-10-03,West,Store,Storage set,Home,2,17900,9500,0,Completed
ORD-006583,2025-10-03,North,Online,Bluetooth speaker,Electronics,4,34900,21000,10,Completed
ORD-006584,2025-10-03,Central,Online,Bluetooth speaker,Electronics,2,34900,21000,20,Completed
ORD-006585,2025-10-04,West,Store,Laptop stand,Office,1,29900,16000,10,Completed
ORD-006586,2025-10-04,West,Online,Travel bag,Accessories,3,39900,23000,10,Completed
ORD-006587,2025-10-04,South,Online,Storage set,Home,4,17900,9500,10,Completed
ORD-006588,2025-10-04,West,Online,Bluetooth speaker,Electronics,1,34900,21000,0,Completed
ORD-006589,2025-10-04,South,Online,Bluetooth speaker,Electronics,1,34900,21000,0,Returned
ORD-006590,2025-10-04,Central,Store,Wireless headphones,Electronics,3,49900,29000,0,Completed
ORD-006591,2025-10-04,South,Online,Notebook pack,Office,3,8900,4000,0,Completed
ORD-006592,2025-10-04,West,Online,Laptop stand,Office,1,29900,16000,20,Completed
ORD-006593,2025-10-04,South,Store,Bluetooth speaker,Electronics,4,34900,21000,10,Completed
ORD-006594,2025-10-04,North,Online,Wireless headphones,Electronics,4,49900,29000,20,Completed
ORD-006595,2025-10-04,West,Online,Travel bag,Accessories,3,39900,23000,0,Completed
ORD-006596,2025-10-04,West,Online,Travel bag,Accessories,1,39900,23000,0,Completed
ORD-006597,2025-10-04,West,Online,Desk lamp,Home,1,24900,12500,0,Completed
ORD-006598,2025-10-04,South,Online,Wireless headphones,Electronics,3,49900,29000,0,Completed
ORD-006599,2025-10-04,Central,Store,Wireless headphones,Electronics,4,49900,29000,10,Completed
ORD-006600,2025-10-05,North,Store,Phone case,Accessories,1,9900,3500,0,Completed
ORD-006601,2025-10-05,North,Store,Notebook pack,Office,4,8900,4000,0,Completed
ORD-006602,2025-10-05,North,Online,Travel bag,Accessories,3,39900,23000,10,Completed
ORD-006603,2025-10-05,Central,Store,Phone case,Accessories,1,9900,3500,10,Completed
ORD-006604,2025-10-05,West,Store,Notebook pack,Office,2,8900,4000,20,Completed
ORD-006605,2025-10-05,North,Online,Wireless headphones,Electronics,4,49900,29000,0,Completed
ORD-006606,2025-10-05,West,Online,Desk lamp,Home,4,24900,12500,10,Completed
ORD-006607,2025-10-05,South,Store,Notebook pack,Office,2,8900,4000,0,Completed
ORD-006608,2025-10-05,West,Online,Notebook pack,Office,3,8900,4000,0,Completed
ORD-006609,2025-10-05,Central,Store,Bluetooth speaker,Electronics,1,34900,21000,0,Completed
ORD-006610,2025-10-05,Central,Store,Notebook pack,Office,1,8900,4000,10,Completed
ORD-006611,2025-10-05,Central,Online,Bluetooth speaker,Electronics,3,34900,21000,20,Completed
ORD-006612,2025-10-05,North,Store,Storage set,Home,4,17900,9500,0,Completed
ORD-006613,2025-10-05,South,Online,Storage set,Home,4,17900,9500,0,Completed
ORD-006614,2025-10-06,South,Store,Desk lamp,Home,2,24900,12500,0,Completed
ORD-006615,2025-10-06,North,Online,Desk lamp,Home,3,24900,12500,10,Completed
ORD-006616,2025-10-06,Central,Online,Travel bag,Accessories,1,39900,23000,0,Completed
ORD-006617,2025-10-06,North,Online,Notebook pack,Office,3,8900,4000,15,Completed
ORD-006618,2025-10-06,South,Online,Notebook pack,Office,3,8900,4000,10,Completed
ORD-006619,2025-10-06,North,Store,Laptop stand,Office,2,29900,16000,0,Completed
ORD-006620,2025-10-06,Central,Store,Notebook pack,Office,2,8900,4000,15,Completed
ORD-006621,2025-10-06,West,Store,Wireless headphones,Electronics,2,49900,29000,10,Completed
ORD-006622,2025-10-06,South,Online,Phone case,Accessories,1,9900,3500,0,Completed
ORD-006623,2025-10-06,Central,Store,Desk lamp,Home,1,24900,12500,20,Cancelled
ORD-006624,2025-10-06,West,Online,Notebook pack,Office,3,8900,4000,0,Completed
ORD-006625,2025-10-06,West,Store,Phone case,Accessories,2,9900,3500,15,Completed
ORD-006626,2025-10-07,Central,Online,Phone case,Accessories,4,9900,3500,15,Completed
ORD-006627,2025-10-07,Central,Online,Travel bag,Accessories,2,39900,23000,20,Cancelled
ORD-006628,2025-10-07,North,Online,Phone case,Accessories,3,9900,3500,0,Completed
ORD-006629,2025-10-07,West,Store,Bluetooth speaker,Electronics,2,34900,21000,20,Completed
ORD-006630,2025-10-07,West,Online,Travel bag,Accessories,3,39900,23000,15,Completed
ORD-006631,2025-10-07,West,Online,Phone case,Accessories,3,9900,3500,0,Completed
ORD-006632,2025-10-07,West,Online,Notebook pack,Office,2,8900,4000,0,Completed
ORD-006633,2025-10-07,West,Store,Storage set,Home,3,17900,9500,10,Completed
ORD-006634,2025-10-07,South,Store,Desk lamp,Home,4,24900,12500,0,Completed
ORD-006635,2025-10-07,North,Store,Phone case,Accessories,4,9900,3500,0,Completed
ORD-006636,2025-10-07,South,Online,Storage set,Home,1,17900,9500,0,Completed
ORD-006637,2025-10-08, South ,Online,Desk lamp,Home,2,24900,12500,20,Completed
ORD-006638,2025-10-08,North,Store,Travel bag,Accessories,4,39900,23000,0,Completed
ORD-006639,2025-10-08,West,Online,Bluetooth speaker,Electronics,2,34900,21000,10,Completed
ORD-006640,2025-10-08,South,Store,Notebook pack,Office,4,8900,4000,20,Completed
ORD-006641,2025-10-08,South,Online,Wireless headphones,Electronics,3,49900,29000,0,Completed
ORD-006642,2025-10-08,South,Online,Desk lamp,Home,1,24900,12500,10,Returned
ORD-006643,2025-10-08,West,Online,Travel bag,Accessories,1,39900,23000,15,Completed
ORD-006644,2025-10-08,Central,Store,Bluetooth speaker,Electronics,2,34900,21000,10,Completed
ORD-006645,2025-10-08,Central,Online,Travel bag,Accessories,3,39900,23000,20,Completed
ORD-006646,2025-10-08,Central,Store,Laptop stand,Office,2,29900,16000,15,Completed
ORD-006647,2025-10-09,North,Store,Storage set,Home,4,17900,9500,20,Completed
ORD-006648,2025-10-09,West,Store,Storage set,Home,2,17900,9500,10,Completed
ORD-006649,2025-10-09,South,Online,Bluetooth speaker,Electronics,3,34900,21000,0,Completed
ORD-006650,2025-10-09,North,Online,Storage set,Home,4,17900,9500,0,Completed
ORD-006651,2025-10-09,Central,Store,Travel bag,Accessories,2,39900,23000,0,Completed
ORD-006652,2025-10-09,North,Online,Wireless headphones,Electronics,4,49900,29000,0,Completed
ORD-006653,2025-10-09,South,Store,Bluetooth speaker,Electronics,2,34900,21000,0,Completed
ORD-006654,2025-10-09,Central,Store,Travel bag,Accessories,3,39900,23000,0,Completed
ORD-006655,2025-10-10,North,Online,Storage set,Home,1,17900,9500,0,Completed
ORD-006656,2025-10-10,North,Online,Laptop stand,Office,2,29900,16000,0,Completed
ORD-006657,2025-10-10,West,Online,Bluetooth speaker,Electronics,2,34900,21000,0,Completed
ORD-006658,2025-10-10,North,Online,Laptop stand,Office,4,29900,16000,0,Completed
ORD-006659,2025-10-10,North,Online,Bluetooth speaker,Electronics,1,34900,21000,20,Completed
ORD-006660,2025-10-10,Central,Store,Bluetooth speaker,Electronics,2,34900,21000,10,Completed
ORD-006661,2025-10-10,West,Online,Travel bag,Accessories,2,39900,23000,0,Completed
ORD-006662,2025-10-10,South,Store,Storage set,Home,2,17900,9500,0,Completed
ORD-006663,2025-10-10,West,Online,Bluetooth speaker,Electronics,1,34900,21000,15,Completed
ORD-006664,2025-10-11,North,Store,Travel bag,Accessories,4,39900,23000,0,Completed
ORD-006665,2025-10-11,West,Online,Desk lamp,Home,3,24900,12500,0,Completed
ORD-006666,2025-10-11,Central,Store,Wireless headphones,Electronics,2,49900,29000,10,Completed
ORD-006667,2025-10-11,Central,Store,Notebook pack,Office,3,8900,4000,0,Returned
ORD-006668,2025-10-11,Central,Online,Desk lamp,Home,1,24900,12500,0,Completed
ORD-006669,2025-10-11,Central,Online,Laptop stand,Office,2,29900,16000,0,Completed
ORD-006670,2025-10-11,West,Store,Bluetooth speaker,Electronics,1,34900,21000,0,Completed
ORD-006671,2025-10-11,South,Online,Wireless headphones,Electronics,1,49900,29000,15,Returned
ORD-006672,2025-10-11,Central,Online,Desk lamp,Home,3,24900,12500,0,Completed
ORD-006673,2025-10-11,South,Store,Notebook pack,Office,4,8900,4000,0,Completed
ORD-006674,2025-10-11,Central,Online,Wireless headphones,Electronics,3,49900,29000,0,Completed
ORD-006675,2025-10-11,South,Store,Bluetooth speaker,Electronics,1,34900,21000,10,Completed
ORD-006676,2025-10-11,North,Online,Laptop stand,Office,4,29900,16000,0,Completed
ORD-006677,2025-10-11,Central,Online,Laptop stand,Office,1,29900,16000,0,Completed
ORD-006678,2025-10-11,Central,Online,Wireless headphones,Electronics,3,49900,29000,15,Completed
ORD-006679,2025-10-12,West,Online,Travel bag,Accessories,2,39900,23000,0,Completed
ORD-006680,2025-10-12,North,Online,Wireless headphones,Electronics,1,49900,29000,0,Completed
ORD-006681,2025-10-12,Central,Online,Wireless headphones,Electronics,1,49900,29000,15,Completed
ORD-006682,2025-10-12,Central,Online,Wireless headphones,Electronics,2,49900,29000,0,Returned
ORD-006683,2025-10-12,South,Store,Phone case,Accessories,3,9900,3500,0,Completed
ORD-006684,2025-10-12,South,Store,Desk lamp,Home,3,24900,12500,20,Completed
ORD-006685,2025-10-12,Central,Online,Travel bag,Accessories,4,39900,23000,10,Completed
ORD-006686,2025-10-12,West,Online,Desk lamp,Home,4,24900,12500,0,Completed
ORD-006687,2025-10-12,Central,Store,Storage set,Home,2,17900,9500,0,Completed
ORD-006688,2025-10-12,North,Online,Laptop stand,Office,2,29900,16000,10,Completed
ORD-006689,2025-10-12,North,Store,Phone case,Accessories,4,9900,3500,20,Completed
ORD-006690,2025-10-12,West,Online,Bluetooth speaker,Electronics,3,34900,21000,0,Returned
ORD-006691,2025-10-12,North,Store,Wireless headphones,Electronics,1,49900,29000,20,Completed
ORD-006692,2025-10-13,Central,Store,Laptop stand,Office,4,29900,16000,20,Completed
ORD-006693,2025-10-13,South,Online,Phone case,Accessories,2,9900,3500,0,Completed
ORD-006694,2025-10-13,South,Store,Wireless headphones,Electronics,3,49900,29000,0,Completed
ORD-006695,2025-10-13,Central,Online,Bluetooth speaker,Electronics,3,34900,21000,0,Completed
ORD-006696,2025-10-13,Central,Online,Storage set,Home,1,17900,9500,0,Completed
ORD-006697,2025-10-13,North,Online,Wireless headphones,Electronics,3,49900,29000,0,Returned
ORD-006698,2025-10-13,Central,Store,Bluetooth speaker,Electronics,4,34900,21000,0,Cancelled
ORD-006699,2025-10-13,West,Online,Wireless headphones,Electronics,1,49900,29000,0,Completed
ORD-006700,2025-10-13,North,Online,Wireless headphones,Electronics,4,49900,29000,10,Completed
ORD-006701,2025-10-13,South,Online,Laptop stand,Office,4,29900,16000,0,Completed
ORD-006702,2025-10-13,South,Store,Travel bag,Accessories,1,39900,23000,10,Returned
ORD-006703,2025-10-13,West,Online,Desk lamp,Home,3,24900,12500,0,Completed
ORD-006704,2025-10-14,Central,Online,Travel bag,Accessories,4,39900,23000,15,Cancelled
ORD-006705,2025-10-14,Central,Online,Travel bag,Accessories,3,39900,23000,0,Completed
ORD-006706,2025-10-14,South,Store,Wireless headphones,Electronics,1,49900,29000,10,Completed
ORD-006707,2025-10-14,Central,Store,Laptop stand,Office,2,29900,16000,0,Completed
ORD-006708,2025-10-14,Central,Online,Desk lamp,Home,2,24900,12500,0,Completed
ORD-006709,2025-10-14,Central,Online,Bluetooth speaker,Electronics,2,34900,21000,0,Completed
ORD-006710,2025-10-14,Central,Store,Wireless headphones,Electronics,4,49900,29000,0,Completed
ORD-006711,2025-10-15,West,Online,Wireless headphones,Electronics,2,49900,29000,15,Completed
ORD-006712,2025-10-15,West,Online,Wireless headphones,Electronics,1,49900,29000,20,Completed
ORD-006713,2025-10-15,West,Online,Wireless headphones,Electronics,1,49900,29000,0,Returned
ORD-006714,2025-10-15,North,Store,Laptop stand,Office,4,29900,16000,0,Completed
ORD-006715,2025-10-15,South,Store,Desk lamp,Home,1,24900,12500,10,Completed
ORD-006716,2025-10-15, West ,Online,Phone case,Accessories,1,9900,3500,10,Cancelled
ORD-006717,2025-10-15,West,Store,Laptop stand,Office,3,29900,16000,20,Completed
ORD-006718,2025-10-15,South,Store,Travel bag,Accessories,1,39900,23000,15,Completed
ORD-006719,2025-10-16,Central,Online,Travel bag,Accessories,3,39900,23000,0,Completed
ORD-006720,2025-10-16,West,Online,Notebook pack,Office,4,8900,4000,0,Completed
ORD-006721,2025-10-16,South,Online,Phone case,Accessories,2,9900,3500,10,Completed
ORD-006722,2025-10-16,Central,Store,Phone case,Accessories,2,9900,3500,0,Completed
ORD-006723,2025-10-16,South,Store,Bluetooth speaker,Electronics,3,34900,21000,0,Completed
ORD-006724,2025-10-16,West,Online,Bluetooth speaker,Electronics,2,34900,21000,0,Completed
ORD-006725,2025-10-16,Central,Store,Phone case,Accessories,2,9900,3500,0,Completed
ORD-006726,2025-10-16,Central,Store,Phone case,Accessories,1,9900,3500,10,Completed
ORD-006727,2025-10-16,West,Store,Wireless headphones,Electronics,1,49900,29000,0,Completed
ORD-006728,2025-10-16,North,Online,Wireless headphones,Electronics,2,49900,29000,0,Completed
ORD-006729,2025-10-16,West,Online,Laptop stand,Office,2,29900,16000,0,Completed
ORD-006730,2025-10-16,Central,Online,Bluetooth speaker,Electronics,3,34900,21000,0,Completed
ORD-006731,2025-10-16,South,Store,Phone case,Accessories,2,9900,3500,0,Completed
ORD-006732,2025-10-16,Central,Store,Laptop stand,Office,2,29900,16000,0,Completed
ORD-006733,2025-10-17,West,Store,Phone case,Accessories,3,9900,3500,0,Completed
ORD-006734,2025-10-17,West,Store,Notebook pack,Office,4,8900,4000,15,Completed
ORD-006735,2025-10-17,North,Online,Storage set,Home,4,17900,9500,0,Completed
ORD-006736,2025-10-17,Central,Online,Desk lamp,Home,1,24900,12500,0,Completed
ORD-006737,2025-10-17,Central,Online,Laptop stand,Office,1,29900,16000,0,Completed
ORD-006738,2025-10-17,Central,Store,Phone case,Accessories,1,9900,3500,0,Returned
ORD-006739,2025-10-17,Central,Store,Wireless headphones,Electronics,3,49900,29000,15,Completed
ORD-006740,2025-10-17,West,Store,Wireless headphones,Electronics,3,49900,29000,0,Completed
ORD-006741,2025-10-17,South,Store,Desk lamp,Home,4,24900,12500,0,Completed
ORD-006742,2025-10-17,North,Store,Travel bag,Accessories,4,39900,23000,0,Completed
ORD-006743,2025-10-17,North,Online,Storage set,Home,1,17900,9500,0,Completed
ORD-006744,2025-10-17,West,Online,Desk lamp,Home,2,24900,12500,0,Cancelled
ORD-006745,2025-10-17,Central,Store,Laptop stand,Office,1,29900,16000,10,Completed
ORD-006746,2025-10-17,Central,Online,Storage set,Home,1,17900,9500,0,Completed
ORD-006747,2025-10-18,South,Online,Desk lamp,Home,4,24900,12500,0,Completed
ORD-006748,2025-10-18,West,Online,Storage set,Home,2,17900,9500,15,Completed
ORD-006749,2025-10-18,West,Store,Phone case,Accessories,1,9900,3500,0,Completed
ORD-006750,2025-10-18,South,Online,Storage set,Home,2,17900,9500,0,Completed
ORD-006751,2025-10-18,Central,Online,Storage set,Home,1,17900,9500,10,Completed
ORD-006752,2025-10-18,North,Store,Laptop stand,Office,4,29900,16000,0,Completed
ORD-006753,2025-10-18,Central,Store,Phone case,Accessories,4,9900,3500,0,Returned
ORD-006754,2025-10-18,Central,Online,Laptop stand,Office,3,29900,16000,10,Completed
ORD-006755,2025-10-18,Central,Online,Bluetooth speaker,Electronics,2,34900,21000,0,Completed
ORD-006756,2025-10-18,South,Online,Phone case,Accessories,3,9900,3500,20,Completed
ORD-006757,2025-10-18,West,Store,Wireless headphones,Electronics,2,49900,29000,10,Completed
ORD-006758,2025-10-18,Central,Online,Bluetooth speaker,Electronics,2,34900,21000,0,Completed
ORD-006759,2025-10-18,South,Store,Travel bag,Accessories,2,39900,23000,20,Completed
ORD-006760,2025-10-19,North,Online,Phone case,Accessories,4,9900,3500,0,Completed
ORD-006761,2025-10-19,Central,Store,Notebook pack,Office,2,8900,4000,0,Completed
ORD-006762,2025-10-19,Central,Online,Travel bag,Accessories,3,39900,23000,0,Completed
ORD-006763,2025-10-19,Central,Store,Bluetooth speaker,Electronics,2,34900,21000,0,Cancelled
ORD-006764,2025-10-19,Central,Online,Laptop stand,Office,2,29900,16000,0,Completed
ORD-006765,2025-10-19,North,Online,Travel bag,Accessories,3,39900,23000,0,Completed
ORD-006766,2025-10-19,West,Online,Storage set,Home,4,17900,9500,10,Completed
ORD-006767,2025-10-19,West,Online,Storage set,Home,4,17900,9500,0,Completed
ORD-006768,2025-10-19,West,Online,Travel bag,Accessories,3,39900,23000,10,Completed
ORD-006769,2025-10-20,Central,Store,Wireless headphones,Electronics,3,49900,29000,0,Completed
ORD-006770,2025-10-20,South,Store,Laptop stand,Office,4,29900,16000,0,Completed
ORD-006771,2025-10-20,Central,Store,Storage set,Home,3,17900,9500,0,Completed
ORD-006772,2025-10-20,Central,Online,Laptop stand,Office,4,29900,16000,0,Completed
ORD-006773,2025-10-20,South,Store,Notebook pack,Office,3,8900,4000,20,Completed
ORD-006774,2025-10-20,North,Store,Travel bag,Accessories,2,39900,23000,0,Completed
ORD-006775,2025-10-20,Central,Store,Desk lamp,Home,4,24900,12500,0,Completed
ORD-006776,2025-10-20,Central,Online,Laptop stand,Office,4,29900,16000,0,Completed
ORD-006777,2025-10-20,West,Store,Bluetooth speaker,Electronics,2,34900,21000,10,Completed
ORD-006778,2025-10-20,West,Store,Bluetooth speaker,Electronics,1,34900,21000,20,Completed
ORD-006779,2025-10-20,Central,Online,Travel bag,Accessories,3,39900,23000,0,Completed
ORD-006780,2025-10-20,Central,Online,Wireless headphones,Electronics,1,49900,29000,10,Completed
ORD-006781,2025-10-20,Central,Online,Wireless headphones,Electronics,3,49900,29000,15,Completed
ORD-006782,2025-10-21,South,Online,Bluetooth speaker,Electronics,1,34900,21000,15,Completed
ORD-006783,2025-10-21,South,Online,Storage set,Home,1,17900,9500,0,Completed
ORD-006784,2025-10-21,North,Online,Wireless headphones,Electronics,3,49900,29000,0,Completed
ORD-006785,2025-10-21,North,Store,Wireless headphones,Electronics,3,49900,29000,0,Completed
ORD-006786,2025-10-21,Central,Online,Phone case,Accessories,2,9900,3500,0,Cancelled
ORD-006787,2025-10-21,South,Store,Phone case,Accessories,3,9900,3500,0,Completed
ORD-006788,2025-10-21,West,Online,Notebook pack,Office,3,8900,4000,0,Completed
ORD-006789,2025-10-21,West,Store,Wireless headphones,Electronics,4,49900,29000,15,Completed
ORD-006790,2025-10-21,South,Online,Bluetooth speaker,Electronics,1,34900,21000,0,Completed
ORD-006791,2025-10-21,Central,Store,Desk lamp,Home,4,24900,12500,10,Completed
ORD-006792,2025-10-21,Central,Online,Bluetooth speaker,Electronics,2,34900,21000,10,Completed
ORD-006793,2025-10-21,West,Store,Travel bag,Accessories,3,39900,23000,0,Completed
ORD-006794,2025-10-21,Central,Store,Notebook pack,Office,4,8900,4000,0,Completed
ORD-006795,2025-10-22, North ,Online,Travel bag,Accessories,2,39900,23000,15,Completed
ORD-006796,2025-10-22,South,Online,Travel bag,Accessories,1,39900,23000,0,Completed
ORD-006797,2025-10-22,Central,Store,Bluetooth speaker,Electronics,1,34900,21000,0,Completed
ORD-006798,2025-10-22,Central,Store,Wireless headphones,Electronics,3,49900,29000,0,Completed
ORD-006799,2025-10-22,North,Store,Bluetooth speaker,Electronics,1,34900,21000,20,Completed
ORD-006800,2025-10-22,South,Store,Phone case,Accessories,2,9900,3500,10,Completed
ORD-006801,2025-10-22,West,Store,Storage set,Home,3,17900,9500,0,Returned
ORD-006802,2025-10-22,South,Online,Bluetooth speaker,Electronics,2,34900,21000,0,Completed
ORD-006803,2025-10-22,Central,Online,Notebook pack,Office,1,8900,4000,20,Completed
ORD-006804,2025-10-23,Central,Store,Travel bag,Accessories,4,39900,23000,0,Completed
ORD-006805,2025-10-23,South,Store,Travel bag,Accessories,3,39900,23000,0,Completed
ORD-006806,2025-10-23,Central,Online,Storage set,Home,3,17900,9500,0,Completed
ORD-006807,2025-10-23,North,Online,Laptop stand,Office,4,29900,16000,0,Completed
ORD-006808,2025-10-23,South,Store,Phone case,Accessories,2,9900,3500,10,Completed
ORD-006809,2025-10-23,Central,Store,Desk lamp,Home,4,24900,12500,0,Completed
ORD-006810,2025-10-23,Central,Online,Travel bag,Accessories,4,39900,23000,0,Completed
ORD-006811,2025-10-23,North,Store,Desk lamp,Home,3,24900,12500,0,Completed
ORD-006812,2025-10-23,Central,Store,Desk lamp,Home,3,24900,12500,20,Completed
ORD-006813,2025-10-23,Central,Online,Desk lamp,Home,4,24900,12500,0,Returned
ORD-006814,2025-10-23,South,Online,Storage set,Home,3,17900,9500,10,Completed
ORD-006815,2025-10-23,South,Online,Travel bag,Accessories,4,39900,23000,0,Completed
ORD-006816,2025-10-24,North,Store,Laptop stand,Office,3,29900,16000,0,Completed
ORD-006817,2025-10-24,South,Store,Laptop stand,Office,3,29900,16000,0,Completed
ORD-006818,2025-10-24,North,Online,Phone case,Accessories,3,9900,3500,0,Completed
ORD-006819,2025-10-24,South,Online,Phone case,Accessories,3,9900,3500,0,Completed
ORD-006820,2025-10-24,South,Online,Desk lamp,Home,1,24900,12500,0,Cancelled
ORD-006821,2025-10-24,South,Store,Storage set,Home,4,17900,9500,10,Completed
ORD-006822,2025-10-24,West,Store,Desk lamp,Home,1,24900,12500,0,Completed
ORD-006823,2025-10-24,South,Online,Bluetooth speaker,Electronics,3,34900,21000,0,Completed
ORD-006824,2025-10-25,Central,Online,Phone case,Accessories,2,9900,3500,15,Completed
ORD-006825,2025-10-25,West,Online,Desk lamp,Home,4,24900,12500,15,Returned
ORD-006826,2025-10-25,South,Online,Phone case,Accessories,4,9900,3500,15,Completed
ORD-006827,2025-10-25,West,Online,Phone case,Accessories,4,9900,3500,0,Completed
ORD-006828,2025-10-25,West,Store,Phone case,Accessories,4,9900,3500,0,Returned
ORD-006829,2025-10-25,West,Online,Storage set,Home,1,17900,9500,0,Returned
ORD-006830,2025-10-25,West,Online,Desk lamp,Home,3,24900,12500,10,Completed
ORD-006831,2025-10-25,Central,Store,Travel bag,Accessories,4,39900,23000,0,Completed
ORD-006832,2025-10-25,South,Online,Laptop stand,Office,3,29900,16000,0,Completed
ORD-006833,2025-10-26,West,Store,Laptop stand,Office,3,29900,16000,0,Completed
ORD-006834,2025-10-26,Central,Online,Phone case,Accessories,1,9900,3500,15,Completed
ORD-006835,2025-10-26,West,Store,Storage set,Home,2,17900,9500,0,Returned
ORD-006836,2025-10-26,West,Online,Desk lamp,Home,4,24900,12500,0,Completed
ORD-006837,2025-10-26,Central,Online,Notebook pack,Office,4,8900,4000,0,Completed
ORD-006838,2025-10-26,South,Store,Bluetooth speaker,Electronics,2,34900,21000,0,Returned
ORD-006839,2025-10-26,West,Online,Desk lamp,Home,3,24900,12500,15,Completed
ORD-006840,2025-10-26,South,Online,Notebook pack,Office,3,8900,4000,10,Completed
ORD-006841,2025-10-26,Central,Store,Travel bag,Accessories,1,39900,23000,10,Completed
ORD-006842,2025-10-26,West,Store,Phone case,Accessories,2,9900,3500,15,Completed
ORD-006843,2025-10-26,Central,Store,Notebook pack,Office,3,8900,4000,20,Completed
ORD-006844,2025-10-26,Central,Online,Laptop stand,Office,4,29900,16000,20,Completed
ORD-006845,2025-10-27,North,Online,Notebook pack,Office,1,8900,4000,0,Completed
ORD-006846,2025-10-27,North,Store,Laptop stand,Office,4,29900,16000,15,Completed
ORD-006847,2025-10-27,Central,Online,Travel bag,Accessories,3,39900,23000,10,Completed
ORD-006848,2025-10-27,Central,Store,Notebook pack,Office,2,8900,4000,15,Completed
ORD-006849,2025-10-27,West,Online,Storage set,Home,4,17900,9500,0,Completed
ORD-006850,2025-10-27,Central,Online,Laptop stand,Office,2,29900,16000,10,Completed
ORD-006851,2025-10-27,West,Store,Bluetooth speaker,Electronics,3,34900,21000,20,Completed
ORD-006852,2025-10-27,West,Online,Laptop stand,Office,4,29900,16000,0,Cancelled
ORD-006853,2025-10-27,West,Store,Travel bag,Accessories,4,39900,23000,10,Completed
ORD-006854,2025-10-28,West,Online,Laptop stand,Office,3,29900,16000,15,Completed
ORD-006855,2025-10-28,West,Online,Laptop stand,Office,3,29900,16000,10,Completed
ORD-006856,2025-10-28,North,Store,Notebook pack,Office,2,8900,4000,10,Completed
ORD-006857,2025-10-28,South,Online,Notebook pack,Office,3,8900,4000,0,Completed
ORD-006858,2025-10-28,North,Store,Desk lamp,Home,4,24900,12500,0,Completed
ORD-006859,2025-10-28,West,Online,Notebook pack,Office,4,8900,4000,0,Completed
ORD-006860,2025-10-28,Central,Online,Wireless headphones,Electronics,3,49900,29000,0,Completed
ORD-006861,2025-10-28,Central,Store,Laptop stand,Office,2,29900,16000,0,Completed
ORD-006862,2025-10-28,South,Online,Laptop stand,Office,2,29900,16000,10,Completed
ORD-006863,2025-10-28,North,Online,Storage set,Home,1,17900,9500,20,Completed
ORD-006864,2025-10-29,West,Online,Wireless headphones,Electronics,2,49900,29000,0,Completed
ORD-006865,2025-10-29,West,Store,Storage set,Home,2,17900,9500,20,Completed
ORD-006866,2025-10-29,West,Online,Desk lamp,Home,3,24900,12500,10,Completed
ORD-006867,2025-10-29,South,Store,Notebook pack,Office,4,8900,4000,15,Completed
ORD-006868,2025-10-29,South,Online,Laptop stand,Office,3,29900,16000,10,Completed
ORD-006869,2025-10-29,West,Store,Storage set,Home,2,17900,9500,10,Completed
ORD-006870,2025-10-29,North,Online,Storage set,Home,3,17900,9500,0,Completed
ORD-006871,2025-10-29,West,Online,Notebook pack,Office,2,8900,4000,10,Completed
ORD-006872,2025-10-29,South,Online,Wireless headphones,Electronics,4,49900,29000,0,Completed
ORD-006873,2025-10-29,South,Online,Storage set,Home,1,17900,9500,10,Completed
ORD-006874,2025-10-30, South ,Online,Notebook pack,Office,3,8900,4000,0,Completed
ORD-006875,2025-10-30,West,Store,Wireless headphones,Electronics,3,49900,29000,15,Completed
ORD-006876,2025-10-30,South,Online,Notebook pack,Office,4,8900,4000,0,Completed
ORD-006877,2025-10-30,Central,Store,Desk lamp,Home,4,24900,12500,0,Completed
ORD-006878,2025-10-30,North,Online,Notebook pack,Office,1,8900,4000,10,Completed
ORD-006879,2025-10-30,West,Store,Notebook pack,Office,2,8900,4000,0,Completed
ORD-006880,2025-10-30,West,Store,Wireless headphones,Electronics,2,49900,29000,0,Completed
ORD-006881,2025-10-30,West,Online,Laptop stand,Office,4,29900,16000,0,Completed
ORD-006882,2025-10-30,Central,Store,Desk lamp,Home,3,24900,12500,0,Completed
ORD-006883,2025-10-30,South,Online,Bluetooth speaker,Electronics,1,34900,21000,0,Completed
ORD-006884,2025-10-30,West,Online,Storage set,Home,2,17900,9500,10,Cancelled
ORD-006885,2025-10-30,West,Store,Bluetooth speaker,Electronics,3,34900,21000,20,Completed
ORD-006886,2025-10-30,West,Store,Bluetooth speaker,Electronics,4,34900,21000,0,Completed
ORD-006887,2025-10-31,West,Online,Bluetooth speaker,Electronics,2,34900,21000,0,Completed
ORD-006888,2025-10-31,Central,Store,Travel bag,Accessories,1,39900,23000,0,Completed
ORD-006889,2025-10-31,North,Online,Storage set,Home,4,17900,9500,0,Completed
ORD-006890,2025-10-31,North,Online,Storage set,Home,1,17900,9500,0,Returned
ORD-006891,2025-10-31,North,Store,Laptop stand,Office,4,29900,16000,10,Completed
ORD-006892,2025-10-31,South,Online,Wireless headphones,Electronics,3,49900,29000,0,Completed
ORD-006893,2025-10-31,North,Online,Storage set,Home,2,17900,9500,0,Cancelled
ORD-006894,2025-10-31,West,Online,Travel bag,Accessories,3,39900,23000,0,Completed
ORD-006895,2025-10-31,West,Online,Wireless headphones,Electronics,4,49900,29000,20,Completed
ORD-006896,2025-10-31,Central,Store,Phone case,Accessories,2,9900,3500,0,Completed
ORD-006897,2025-10-31,North,Online,Bluetooth speaker,Electronics,1,34900,21000,0,Completed
ORD-006898,2025-10-31,South,Store,Wireless headphones,Electronics,4,49900,29000,0,Completed
ORD-006899,2025-10-31,Central,Store,Travel bag,Accessories,4,39900,23000,10,Completed
ORD-006900,2025-10-31,Central,Online,Notebook pack,Office,1,8900,4000,15,Completed
ORD-006901,2025-11-01,South,Store,Travel bag,Accessories,3,39900,23000,10,Completed
ORD-006902,2025-11-01,West,Store,Laptop stand,Office,1,29900,16000,15,Completed
ORD-006903,2025-11-01,West,Store,Storage set,Home,3,17900,9500,0,Completed
ORD-006904,2025-11-01,North,Store,Notebook pack,Office,1,8900,4000,0,Completed
ORD-006905,2025-11-01,Central,Online,Storage set,Home,3,17900,9500,10,Completed
ORD-006906,2025-11-01,West,Store,Wireless headphones,Electronics,1,49900,29000,0,Completed
ORD-006907,2025-11-01,Central,Online,Phone case,Accessories,3,9900,3500,0,Completed
ORD-006908,2025-11-01,West,Store,Travel bag,Accessories,1,39900,23000,20,Completed
ORD-006909,2025-11-01,Central,Online,Desk lamp,Home,2,24900,12500,15,Completed
ORD-006910,2025-11-01,Central,Store,Wireless headphones,Electronics,2,49900,29000,0,Completed
ORD-006911,2025-11-01,West,Store,Desk lamp,Home,2,24900,12500,15,Completed
ORD-006912,2025-11-01,West,Store,Wireless headphones,Electronics,3,49900,29000,0,Cancelled
ORD-006913,2025-11-01,Central,Store,Wireless headphones,Electronics,4,49900,29000,15,Completed
ORD-006914,2025-11-01,West,Online,Desk lamp,Home,3,24900,12500,0,Completed
ORD-006915,2025-11-01,Central,Online,Wireless headphones,Electronics,4,49900,29000,20,Completed
ORD-006916,2025-11-01,North,Online,Bluetooth speaker,Electronics,4,34900,21000,0,Completed
ORD-006917,2025-11-02,West,Store,Phone case,Accessories,2,9900,3500,20,Completed
ORD-006918,2025-11-02,North,Online,Notebook pack,Office,2,8900,4000,15,Completed
ORD-006919,2025-11-02,North,Store,Bluetooth speaker,Electronics,4,34900,21000,0,Completed
ORD-006920,2025-11-02,Central,Store,Travel bag,Accessories,3,39900,23000,0,Completed
ORD-006921,2025-11-02,Central,Store,Storage set,Home,3,17900,9500,0,Completed
ORD-006922,2025-11-02,South,Online,Storage set,Home,2,17900,9500,0,Completed
ORD-006923,2025-11-02,West,Online,Phone case,Accessories,4,9900,3500,10,Completed
ORD-006924,2025-11-02,South,Online,Storage set,Home,1,17900,9500,0,Returned
ORD-006925,2025-11-02,Central,Online,Wireless headphones,Electronics,2,49900,29000,10,Completed
ORD-006926,2025-11-02,North,Store,Wireless headphones,Electronics,1,49900,29000,15,Completed
ORD-006927,2025-11-02,South,Store,Wireless headphones,Electronics,1,49900,29000,0,Cancelled
ORD-006928,2025-11-02,South,Store,Bluetooth speaker,Electronics,2,34900,21000,0,Completed
ORD-006929,2025-11-02,Central,Online,Laptop stand,Office,3,29900,16000,10,Completed
ORD-006930,2025-11-02,Central,Store,Bluetooth speaker,Electronics,3,34900,21000,10,Completed
ORD-006931,2025-11-03,West,Online,Storage set,Home,3,17900,9500,0,Completed
ORD-006932,2025-11-03,Central,Online,Wireless headphones,Electronics,1,49900,29000,0,Completed
ORD-006933,2025-11-03,Central,Store,Travel bag,Accessories,2,39900,23000,0,Returned
ORD-006934,2025-11-03,Central,Online,Wireless headphones,Electronics,2,49900,29000,0,Completed
ORD-006935,2025-11-03,Central,Online,Storage set,Home,1,17900,9500,10,Returned
ORD-006936,2025-11-03,Central,Store,Phone case,Accessories,2,9900,3500,0,Completed
ORD-006937,2025-11-03,North,Online,Laptop stand,Office,4,29900,16000,0,Completed
ORD-006938,2025-11-03,West,Online,Phone case,Accessories,4,9900,3500,0,Completed
ORD-006939,2025-11-03,North,Online,Storage set,Home,3,17900,9500,0,Completed
ORD-006940,2025-11-03,South,Online,Desk lamp,Home,4,24900,12500,10,Completed
ORD-006941,2025-11-03,South,Online,Wireless headphones,Electronics,2,49900,29000,0,Completed
ORD-006942,2025-11-03,Central,Store,Storage set,Home,2,17900,9500,0,Completed
ORD-006943,2025-11-03,Central,Online,Phone case,Accessories,3,9900,3500,0,Completed
ORD-006944,2025-11-03,West,Store,Phone case,Accessories,3,9900,3500,20,Completed
ORD-006945,2025-11-04,West,Online,Desk lamp,Home,4,24900,12500,15,Completed
ORD-006946,2025-11-04,West,Online,Notebook pack,Office,2,8900,4000,0,Completed
ORD-006947,2025-11-04,North,Online,Phone case,Accessories,2,9900,3500,10,Completed
ORD-006948,2025-11-04,South,Online,Laptop stand,Office,3,29900,16000,0,Completed
ORD-006949,2025-11-04,Central,Online,Phone case,Accessories,1,9900,3500,0,Completed
ORD-006950,2025-11-04,Central,Online,Phone case,Accessories,2,9900,3500,0,Completed
ORD-006951,2025-11-04,Central,Store,Wireless headphones,Electronics,2,49900,29000,0,Completed
ORD-006952,2025-11-04,South,Store,Desk lamp,Home,2,24900,12500,20,Completed
ORD-006953,2025-11-04, West ,Store,Laptop stand,Office,1,29900,16000,0,Completed
ORD-006954,2025-11-04,West,Store,Storage set,Home,3,17900,9500,0,Completed
ORD-006955,2025-11-04,Central,Online,Notebook pack,Office,3,8900,4000,0,Completed
ORD-006956,2025-11-04,North,Online,Bluetooth speaker,Electronics,4,34900,21000,15,Completed
ORD-006957,2025-11-04,South,Store,Bluetooth speaker,Electronics,2,34900,21000,20,Completed
ORD-006958,2025-11-04,Central,Store,Laptop stand,Office,1,29900,16000,10,Completed
ORD-006959,2025-11-04,North,Store,Phone case,Accessories,4,9900,3500,10,Returned
ORD-006960,2025-11-04,South,Store,Travel bag,Accessories,2,39900,23000,15,Completed
ORD-006961,2025-11-05,Central,Online,Phone case,Accessories,3,9900,3500,0,Completed
ORD-006962,2025-11-05,North,Store,Storage set,Home,2,17900,9500,0,Completed
ORD-006963,2025-11-05,Central,Online,Travel bag,Accessories,4,39900,23000,0,Completed
ORD-006964,2025-11-05,North,Online,Wireless headphones,Electronics,4,49900,29000,0,Completed
ORD-006965,2025-11-05,South,Online,Travel bag,Accessories,2,39900,23000,0,Returned
ORD-006966,2025-11-05,South,Online,Storage set,Home,4,17900,9500,0,Completed
ORD-006967,2025-11-05,South,Online,Wireless headphones,Electronics,1,49900,29000,10,Completed
ORD-006968,2025-11-05,North,Online,Wireless headphones,Electronics,1,49900,29000,0,Completed
ORD-006969,2025-11-05,South,Online,Desk lamp,Home,4,24900,12500,10,Completed
ORD-006970,2025-11-05,North,Store,Desk lamp,Home,2,24900,12500,0,Completed
ORD-006971,2025-11-05,West,Online,Bluetooth speaker,Electronics,2,34900,21000,20,Completed
ORD-006972,2025-11-05,Central,Store,Phone case,Accessories,2,9900,3500,0,Completed
ORD-006973,2025-11-06,West,Store,Bluetooth speaker,Electronics,1,34900,21000,0,Completed
ORD-006974,2025-11-06,Central,Online,Desk lamp,Home,2,24900,12500,15,Completed
ORD-006975,2025-11-06,West,Store,Laptop stand,Office,4,29900,16000,0,Completed
ORD-006976,2025-11-06,Central,Online,Storage set,Home,4,17900,9500,0,Completed
ORD-006977,2025-11-06,South,Online,Phone case,Accessories,3,9900,3500,0,Completed
ORD-006978,2025-11-06,West,Store,Desk lamp,Home,2,24900,12500,0,Completed
ORD-006979,2025-11-06,Central,Store,Notebook pack,Office,2,8900,4000,0,Completed
ORD-006980,2025-11-06,West,Online,Bluetooth speaker,Electronics,1,34900,21000,0,Cancelled
ORD-006981,2025-11-06,Central,Online,Phone case,Accessories,2,9900,3500,0,Completed
ORD-006982,2025-11-06,West,Store,Wireless headphones,Electronics,3,49900,29000,0,Completed
ORD-006983,2025-11-06,South,Online,Notebook pack,Office,1,8900,4000,0,Completed
ORD-006984,2025-11-06,Central,Store,Bluetooth speaker,Electronics,1,34900,21000,15,Completed
ORD-006985,2025-11-06,Central,Online,Bluetooth speaker,Electronics,3,34900,21000,0,Completed
ORD-006986,2025-11-06,Central,Online,Phone case,Accessories,1,9900,3500,0,Completed
ORD-006987,2025-11-06,South,Store,Desk lamp,Home,4,24900,12500,0,Completed
ORD-006988,2025-11-06,West,Online,Wireless headphones,Electronics,2,49900,29000,20,Completed
ORD-006989,2025-11-07,Central,Online,Notebook pack,Office,4,8900,4000,0,Completed
ORD-006990,2025-11-07,Central,Store,Notebook pack,Office,2,8900,4000,0,Cancelled
ORD-006991,2025-11-07,West,Online,Notebook pack,Office,1,8900,4000,10,Completed
ORD-006992,2025-11-07,West,Store,Travel bag,Accessories,1,39900,23000,0,Completed
ORD-006993,2025-11-07,North,Online,Bluetooth speaker,Electronics,2,34900,21000,0,Completed
ORD-006994,2025-11-07,West,Store,Laptop stand,Office,1,29900,16000,0,Returned
ORD-006995,2025-11-07,South,Online,Bluetooth speaker,Electronics,4,34900,21000,20,Completed
ORD-006996,2025-11-07,West,Online,Laptop stand,Office,3,29900,16000,15,Completed
ORD-006997,2025-11-07,West,Store,Phone case,Accessories,4,9900,3500,0,Completed
ORD-006998,2025-11-07,West,Store,Storage set,Home,2,17900,9500,0,Completed
ORD-006999,2025-11-07,West,Online,Wireless headphones,Electronics,1,49900,29000,0,Completed
ORD-007000,2025-11-08,Central,Online,Storage set,Home,1,17900,9500,0,Completed
ORD-007001,2025-11-08,North,Online,Desk lamp,Home,2,24900,12500,0,Completed
ORD-007002,2025-11-08,West,Online,Phone case,Accessories,2,9900,3500,20,Completed
ORD-007003,2025-11-08,West,Store,Desk lamp,Home,4,24900,12500,0,Completed
ORD-007004,2025-11-08,Central,Online,Notebook pack,Office,4,8900,4000,0,Returned
ORD-007005,2025-11-08,North,Store,Notebook pack,Office,4,8900,4000,0,Cancelled
ORD-007006,2025-11-08,Central,Store,Phone case,Accessories,3,9900,3500,15,Completed
ORD-007007,2025-11-08,Central,Online,Bluetooth speaker,Electronics,2,34900,21000,0,Completed
ORD-007008,2025-11-08,Central,Online,Laptop stand,Office,3,29900,16000,0,Completed
ORD-007009,2025-11-08,South,Store,Desk lamp,Home,3,24900,12500,0,Completed
ORD-007010,2025-11-08,South,Online,Bluetooth speaker,Electronics,1,34900,21000,0,Completed
ORD-007011,2025-11-08,West,Online,Storage set,Home,4,17900,9500,10,Completed
ORD-007012,2025-11-08,West,Online,Bluetooth speaker,Electronics,4,34900,21000,10,Completed
ORD-007013,2025-11-08,West,Online,Phone case,Accessories,3,9900,3500,0,Completed
ORD-007014,2025-11-08,South,Store,Desk lamp,Home,2,24900,12500,0,Returned
ORD-007015,2025-11-08,Central,Store,Desk lamp,Home,4,24900,12500,15,Completed
ORD-007016,2025-11-08,North,Online,Bluetooth speaker,Electronics,1,34900,21000,10,Completed
ORD-007017,2025-11-08,Central,Store,Phone case,Accessories,4,9900,3500,0,Completed
ORD-007018,2025-11-08,West,Online,Wireless headphones,Electronics,2,49900,29000,0,Cancelled
ORD-007019,2025-11-09,South,Online,Travel bag,Accessories,3,39900,23000,20,Completed
ORD-007020,2025-11-09,West,Online,Laptop stand,Office,2,29900,16000,10,Completed
ORD-007021,2025-11-09,South,Online,Travel bag,Accessories,4,39900,23000,15,Completed
ORD-007022,2025-11-09,Central,Online,Notebook pack,Office,3,8900,4000,0,Completed
ORD-007023,2025-11-09,South,Online,Travel bag,Accessories,1,39900,23000,20,Completed
ORD-007024,2025-11-09,South,Online,Wireless headphones,Electronics,3,49900,29000,0,Completed
ORD-007025,2025-11-09,North,Online,Travel bag,Accessories,4,39900,23000,0,Completed
ORD-007026,2025-11-09,West,Store,Laptop stand,Office,4,29900,16000,0,Completed
ORD-007027,2025-11-09,South,Online,Bluetooth speaker,Electronics,1,34900,21000,0,Completed
ORD-007028,2025-11-09,Central,Online,Storage set,Home,2,17900,9500,0,Returned
ORD-007029,2025-11-09,North,Online,Bluetooth speaker,Electronics,3,34900,21000,0,Completed
ORD-007030,2025-11-09,North,Online,Storage set,Home,1,17900,9500,20,Completed
ORD-007031,2025-11-09,Central,Online,Notebook pack,Office,1,8900,4000,10,Cancelled
ORD-007032,2025-11-09, Central ,Online,Phone case,Accessories,1,9900,3500,20,Completed
ORD-007033,2025-11-09,Central,Online,Desk lamp,Home,2,24900,12500,0,Completed
ORD-007034,2025-11-09,North,Online,Storage set,Home,1,17900,9500,0,Completed
ORD-007035,2025-11-10,North,Store,Travel bag,Accessories,4,39900,23000,0,Completed
ORD-007036,2025-11-10,Central,Online,Laptop stand,Office,4,29900,16000,0,Completed
ORD-007037,2025-11-10,West,Online,Travel bag,Accessories,3,39900,23000,0,Completed
ORD-007038,2025-11-10,South,Online,Travel bag,Accessories,4,39900,23000,0,Completed
ORD-007039,2025-11-10,North,Store,Desk lamp,Home,1,24900,12500,0,Completed
ORD-007040,2025-11-10,West,Store,Storage set,Home,1,17900,9500,0,Completed
ORD-007041,2025-11-10,West,Online,Travel bag,Accessories,3,39900,23000,10,Completed
ORD-007042,2025-11-10,Central,Online,Laptop stand,Office,1,29900,16000,10,Completed
ORD-007043,2025-11-10,Central,Store,Storage set,Home,2,17900,9500,15,Completed
ORD-007044,2025-11-10,West,Store,Notebook pack,Office,2,8900,4000,0,Completed
ORD-007045,2025-11-10,West,Store,Bluetooth speaker,Electronics,1,34900,21000,0,Completed
ORD-007046,2025-11-11,Central,Store,Phone case,Accessories,2,9900,3500,0,Completed
ORD-007047,2025-11-11,West,Online,Wireless headphones,Electronics,2,49900,29000,0,Completed
ORD-007048,2025-11-11,Central,Online,Notebook pack,Office,1,8900,4000,0,Completed
ORD-007049,2025-11-11,West,Store,Laptop stand,Office,4,29900,16000,0,Completed
ORD-007050,2025-11-11,North,Online,Wireless headphones,Electronics,3,49900,29000,0,Returned
ORD-007051,2025-11-11,West,Online,Storage set,Home,2,17900,9500,0,Completed
ORD-007052,2025-11-11,North,Online,Laptop stand,Office,3,29900,16000,0,Completed
ORD-007053,2025-11-11,North,Online,Notebook pack,Office,4,8900,4000,0,Completed
ORD-007054,2025-11-11,South,Online,Wireless headphones,Electronics,4,49900,29000,15,Completed
ORD-007055,2025-11-11,North,Online,Desk lamp,Home,2,24900,12500,0,Completed
ORD-007056,2025-11-11,Central,Store,Wireless headphones,Electronics,1,49900,29000,15,Completed
ORD-007057,2025-11-11,West,Online,Phone case,Accessories,2,9900,3500,0,Completed
ORD-007058,2025-11-11,West,Store,Bluetooth speaker,Electronics,1,34900,21000,15,Cancelled
ORD-007059,2025-11-12,West,Online,Wireless headphones,Electronics,4,49900,29000,0,Completed
ORD-007060,2025-11-12,North,Online,Storage set,Home,1,17900,9500,0,Completed
ORD-007061,2025-11-12,South,Store,Desk lamp,Home,3,24900,12500,0,Completed
ORD-007062,2025-11-12,North,Online,Desk lamp,Home,2,24900,12500,0,Completed
ORD-007063,2025-11-12,North,Online,Wireless headphones,Electronics,2,49900,29000,0,Returned
ORD-007064,2025-11-12,Central,Store,Desk lamp,Home,3,24900,12500,10,Completed
ORD-007065,2025-11-12,South,Store,Phone case,Accessories,2,9900,3500,0,Completed
ORD-007066,2025-11-12,West,Online,Notebook pack,Office,4,8900,4000,20,Completed
ORD-007067,2025-11-12,West,Store,Laptop stand,Office,3,29900,16000,0,Completed
ORD-007068,2025-11-12,Central,Store,Travel bag,Accessories,4,39900,23000,0,Returned
ORD-007069,2025-11-12,Central,Store,Storage set,Home,1,17900,9500,0,Completed
ORD-007070,2025-11-12,North,Online,Phone case,Accessories,2,9900,3500,15,Completed
ORD-007071,2025-11-12,North,Store,Wireless headphones,Electronics,1,49900,29000,10,Completed
ORD-007072,2025-11-13,Central,Online,Desk lamp,Home,2,24900,12500,0,Completed
ORD-007073,2025-11-13,Central,Online,Laptop stand,Office,4,29900,16000,10,Completed
ORD-007074,2025-11-13,Central,Store,Storage set,Home,3,17900,9500,0,Completed
ORD-007075,2025-11-13,Central,Online,Bluetooth speaker,Electronics,2,34900,21000,0,Cancelled
ORD-007076,2025-11-13,Central,Store,Storage set,Home,1,17900,9500,0,Returned
ORD-007077,2025-11-13,North,Online,Notebook pack,Office,3,8900,4000,10,Completed
ORD-007078,2025-11-13,Central,Online,Desk lamp,Home,3,24900,12500,20,Completed
ORD-007079,2025-11-13,West,Store,Wireless headphones,Electronics,3,49900,29000,0,Completed
ORD-007080,2025-11-13,West,Online,Notebook pack,Office,2,8900,4000,0,Completed
ORD-007081,2025-11-13,South,Online,Phone case,Accessories,2,9900,3500,0,Completed
ORD-007082,2025-11-13,North,Online,Notebook pack,Office,2,8900,4000,10,Completed
ORD-007083,2025-11-13,Central,Store,Storage set,Home,3,17900,9500,0,Returned
ORD-007084,2025-11-13,South,Store,Notebook pack,Office,2,8900,4000,0,Completed
ORD-007085,2025-11-13,West,Online,Notebook pack,Office,1,8900,4000,0,Completed
ORD-007086,2025-11-13,Central,Online,Laptop stand,Office,3,29900,16000,0,Completed
ORD-007087,2025-11-13,Central,Store,Desk lamp,Home,2,24900,12500,0,Completed
ORD-007088,2025-11-13,North,Online,Storage set,Home,4,17900,9500,15,Completed
ORD-007089,2025-11-13,South,Online,Travel bag,Accessories,3,39900,23000,0,Completed
ORD-007090,2025-11-14,North,Store,Notebook pack,Office,3,8900,4000,0,Completed
ORD-007091,2025-11-14,West,Online,Travel bag,Accessories,4,39900,23000,0,Completed
ORD-007092,2025-11-14,Central,Store,Desk lamp,Home,1,24900,12500,10,Completed
ORD-007093,2025-11-14,South,Online,Desk lamp,Home,3,24900,12500,15,Completed
ORD-007094,2025-11-14,West,Online,Bluetooth speaker,Electronics,3,34900,21000,0,Completed
ORD-007095,2025-11-14,West,Online,Laptop stand,Office,4,29900,16000,0,Completed
ORD-007096,2025-11-14,West,Store,Wireless headphones,Electronics,3,49900,29000,20,Completed
ORD-007097,2025-11-14,Central,Online,Travel bag,Accessories,2,39900,23000,0,Completed
ORD-007098,2025-11-14,West,Online,Laptop stand,Office,2,29900,16000,20,Completed
ORD-007099,2025-11-14,Central,Store,Travel bag,Accessories,2,39900,23000,0,Completed
ORD-007100,2025-11-14,Central,Online,Bluetooth speaker,Electronics,1,34900,21000,10,Returned
ORD-007101,2025-11-14,Central,Online,Storage set,Home,3,17900,9500,0,Completed
ORD-007102,2025-11-14,Central,Store,Bluetooth speaker,Electronics,4,34900,21000,0,Completed
ORD-007103,2025-11-14,South,Store,Wireless headphones,Electronics,3,49900,29000,0,Cancelled
ORD-007104,2025-11-14,West,Online,Bluetooth speaker,Electronics,3,34900,21000,0,Completed
ORD-007105,2025-11-14,Central,Online,Travel bag,Accessories,4,39900,23000,0,Completed
ORD-007106,2025-11-14,South,Store,Phone case,Accessories,3,9900,3500,0,Completed
ORD-007107,2025-11-14,North,Store,Storage set,Home,1,17900,9500,0,Completed
ORD-007108,2025-11-15,West,Online,Bluetooth speaker,Electronics,3,34900,21000,20,Cancelled
ORD-007109,2025-11-15,Central,Store,Wireless headphones,Electronics,3,49900,29000,20,Completed
ORD-007110,2025-11-15,Central,Online,Phone case,Accessories,1,9900,3500,0,Completed
ORD-007111,2025-11-15, West ,Store,Bluetooth speaker,Electronics,1,34900,21000,0,Completed
ORD-007112,2025-11-15,West,Store,Bluetooth speaker,Electronics,2,34900,21000,20,Completed
ORD-007113,2025-11-15,North,Store,Storage set,Home,3,17900,9500,0,Completed
ORD-007114,2025-11-15,North,Online,Desk lamp,Home,3,24900,12500,10,Completed
ORD-007115,2025-11-15,West,Online,Wireless headphones,Electronics,1,49900,29000,0,Completed
ORD-007116,2025-11-15,South,Online,Phone case,Accessories,4,9900,3500,0,Completed
ORD-007117,2025-11-15,South,Online,Notebook pack,Office,3,8900,4000,0,Completed
ORD-007118,2025-11-15,Central,Online,Bluetooth speaker,Electronics,3,34900,21000,0,Completed
ORD-007119,2025-11-15,Central,Store,Phone case,Accessories,1,9900,3500,0,Completed
ORD-007120,2025-11-15,North,Store,Travel bag,Accessories,1,39900,23000,0,Returned
ORD-007121,2025-11-16,West,Online,Desk lamp,Home,1,24900,12500,0,Completed
ORD-007122,2025-11-16,Central,Online,Storage set,Home,1,17900,9500,10,Completed
ORD-007123,2025-11-16,North,Online,Notebook pack,Office,4,8900,4000,0,Completed
ORD-007124,2025-11-16,North,Store,Storage set,Home,4,17900,9500,0,Completed
ORD-007125,2025-11-16,North,Online,Desk lamp,Home,3,24900,12500,10,Completed
ORD-007126,2025-11-16,Central,Store,Laptop stand,Office,2,29900,16000,0,Completed
ORD-007127,2025-11-16,South,Online,Travel bag,Accessories,4,39900,23000,10,Completed
ORD-007128,2025-11-16,West,Online,Storage set,Home,1,17900,9500,10,Returned
ORD-007129,2025-11-16,West,Store,Storage set,Home,1,17900,9500,20,Completed
ORD-007130,2025-11-16,West,Online,Laptop stand,Office,1,29900,16000,0,Completed
ORD-007131,2025-11-16,West,Online,Phone case,Accessories,2,9900,3500,10,Completed
ORD-007132,2025-11-16,Central,Online,Desk lamp,Home,3,24900,12500,10,Completed
ORD-007133,2025-11-16,South,Store,Laptop stand,Office,3,29900,16000,10,Completed
ORD-007134,2025-11-16,West,Online,Notebook pack,Office,4,8900,4000,0,Completed
ORD-007135,2025-11-16,Central,Store,Storage set,Home,4,17900,9500,15,Completed
ORD-007136,2025-11-16,West,Online,Bluetooth speaker,Electronics,1,34900,21000,20,Completed
ORD-007137,2025-11-16,South,Online,Desk lamp,Home,3,24900,12500,0,Completed
ORD-007138,2025-11-16,Central,Store,Phone case,Accessories,2,9900,3500,10,Completed
ORD-007139,2025-11-16,North,Online,Bluetooth speaker,Electronics,2,34900,21000,0,Completed
ORD-007140,2025-11-17,North,Store,Notebook pack,Office,2,8900,4000,0,Completed
ORD-007141,2025-11-17,Central,Online,Notebook pack,Office,2,8900,4000,10,Completed
ORD-007142,2025-11-17,North,Store,Travel bag,Accessories,2,39900,23000,0,Completed
ORD-007143,2025-11-17,South,Store,Desk lamp,Home,1,24900,12500,10,Completed
ORD-007144,2025-11-17,North,Store,Travel bag,Accessories,4,39900,23000,20,Completed
ORD-007145,2025-11-17,West,Store,Bluetooth speaker,Electronics,1,34900,21000,0,Completed
ORD-007146,2025-11-17,South,Store,Storage set,Home,2,17900,9500,10,Completed
ORD-007147,2025-11-17,Central,Online,Phone case,Accessories,4,9900,3500,0,Completed
ORD-007148,2025-11-17,West,Online,Storage set,Home,3,17900,9500,0,Completed
ORD-007149,2025-11-17,South,Online,Travel bag,Accessories,1,39900,23000,10,Completed
ORD-007150,2025-11-17,Central,Online,Wireless headphones,Electronics,1,49900,29000,0,Returned
ORD-007151,2025-11-17,South,Online,Wireless headphones,Electronics,2,49900,29000,0,Completed
ORD-007152,2025-11-17,Central,Store,Wireless headphones,Electronics,3,49900,29000,15,Returned
ORD-007153,2025-11-17,West,Online,Laptop stand,Office,3,29900,16000,10,Completed
ORD-007154,2025-11-18,Central,Online,Storage set,Home,3,17900,9500,0,Completed
ORD-007155,2025-11-18,Central,Online,Wireless headphones,Electronics,1,49900,29000,10,Completed
ORD-007156,2025-11-18,South,Online,Laptop stand,Office,4,29900,16000,0,Completed
ORD-007157,2025-11-18,Central,Store,Wireless headphones,Electronics,1,49900,29000,0,Completed
ORD-007158,2025-11-18,West,Store,Bluetooth speaker,Electronics,4,34900,21000,0,Completed
ORD-007159,2025-11-18,Central,Store,Wireless headphones,Electronics,3,49900,29000,10,Completed
ORD-007160,2025-11-18,Central,Online,Bluetooth speaker,Electronics,2,34900,21000,15,Completed
ORD-007161,2025-11-18,South,Online,Wireless headphones,Electronics,4,49900,29000,0,Completed
ORD-007162,2025-11-18,Central,Online,Wireless headphones,Electronics,4,49900,29000,0,Completed
ORD-007163,2025-11-18,Central,Online,Travel bag,Accessories,2,39900,23000,10,Completed
ORD-007164,2025-11-18,West,Online,Bluetooth speaker,Electronics,4,34900,21000,0,Completed
ORD-007165,2025-11-18,Central,Online,Desk lamp,Home,2,24900,12500,0,Completed
ORD-007166,2025-11-18,Central,Online,Wireless headphones,Electronics,1,49900,29000,0,Completed
ORD-007167,2025-11-18,West,Online,Desk lamp,Home,2,24900,12500,15,Completed
ORD-007168,2025-11-18,West,Online,Bluetooth speaker,Electronics,1,34900,21000,0,Completed
ORD-007169,2025-11-19,West,Online,Bluetooth speaker,Electronics,1,34900,21000,0,Completed
ORD-007170,2025-11-19,Central,Online,Laptop stand,Office,3,29900,16000,0,Completed
ORD-007171,2025-11-19,South,Online,Travel bag,Accessories,2,39900,23000,0,Completed
ORD-007172,2025-11-19,South,Store,Phone case,Accessories,2,9900,3500,0,Completed
ORD-007173,2025-11-19,West,Store,Laptop stand,Office,1,29900,16000,0,Completed
ORD-007174,2025-11-19,Central,Online,Desk lamp,Home,4,24900,12500,0,Completed
ORD-007175,2025-11-19,West,Store,Desk lamp,Home,3,24900,12500,0,Completed
ORD-007176,2025-11-19,West,Store,Travel bag,Accessories,2,39900,23000,15,Completed
ORD-007177,2025-11-19,West,Online,Phone case,Accessories,1,9900,3500,0,Completed
ORD-007178,2025-11-19,South,Online,Laptop stand,Office,3,29900,16000,0,Completed
ORD-007179,2025-11-19,South,Store,Storage set,Home,2,17900,9500,0,Completed
ORD-007180,2025-11-19,South,Store,Wireless headphones,Electronics,3,49900,29000,0,Completed
ORD-007181,2025-11-19,South,Online,Phone case,Accessories,2,9900,3500,0,Completed
ORD-007182,2025-11-19,North,Online,Laptop stand,Office,1,29900,16000,0,Returned
ORD-007183,2025-11-19,South,Online,Desk lamp,Home,3,24900,12500,0,Completed
ORD-007184,2025-11-19,South,Store,Travel bag,Accessories,3,39900,23000,0,Cancelled
ORD-007185,2025-11-20,West,Online,Bluetooth speaker,Electronics,4,34900,21000,10,Completed
ORD-007186,2025-11-20,North,Online,Travel bag,Accessories,4,39900,23000,15,Completed
ORD-007187,2025-11-20,Central,Online,Phone case,Accessories,3,9900,3500,0,Completed
ORD-007188,2025-11-20,Central,Online,Travel bag,Accessories,2,39900,23000,0,Completed
ORD-007189,2025-11-20,South,Online,Wireless headphones,Electronics,3,49900,29000,10,Completed
ORD-007190,2025-11-20, West ,Online,Storage set,Home,2,17900,9500,0,Returned
ORD-007191,2025-11-20,Central,Store,Laptop stand,Office,4,29900,16000,10,Completed
ORD-007192,2025-11-20,West,Online,Bluetooth speaker,Electronics,4,34900,21000,20,Completed
ORD-007193,2025-11-20,West,Store,Travel bag,Accessories,2,39900,23000,10,Completed
ORD-007194,2025-11-20,West,Online,Storage set,Home,2,17900,9500,0,Completed
ORD-007195,2025-11-20,South,Store,Bluetooth speaker,Electronics,4,34900,21000,0,Returned
ORD-007196,2025-11-20,Central,Online,Bluetooth speaker,Electronics,2,34900,21000,20,Completed
ORD-007197,2025-11-20,West,Online,Laptop stand,Office,2,29900,16000,10,Completed
ORD-007198,2025-11-21,Central,Online,Notebook pack,Office,2,8900,4000,0,Completed
ORD-007199,2025-11-21,Central,Online,Bluetooth speaker,Electronics,3,34900,21000,0,Completed
ORD-007200,2025-11-21,West,Online,Phone case,Accessories,2,9900,3500,0,Completed
ORD-007201,2025-11-21,West,Online,Notebook pack,Office,1,8900,4000,0,Completed
ORD-007202,2025-11-21,West,Online,Phone case,Accessories,1,9900,3500,10,Completed
ORD-007203,2025-11-21,Central,Store,Notebook pack,Office,4,8900,4000,10,Completed
ORD-007204,2025-11-21,West,Online,Travel bag,Accessories,4,39900,23000,0,Completed
ORD-007205,2025-11-21,Central,Online,Laptop stand,Office,3,29900,16000,10,Completed
ORD-007206,2025-11-21,West,Online,Travel bag,Accessories,3,39900,23000,0,Completed
ORD-007207,2025-11-21,Central,Store,Laptop stand,Office,2,29900,16000,20,Completed
ORD-007208,2025-11-21,Central,Online,Storage set,Home,1,17900,9500,0,Completed
ORD-007209,2025-11-21,South,Store,Phone case,Accessories,4,9900,3500,0,Completed
ORD-007210,2025-11-21,Central,Store,Bluetooth speaker,Electronics,1,34900,21000,0,Completed
ORD-007211,2025-11-21,South,Online,Bluetooth speaker,Electronics,1,34900,21000,0,Completed
ORD-007212,2025-11-21,Central,Store,Desk lamp,Home,2,24900,12500,20,Completed
ORD-007213,2025-11-22,Central,Online,Desk lamp,Home,4,24900,12500,0,Completed
ORD-007214,2025-11-22,North,Online,Laptop stand,Office,4,29900,16000,10,Completed
ORD-007215,2025-11-22,West,Online,Bluetooth speaker,Electronics,1,34900,21000,10,Completed
ORD-007216,2025-11-22,Central,Online,Desk lamp,Home,4,24900,12500,20,Completed
ORD-007217,2025-11-22,West,Online,Storage set,Home,3,17900,9500,0,Completed
ORD-007218,2025-11-22,Central,Store,Laptop stand,Office,1,29900,16000,0,Completed
ORD-007219,2025-11-22,South,Online,Storage set,Home,3,17900,9500,0,Completed
ORD-007220,2025-11-22,South,Online,Laptop stand,Office,1,29900,16000,15,Completed
ORD-007221,2025-11-22,Central,Store,Wireless headphones,Electronics,4,49900,29000,15,Completed
ORD-007222,2025-11-22,South,Store,Storage set,Home,1,17900,9500,0,Completed
ORD-007223,2025-11-22,Central,Store,Phone case,Accessories,2,9900,3500,15,Completed
ORD-007224,2025-11-22,Central,Online,Storage set,Home,2,17900,9500,15,Completed
ORD-007225,2025-11-22,West,Online,Bluetooth speaker,Electronics,2,34900,21000,0,Cancelled
ORD-007226,2025-11-22,Central,Online,Laptop stand,Office,4,29900,16000,15,Completed
ORD-007227,2025-11-22,Central,Store,Notebook pack,Office,2,8900,4000,15,Completed
ORD-007228,2025-11-22,West,Online,Laptop stand,Office,1,29900,16000,0,Completed
ORD-007229,2025-11-22,South,Store,Travel bag,Accessories,1,39900,23000,0,Completed
ORD-007230,2025-11-22,West,Store,Storage set,Home,2,17900,9500,0,Completed
ORD-007231,2025-11-22,North,Online,Phone case,Accessories,4,9900,3500,0,Completed
ORD-007232,2025-11-23,West,Online,Notebook pack,Office,4,8900,4000,0,Completed
ORD-007233,2025-11-23,Central,Online,Storage set,Home,1,17900,9500,0,Completed
ORD-007234,2025-11-23,Central,Online,Phone case,Accessories,2,9900,3500,20,Completed
ORD-007235,2025-11-23,Central,Online,Bluetooth speaker,Electronics,1,34900,21000,0,Completed
ORD-007236,2025-11-23,South,Online,Travel bag,Accessories,4,39900,23000,0,Returned
ORD-007237,2025-11-23,West,Online,Desk lamp,Home,2,24900,12500,0,Completed
ORD-007238,2025-11-23,North,Online,Desk lamp,Home,4,24900,12500,0,Cancelled
ORD-007239,2025-11-23,North,Store,Phone case,Accessories,1,9900,3500,10,Completed
ORD-007240,2025-11-23,Central,Online,Notebook pack,Office,4,8900,4000,0,Completed
ORD-007241,2025-11-23,West,Store,Storage set,Home,1,17900,9500,20,Completed
ORD-007242,2025-11-23,Central,Online,Storage set,Home,4,17900,9500,0,Completed
ORD-007243,2025-11-23,West,Online,Desk lamp,Home,1,24900,12500,20,Completed
ORD-007244,2025-11-23,Central,Online,Notebook pack,Office,2,8900,4000,20,Completed
ORD-007245,2025-11-23,North,Online,Notebook pack,Office,1,8900,4000,0,Completed
ORD-007246,2025-11-24,South,Store,Phone case,Accessories,2,9900,3500,15,Completed
ORD-007247,2025-11-24,West,Online,Bluetooth speaker,Electronics,3,34900,21000,0,Completed
ORD-007248,2025-11-24,Central,Online,Storage set,Home,3,17900,9500,0,Completed
ORD-007249,2025-11-24,West,Online,Storage set,Home,2,17900,9500,15,Completed
ORD-007250,2025-11-24,North,Store,Bluetooth speaker,Electronics,4,34900,21000,0,Completed
ORD-007251,2025-11-24,Central,Online,Bluetooth speaker,Electronics,3,34900,21000,15,Completed
ORD-007252,2025-11-24,Central,Online,Phone case,Accessories,4,9900,3500,0,Completed
ORD-007253,2025-11-24,Central,Online,Desk lamp,Home,1,24900,12500,0,Completed
ORD-007254,2025-11-24,Central,Online,Storage set,Home,2,17900,9500,10,Completed
ORD-007255,2025-11-24,Central,Online,Storage set,Home,4,17900,9500,10,Completed
ORD-007256,2025-11-24,South,Store,Laptop stand,Office,1,29900,16000,0,Completed
ORD-007257,2025-11-24,West,Store,Storage set,Home,4,17900,9500,10,Completed
ORD-007258,2025-11-24,Central,Store,Wireless headphones,Electronics,1,49900,29000,0,Completed
ORD-007259,2025-11-24,North,Store,Laptop stand,Office,2,29900,16000,10,Completed
ORD-007260,2025-11-24,Central,Online,Desk lamp,Home,2,24900,12500,10,Completed
ORD-007261,2025-11-24,North,Store,Notebook pack,Office,4,8900,4000,0,Completed
ORD-007262,2025-11-24,Central,Online,Storage set,Home,1,17900,9500,0,Returned
ORD-007263,2025-11-24,Central,Store,Storage set,Home,2,17900,9500,0,Completed
ORD-007264,2025-11-25,Central,Online,Bluetooth speaker,Electronics,3,34900,21000,10,Returned
ORD-007265,2025-11-25,West,Online,Phone case,Accessories,1,9900,3500,10,Cancelled
ORD-007266,2025-11-25,West,Online,Wireless headphones,Electronics,1,49900,29000,0,Cancelled
ORD-007267,2025-11-25,West,Online,Laptop stand,Office,1,29900,16000,15,Completed
ORD-007268,2025-11-25,West,Store,Bluetooth speaker,Electronics,2,34900,21000,20,Completed
ORD-007269,2025-11-25, Central ,Online,Notebook pack,Office,1,8900,4000,10,Completed
ORD-007270,2025-11-25,Central,Online,Notebook pack,Office,2,8900,4000,0,Completed
ORD-007271,2025-11-25,South,Store,Phone case,Accessories,4,9900,3500,15,Cancelled
ORD-007272,2025-11-25,South,Online,Wireless headphones,Electronics,4,49900,29000,0,Completed
ORD-007273,2025-11-25,Central,Store,Travel bag,Accessories,2,39900,23000,0,Completed
ORD-007274,2025-11-25,West,Online,Notebook pack,Office,2,8900,4000,10,Completed
ORD-007275,2025-11-26,Central,Online,Bluetooth speaker,Electronics,1,34900,21000,10,Completed
ORD-007276,2025-11-26,West,Online,Storage set,Home,4,17900,9500,0,Completed
ORD-007277,2025-11-26,South,Store,Notebook pack,Office,3,8900,4000,15,Completed
ORD-007278,2025-11-26,North,Store,Desk lamp,Home,4,24900,12500,0,Completed
ORD-007279,2025-11-26,Central,Store,Storage set,Home,1,17900,9500,0,Completed
ORD-007280,2025-11-26,West,Store,Notebook pack,Office,3,8900,4000,10,Cancelled
ORD-007281,2025-11-26,West,Online,Wireless headphones,Electronics,4,49900,29000,0,Completed
ORD-007282,2025-11-26,Central,Store,Notebook pack,Office,1,8900,4000,10,Completed
ORD-007283,2025-11-26,North,Online,Storage set,Home,3,17900,9500,15,Completed
ORD-007284,2025-11-26,West,Store,Phone case,Accessories,3,9900,3500,0,Returned
ORD-007285,2025-11-26,Central,Online,Storage set,Home,1,17900,9500,0,Completed
ORD-007286,2025-11-27,West,Online,Travel bag,Accessories,4,39900,23000,10,Completed
ORD-007287,2025-11-27,North,Store,Notebook pack,Office,3,8900,4000,10,Completed
ORD-007288,2025-11-27,Central,Store,Travel bag,Accessories,3,39900,23000,10,Completed
ORD-007289,2025-11-27,North,Online,Laptop stand,Office,2,29900,16000,0,Returned
ORD-007290,2025-11-27,Central,Store,Notebook pack,Office,1,8900,4000,0,Completed
ORD-007291,2025-11-27,Central,Store,Phone case,Accessories,2,9900,3500,0,Cancelled
ORD-007292,2025-11-27,South,Store,Travel bag,Accessories,3,39900,23000,0,Completed
ORD-007293,2025-11-27,Central,Store,Laptop stand,Office,1,29900,16000,15,Completed
ORD-007294,2025-11-27,South,Online,Wireless headphones,Electronics,1,49900,29000,20,Completed
ORD-007295,2025-11-27,West,Online,Wireless headphones,Electronics,2,49900,29000,10,Completed
ORD-007296,2025-11-27,Central,Online,Bluetooth speaker,Electronics,1,34900,21000,20,Completed
ORD-007297,2025-11-27,Central,Store,Notebook pack,Office,2,8900,4000,10,Completed
ORD-007298,2025-11-28,West,Online,Wireless headphones,Electronics,3,49900,29000,0,Completed
ORD-007299,2025-11-28,South,Online,Storage set,Home,3,17900,9500,15,Completed
ORD-007300,2025-11-28,Central,Store,Laptop stand,Office,4,29900,16000,0,Returned
ORD-007301,2025-11-28,South,Store,Wireless headphones,Electronics,1,49900,29000,0,Completed
ORD-007302,2025-11-28,Central,Online,Bluetooth speaker,Electronics,1,34900,21000,0,Completed
ORD-007303,2025-11-28,North,Store,Storage set,Home,1,17900,9500,0,Completed
ORD-007304,2025-11-28,West,Online,Desk lamp,Home,1,24900,12500,0,Completed
ORD-007305,2025-11-28,West,Online,Travel bag,Accessories,1,39900,23000,20,Completed
ORD-007306,2025-11-28,North,Online,Wireless headphones,Electronics,2,49900,29000,0,Completed
ORD-007307,2025-11-28,Central,Online,Bluetooth speaker,Electronics,4,34900,21000,0,Completed
ORD-007308,2025-11-28,South,Store,Travel bag,Accessories,2,39900,23000,0,Completed
ORD-007309,2025-11-28,Central,Online,Storage set,Home,3,17900,9500,0,Completed
ORD-007310,2025-11-29,West,Online,Desk lamp,Home,4,24900,12500,0,Completed
ORD-007311,2025-11-29,Central,Online,Wireless headphones,Electronics,1,49900,29000,0,Completed
ORD-007312,2025-11-29,South,Store,Wireless headphones,Electronics,3,49900,29000,0,Completed
ORD-007313,2025-11-29,Central,Online,Travel bag,Accessories,3,39900,23000,20,Completed
ORD-007314,2025-11-29,North,Online,Bluetooth speaker,Electronics,2,34900,21000,0,Returned
ORD-007315,2025-11-29,West,Store,Bluetooth speaker,Electronics,3,34900,21000,0,Returned
ORD-007316,2025-11-29,West,Store,Notebook pack,Office,1,8900,4000,0,Completed
ORD-007317,2025-11-29,South,Store,Laptop stand,Office,3,29900,16000,0,Completed
ORD-007318,2025-11-29,South,Online,Storage set,Home,1,17900,9500,0,Completed
ORD-007319,2025-11-29,North,Store,Laptop stand,Office,4,29900,16000,20,Completed
ORD-007320,2025-11-29,South,Online,Wireless headphones,Electronics,2,49900,29000,10,Completed
ORD-007321,2025-11-29,West,Online,Phone case,Accessories,1,9900,3500,10,Completed
ORD-007322,2025-11-29,North,Online,Laptop stand,Office,3,29900,16000,15,Completed
ORD-007323,2025-11-29,West,Online,Bluetooth speaker,Electronics,3,34900,21000,0,Completed
ORD-007324,2025-11-29,North,Online,Travel bag,Accessories,1,39900,23000,0,Completed
ORD-007325,2025-11-30,Central,Online,Bluetooth speaker,Electronics,1,34900,21000,0,Completed
ORD-007326,2025-11-30,West,Online,Laptop stand,Office,3,29900,16000,0,Completed
ORD-007327,2025-11-30,West,Online,Wireless headphones,Electronics,2,49900,29000,10,Completed
ORD-007328,2025-11-30,North,Store,Phone case,Accessories,4,9900,3500,0,Completed
ORD-007329,2025-11-30,Central,Store,Phone case,Accessories,4,9900,3500,10,Completed
ORD-007330,2025-11-30,South,Online,Phone case,Accessories,4,9900,3500,10,Completed
ORD-007331,2025-11-30,Central,Online,Bluetooth speaker,Electronics,4,34900,21000,10,Completed
ORD-007332,2025-11-30,Central,Store,Travel bag,Accessories,4,39900,23000,0,Completed
ORD-007333,2025-11-30,West,Online,Wireless headphones,Electronics,1,49900,29000,10,Completed
ORD-007334,2025-11-30,North,Store,Notebook pack,Office,3,8900,4000,10,Completed
ORD-007335,2025-11-30,North,Store,Bluetooth speaker,Electronics,4,34900,21000,15,Cancelled
ORD-007336,2025-11-30,North,Store,Laptop stand,Office,3,29900,16000,20,Completed
ORD-007337,2025-11-30,South,Store,Storage set,Home,2,17900,9500,10,Completed
ORD-007338,2025-11-30,Central,Online,Laptop stand,Office,1,29900,16000,0,Completed
ORD-007339,2025-11-30,Central,Online,Phone case,Accessories,4,9900,3500,0,Completed
ORD-007340,2025-11-30,North,Store,Bluetooth speaker,Electronics,3,34900,21000,15,Completed
ORD-007341,2025-11-30,Central,Online,Bluetooth speaker,Electronics,4,34900,21000,0,Completed
ORD-007342,2025-12-01,North,Store,Phone case,Accessories,4,9900,3500,0,Completed
ORD-007343,2025-12-01,Central,Store,Desk lamp,Home,3,24900,12500,0,Completed
ORD-007344,2025-12-01,South,Store,Laptop stand,Office,2,29900,16000,0,Completed
ORD-007345,2025-12-01,South,Online,Phone case,Accessories,1,9900,3500,0,Completed
ORD-007346,2025-12-01,South,Online,Phone case,Accessories,4,9900,3500,0,Completed
ORD-007347,2025-12-01,North,Online,Laptop stand,Office,4,29900,16000,15,Completed
ORD-007348,2025-12-01, North ,Online,Laptop stand,Office,2,29900,16000,0,Completed
ORD-007349,2025-12-01,Central,Store,Travel bag,Accessories,3,39900,23000,0,Completed
ORD-007350,2025-12-01,North,Online,Phone case,Accessories,1,9900,3500,0,Completed
ORD-007351,2025-12-01,South,Store,Phone case,Accessories,3,9900,3500,15,Completed
ORD-007352,2025-12-01,Central,Online,Travel bag,Accessories,3,39900,23000,0,Completed
ORD-007353,2025-12-01,South,Online,Storage set,Home,1,17900,9500,10,Completed
ORD-007354,2025-12-01,Central,Online,Bluetooth speaker,Electronics,3,34900,21000,0,Completed
ORD-007355,2025-12-01,Central,Store,Notebook pack,Office,3,8900,4000,0,Completed
ORD-007356,2025-12-02,South,Store,Wireless headphones,Electronics,1,49900,29000,0,Completed
ORD-007357,2025-12-02,West,Store,Wireless headphones,Electronics,3,49900,29000,0,Completed
ORD-007358,2025-12-02,North,Online,Wireless headphones,Electronics,3,49900,29000,0,Completed
ORD-007359,2025-12-02,South,Online,Notebook pack,Office,2,8900,4000,0,Completed
ORD-007360,2025-12-02,Central,Online,Travel bag,Accessories,1,39900,23000,0,Completed
ORD-007361,2025-12-02,Central,Store,Desk lamp,Home,4,24900,12500,0,Completed
ORD-007362,2025-12-02,Central,Online,Notebook pack,Office,4,8900,4000,0,Completed
ORD-007363,2025-12-02,Central,Online,Laptop stand,Office,2,29900,16000,10,Completed
ORD-007364,2025-12-02,North,Online,Desk lamp,Home,4,24900,12500,0,Completed
ORD-007365,2025-12-02,Central,Online,Wireless headphones,Electronics,2,49900,29000,10,Returned
ORD-007366,2025-12-02,South,Online,Bluetooth speaker,Electronics,4,34900,21000,0,Completed
ORD-007367,2025-12-02,Central,Online,Storage set,Home,1,17900,9500,0,Cancelled
ORD-007368,2025-12-02,West,Online,Bluetooth speaker,Electronics,2,34900,21000,10,Completed
ORD-007369,2025-12-02,Central,Online,Wireless headphones,Electronics,4,49900,29000,15,Completed
ORD-007370,2025-12-02,South,Store,Bluetooth speaker,Electronics,3,34900,21000,20,Completed
ORD-007371,2025-12-02,South,Online,Laptop stand,Office,4,29900,16000,0,Returned
ORD-007372,2025-12-02,North,Store,Bluetooth speaker,Electronics,1,34900,21000,10,Completed
ORD-007373,2025-12-02,Central,Online,Wireless headphones,Electronics,4,49900,29000,10,Completed
ORD-007374,2025-12-03,Central,Online,Desk lamp,Home,3,24900,12500,0,Cancelled
ORD-007375,2025-12-03,Central,Store,Phone case,Accessories,4,9900,3500,0,Completed
ORD-007376,2025-12-03,North,Online,Travel bag,Accessories,3,39900,23000,0,Returned
ORD-007377,2025-12-03,Central,Online,Storage set,Home,1,17900,9500,0,Completed
ORD-007378,2025-12-03,Central,Store,Laptop stand,Office,1,29900,16000,20,Completed
ORD-007379,2025-12-03,North,Online,Desk lamp,Home,3,24900,12500,20,Completed
ORD-007380,2025-12-03,Central,Online,Travel bag,Accessories,4,39900,23000,0,Completed
ORD-007381,2025-12-03,West,Store,Travel bag,Accessories,4,39900,23000,10,Completed
ORD-007382,2025-12-03,West,Store,Storage set,Home,1,17900,9500,0,Completed
ORD-007383,2025-12-03,North,Online,Storage set,Home,2,17900,9500,20,Completed
ORD-007384,2025-12-03,West,Online,Notebook pack,Office,2,8900,4000,0,Completed
ORD-007385,2025-12-03,Central,Online,Laptop stand,Office,1,29900,16000,0,Completed
ORD-007386,2025-12-03,Central,Online,Desk lamp,Home,4,24900,12500,0,Completed
ORD-007387,2025-12-03,West,Store,Laptop stand,Office,2,29900,16000,0,Completed
ORD-007388,2025-12-03,Central,Online,Notebook pack,Office,4,8900,4000,0,Completed
ORD-007389,2025-12-03,North,Online,Phone case,Accessories,3,9900,3500,10,Completed
ORD-007390,2025-12-03,South,Store,Travel bag,Accessories,1,39900,23000,0,Completed
ORD-007391,2025-12-04,North,Store,Wireless headphones,Electronics,4,49900,29000,10,Completed
ORD-007392,2025-12-04,Central,Online,Notebook pack,Office,1,8900,4000,10,Completed
ORD-007393,2025-12-04,Central,Online,Phone case,Accessories,4,9900,3500,0,Completed
ORD-007394,2025-12-04,North,Online,Notebook pack,Office,2,8900,4000,0,Completed
ORD-007395,2025-12-04,West,Online,Desk lamp,Home,3,24900,12500,10,Cancelled
ORD-007396,2025-12-04,North,Online,Travel bag,Accessories,3,39900,23000,15,Completed
ORD-007397,2025-12-04,West,Online,Wireless headphones,Electronics,4,49900,29000,10,Completed
ORD-007398,2025-12-04,South,Online,Desk lamp,Home,1,24900,12500,10,Completed
ORD-007399,2025-12-04,Central,Online,Phone case,Accessories,3,9900,3500,10,Completed
ORD-007400,2025-12-04,North,Store,Phone case,Accessories,1,9900,3500,0,Completed
ORD-007401,2025-12-04,West,Online,Desk lamp,Home,2,24900,12500,20,Completed
ORD-007402,2025-12-04,North,Online,Laptop stand,Office,4,29900,16000,20,Completed
ORD-007403,2025-12-05,Central,Online,Travel bag,Accessories,2,39900,23000,10,Completed
ORD-007404,2025-12-05,West,Store,Notebook pack,Office,2,8900,4000,0,Completed
ORD-007405,2025-12-05,Central,Store,Storage set,Home,1,17900,9500,0,Completed
ORD-007406,2025-12-05,Central,Online,Storage set,Home,1,17900,9500,0,Completed
ORD-007407,2025-12-05,West,Online,Desk lamp,Home,4,24900,12500,0,Completed
ORD-007408,2025-12-05,Central,Online,Wireless headphones,Electronics,3,49900,29000,0,Completed
ORD-007409,2025-12-05,West,Online,Desk lamp,Home,3,24900,12500,0,Completed
ORD-007410,2025-12-05,South,Online,Travel bag,Accessories,4,39900,23000,15,Completed
ORD-007411,2025-12-05,Central,Online,Wireless headphones,Electronics,1,49900,29000,0,Completed
ORD-007412,2025-12-05,West,Online,Storage set,Home,2,17900,9500,0,Completed
ORD-007413,2025-12-05,South,Store,Desk lamp,Home,3,24900,12500,15,Completed
ORD-007414,2025-12-05,Central,Online,Desk lamp,Home,2,24900,12500,10,Completed
ORD-007415,2025-12-05,West,Store,Storage set,Home,2,17900,9500,0,Completed
ORD-007416,2025-12-05,North,Store,Phone case,Accessories,1,9900,3500,10,Completed
ORD-007417,2025-12-05,South,Online,Notebook pack,Office,4,8900,4000,20,Completed
ORD-007418,2025-12-05,South,Online,Wireless headphones,Electronics,1,49900,29000,0,Completed
ORD-007419,2025-12-05,Central,Store,Wireless headphones,Electronics,2,49900,29000,0,Completed
ORD-007420,2025-12-05,West,Store,Desk lamp,Home,3,24900,12500,15,Completed
ORD-007421,2025-12-06,North,Online,Laptop stand,Office,2,29900,16000,10,Completed
ORD-007422,2025-12-06,North,Store,Phone case,Accessories,1,9900,3500,15,Cancelled
ORD-007423,2025-12-06,North,Online,Storage set,Home,1,17900,9500,0,Completed
ORD-007424,2025-12-06,West,Online,Storage set,Home,4,17900,9500,0,Completed
ORD-007425,2025-12-06,Central,Store,Travel bag,Accessories,1,39900,23000,0,Completed
ORD-007426,2025-12-06,West,Online,Desk lamp,Home,3,24900,12500,15,Completed
ORD-007427,2025-12-06, Central ,Store,Travel bag,Accessories,3,39900,23000,15,Completed
ORD-007428,2025-12-06,South,Online,Desk lamp,Home,3,24900,12500,20,Completed
ORD-007429,2025-12-06,Central,Online,Bluetooth speaker,Electronics,2,34900,21000,10,Completed
ORD-007430,2025-12-06,West,Online,Storage set,Home,1,17900,9500,0,Cancelled
ORD-007431,2025-12-06,West,Store,Notebook pack,Office,4,8900,4000,20,Completed
ORD-007432,2025-12-06,West,Store,Notebook pack,Office,4,8900,4000,0,Completed
ORD-007433,2025-12-06,South,Online,Travel bag,Accessories,1,39900,23000,20,Completed
ORD-007434,2025-12-06,South,Online,Travel bag,Accessories,2,39900,23000,0,Completed
ORD-007435,2025-12-06,South,Online,Laptop stand,Office,3,29900,16000,10,Completed
ORD-007436,2025-12-06,Central,Online,Storage set,Home,3,17900,9500,0,Completed
ORD-007437,2025-12-06,Central,Online,Desk lamp,Home,4,24900,12500,0,Completed
ORD-007438,2025-12-06,Central,Store,Phone case,Accessories,3,9900,3500,0,Completed
ORD-007439,2025-12-07,North,Store,Laptop stand,Office,4,29900,16000,0,Completed
ORD-007440,2025-12-07,West,Online,Wireless headphones,Electronics,2,49900,29000,0,Completed
ORD-007441,2025-12-07,South,Online,Wireless headphones,Electronics,3,49900,29000,0,Completed
ORD-007442,2025-12-07,North,Store,Notebook pack,Office,2,8900,4000,0,Completed
ORD-007443,2025-12-07,Central,Store,Laptop stand,Office,3,29900,16000,0,Completed
ORD-007444,2025-12-07,West,Store,Travel bag,Accessories,3,39900,23000,20,Completed
ORD-007445,2025-12-07,West,Store,Phone case,Accessories,1,9900,3500,15,Completed
ORD-007446,2025-12-07,West,Online,Storage set,Home,1,17900,9500,10,Completed
ORD-007447,2025-12-07,Central,Store,Storage set,Home,2,17900,9500,0,Completed
ORD-007448,2025-12-07,Central,Store,Travel bag,Accessories,2,39900,23000,0,Returned
ORD-007449,2025-12-07,South,Store,Desk lamp,Home,3,24900,12500,0,Completed
ORD-007450,2025-12-07,North,Online,Wireless headphones,Electronics,3,49900,29000,0,Completed
ORD-007451,2025-12-07,South,Store,Travel bag,Accessories,1,39900,23000,10,Completed
ORD-007452,2025-12-07,Central,Online,Bluetooth speaker,Electronics,3,34900,21000,0,Completed
ORD-007453,2025-12-07,Central,Store,Laptop stand,Office,3,29900,16000,0,Completed
ORD-007454,2025-12-08,West,Online,Bluetooth speaker,Electronics,3,34900,21000,15,Completed
ORD-007455,2025-12-08,Central,Online,Bluetooth speaker,Electronics,3,34900,21000,0,Completed
ORD-007456,2025-12-08,Central,Store,Wireless headphones,Electronics,2,49900,29000,0,Completed
ORD-007457,2025-12-08,South,Online,Phone case,Accessories,4,9900,3500,10,Returned
ORD-007458,2025-12-08,West,Store,Notebook pack,Office,2,8900,4000,0,Completed
ORD-007459,2025-12-08,West,Store,Laptop stand,Office,4,29900,16000,10,Completed
ORD-007460,2025-12-08,Central,Online,Travel bag,Accessories,1,39900,23000,0,Completed
ORD-007461,2025-12-08,South,Online,Desk lamp,Home,1,24900,12500,10,Completed
ORD-007462,2025-12-08,Central,Store,Phone case,Accessories,4,9900,3500,10,Completed
ORD-007463,2025-12-08,North,Store,Laptop stand,Office,1,29900,16000,10,Completed
ORD-007464,2025-12-08,Central,Store,Notebook pack,Office,4,8900,4000,20,Completed
ORD-007465,2025-12-08,Central,Store,Wireless headphones,Electronics,4,49900,29000,0,Completed
ORD-007466,2025-12-08,North,Store,Laptop stand,Office,4,29900,16000,0,Completed
ORD-007467,2025-12-08,Central,Online,Notebook pack,Office,1,8900,4000,0,Completed
ORD-007468,2025-12-08,Central,Store,Desk lamp,Home,1,24900,12500,10,Completed
ORD-007469,2025-12-08,South,Online,Travel bag,Accessories,3,39900,23000,10,Completed
ORD-007470,2025-12-08,Central,Store,Desk lamp,Home,2,24900,12500,10,Cancelled
ORD-007471,2025-12-09,West,Store,Storage set,Home,2,17900,9500,20,Completed
ORD-007472,2025-12-09,South,Online,Notebook pack,Office,4,8900,4000,15,Completed
ORD-007473,2025-12-09,Central,Online,Storage set,Home,4,17900,9500,10,Completed
ORD-007474,2025-12-09,North,Store,Desk lamp,Home,3,24900,12500,0,Completed
ORD-007475,2025-12-09,Central,Online,Storage set,Home,4,17900,9500,0,Completed
ORD-007476,2025-12-09,West,Online,Bluetooth speaker,Electronics,2,34900,21000,20,Completed
ORD-007477,2025-12-09,Central,Online,Notebook pack,Office,3,8900,4000,20,Completed
ORD-007478,2025-12-09,South,Online,Travel bag,Accessories,3,39900,23000,0,Completed
ORD-007479,2025-12-09,Central,Online,Laptop stand,Office,1,29900,16000,10,Completed
ORD-007480,2025-12-09,Central,Online,Desk lamp,Home,3,24900,12500,0,Completed
ORD-007481,2025-12-09,West,Online,Laptop stand,Office,1,29900,16000,0,Returned
ORD-007482,2025-12-09,Central,Store,Notebook pack,Office,1,8900,4000,0,Completed
ORD-007483,2025-12-09,North,Store,Travel bag,Accessories,3,39900,23000,0,Completed
ORD-007484,2025-12-09,West,Online,Wireless headphones,Electronics,4,49900,29000,10,Completed
ORD-007485,2025-12-09,Central,Online,Wireless headphones,Electronics,4,49900,29000,0,Returned
ORD-007486,2025-12-09,North,Online,Storage set,Home,4,17900,9500,0,Completed
ORD-007487,2025-12-09,North,Store,Notebook pack,Office,1,8900,4000,0,Completed
ORD-007488,2025-12-09,South,Online,Bluetooth speaker,Electronics,4,34900,21000,0,Completed
ORD-007489,2025-12-10,West,Online,Laptop stand,Office,3,29900,16000,10,Completed
ORD-007490,2025-12-10,Central,Online,Bluetooth speaker,Electronics,2,34900,21000,0,Completed
ORD-007491,2025-12-10,North,Store,Notebook pack,Office,1,8900,4000,0,Completed
ORD-007492,2025-12-10,North,Store,Notebook pack,Office,1,8900,4000,0,Completed
ORD-007493,2025-12-10,North,Online,Phone case,Accessories,3,9900,3500,20,Completed
ORD-007494,2025-12-10,Central,Online,Storage set,Home,1,17900,9500,0,Cancelled
ORD-007495,2025-12-10,Central,Store,Phone case,Accessories,3,9900,3500,0,Returned
ORD-007496,2025-12-10,Central,Store,Laptop stand,Office,2,29900,16000,0,Completed
ORD-007497,2025-12-10,West,Store,Storage set,Home,3,17900,9500,15,Completed
ORD-007498,2025-12-10,North,Store,Notebook pack,Office,2,8900,4000,10,Completed
ORD-007499,2025-12-10,South,Online,Wireless headphones,Electronics,2,49900,29000,0,Completed
ORD-007500,2025-12-10,Central,Store,Wireless headphones,Electronics,3,49900,29000,10,Completed
ORD-007501,2025-12-10,Central,Store,Wireless headphones,Electronics,2,49900,29000,15,Completed
ORD-007502,2025-12-10,West,Store,Bluetooth speaker,Electronics,2,34900,21000,0,Completed
ORD-007503,2025-12-11,West,Store,Wireless headphones,Electronics,4,49900,29000,0,Completed
ORD-007504,2025-12-11,West,Online,Desk lamp,Home,2,24900,12500,0,Completed
ORD-007505,2025-12-11,West,Store,Wireless headphones,Electronics,2,49900,29000,20,Completed
ORD-007506,2025-12-11, Central ,Store,Travel bag,Accessories,1,39900,23000,10,Completed
ORD-007507,2025-12-11,Central,Store,Wireless headphones,Electronics,1,49900,29000,0,Completed
ORD-007508,2025-12-11,West,Store,Storage set,Home,4,17900,9500,20,Completed
ORD-007509,2025-12-11,West,Store,Desk lamp,Home,3,24900,12500,0,Completed
ORD-007510,2025-12-11,West,Online,Storage set,Home,3,17900,9500,10,Returned
ORD-007511,2025-12-11,Central,Store,Storage set,Home,4,17900,9500,10,Completed
ORD-007512,2025-12-11,South,Online,Storage set,Home,4,17900,9500,0,Completed
ORD-007513,2025-12-11,Central,Store,Desk lamp,Home,2,24900,12500,0,Completed
ORD-007514,2025-12-11,South,Online,Notebook pack,Office,1,8900,4000,10,Completed
ORD-007515,2025-12-11,South,Store,Wireless headphones,Electronics,3,49900,29000,10,Completed
ORD-007516,2025-12-11,South,Store,Travel bag,Accessories,2,39900,23000,0,Completed
ORD-007517,2025-12-12,Central,Store,Wireless headphones,Electronics,2,49900,29000,0,Returned
ORD-007518,2025-12-12,Central,Store,Desk lamp,Home,3,24900,12500,15,Returned
ORD-007519,2025-12-12,Central,Online,Laptop stand,Office,2,29900,16000,10,Completed
ORD-007520,2025-12-12,Central,Online,Travel bag,Accessories,2,39900,23000,0,Completed
ORD-007521,2025-12-12,South,Store,Notebook pack,Office,1,8900,4000,0,Completed
ORD-007522,2025-12-12,West,Store,Bluetooth speaker,Electronics,3,34900,21000,10,Completed
ORD-007523,2025-12-12,South,Online,Laptop stand,Office,2,29900,16000,0,Completed
ORD-007524,2025-12-12,North,Store,Notebook pack,Office,4,8900,4000,0,Completed
ORD-007525,2025-12-12,North,Store,Desk lamp,Home,4,24900,12500,0,Completed
ORD-007526,2025-12-12,North,Store,Wireless headphones,Electronics,2,49900,29000,0,Completed
ORD-007527,2025-12-12,North,Store,Storage set,Home,1,17900,9500,10,Completed
ORD-007528,2025-12-12,North,Store,Phone case,Accessories,1,9900,3500,20,Returned
ORD-007529,2025-12-13,South,Store,Desk lamp,Home,4,24900,12500,0,Completed
ORD-007530,2025-12-13,North,Online,Bluetooth speaker,Electronics,1,34900,21000,10,Completed
ORD-007531,2025-12-13,West,Store,Travel bag,Accessories,2,39900,23000,0,Completed
ORD-007532,2025-12-13,North,Online,Desk lamp,Home,4,24900,12500,0,Completed
ORD-007533,2025-12-13,North,Online,Desk lamp,Home,3,24900,12500,0,Completed
ORD-007534,2025-12-13,Central,Online,Storage set,Home,3,17900,9500,0,Completed
ORD-007535,2025-12-13,West,Store,Notebook pack,Office,4,8900,4000,0,Completed
ORD-007536,2025-12-13,South,Store,Desk lamp,Home,1,24900,12500,0,Completed
ORD-007537,2025-12-13,West,Online,Laptop stand,Office,3,29900,16000,0,Returned
ORD-007538,2025-12-13,Central,Online,Phone case,Accessories,4,9900,3500,10,Returned
ORD-007539,2025-12-13,Central,Online,Desk lamp,Home,3,24900,12500,10,Completed
ORD-007540,2025-12-13,West,Store,Travel bag,Accessories,4,39900,23000,0,Completed
ORD-007541,2025-12-13,South,Online,Notebook pack,Office,1,8900,4000,0,Completed
ORD-007542,2025-12-13,West,Online,Notebook pack,Office,4,8900,4000,0,Completed
ORD-007543,2025-12-13,West,Store,Travel bag,Accessories,1,39900,23000,0,Completed
ORD-007544,2025-12-13,Central,Online,Wireless headphones,Electronics,3,49900,29000,0,Completed
ORD-007545,2025-12-13,West,Online,Laptop stand,Office,4,29900,16000,20,Completed
ORD-007546,2025-12-13,North,Store,Notebook pack,Office,1,8900,4000,10,Completed
ORD-007547,2025-12-13,Central,Online,Travel bag,Accessories,4,39900,23000,0,Completed
ORD-007548,2025-12-13,Central,Online,Desk lamp,Home,3,24900,12500,0,Completed
ORD-007549,2025-12-14,North,Store,Notebook pack,Office,2,8900,4000,0,Completed
ORD-007550,2025-12-14,Central,Online,Desk lamp,Home,2,24900,12500,0,Completed
ORD-007551,2025-12-14,Central,Store,Laptop stand,Office,2,29900,16000,15,Completed
ORD-007552,2025-12-14,West,Online,Notebook pack,Office,3,8900,4000,0,Completed
ORD-007553,2025-12-14,South,Online,Phone case,Accessories,1,9900,3500,0,Completed
ORD-007554,2025-12-14,Central,Store,Notebook pack,Office,2,8900,4000,10,Completed
ORD-007555,2025-12-14,West,Store,Storage set,Home,2,17900,9500,0,Completed
ORD-007556,2025-12-14,South,Store,Laptop stand,Office,1,29900,16000,0,Completed
ORD-007557,2025-12-14,West,Store,Notebook pack,Office,3,8900,4000,0,Completed
ORD-007558,2025-12-14,South,Online,Phone case,Accessories,2,9900,3500,20,Completed
ORD-007559,2025-12-14,North,Online,Wireless headphones,Electronics,3,49900,29000,10,Completed
ORD-007560,2025-12-14,North,Online,Bluetooth speaker,Electronics,4,34900,21000,0,Completed
ORD-007561,2025-12-14,South,Store,Wireless headphones,Electronics,1,49900,29000,20,Completed
ORD-007562,2025-12-14,Central,Store,Wireless headphones,Electronics,3,49900,29000,10,Completed
ORD-007563,2025-12-14,South,Online,Bluetooth speaker,Electronics,3,34900,21000,0,Completed
ORD-007564,2025-12-14,South,Online,Notebook pack,Office,2,8900,4000,0,Completed
ORD-007565,2025-12-14,Central,Store,Laptop stand,Office,2,29900,16000,0,Completed
ORD-007566,2025-12-14,North,Online,Desk lamp,Home,3,24900,12500,15,Completed
ORD-007567,2025-12-14,Central,Store,Desk lamp,Home,4,24900,12500,0,Completed
ORD-007568,2025-12-14,South,Online,Phone case,Accessories,3,9900,3500,0,Completed
ORD-007569,2025-12-15,West,Online,Notebook pack,Office,1,8900,4000,0,Completed
ORD-007570,2025-12-15,West,Store,Phone case,Accessories,4,9900,3500,15,Completed
ORD-007571,2025-12-15,South,Online,Travel bag,Accessories,4,39900,23000,0,Completed
ORD-007572,2025-12-15,North,Store,Laptop stand,Office,1,29900,16000,0,Completed
ORD-007573,2025-12-15,Central,Store,Storage set,Home,3,17900,9500,0,Completed
ORD-007574,2025-12-15,Central,Store,Desk lamp,Home,4,24900,12500,0,Completed
ORD-007575,2025-12-15,Central,Store,Desk lamp,Home,1,24900,12500,15,Completed
ORD-007576,2025-12-15,South,Online,Laptop stand,Office,1,29900,16000,15,Completed
ORD-007577,2025-12-15,Central,Online,Phone case,Accessories,2,9900,3500,10,Completed
ORD-007578,2025-12-15,South,Online,Bluetooth speaker,Electronics,3,34900,21000,0,Completed
ORD-007579,2025-12-15,South,Online,Travel bag,Accessories,4,39900,23000,0,Completed
ORD-007580,2025-12-15,West,Online,Laptop stand,Office,4,29900,16000,0,Completed
ORD-007581,2025-12-16,Central,Online,Bluetooth speaker,Electronics,4,34900,21000,15,Completed
ORD-007582,2025-12-16,North,Online,Wireless headphones,Electronics,1,49900,29000,0,Completed
ORD-007583,2025-12-16,South,Store,Phone case,Accessories,2,9900,3500,0,Completed
ORD-007584,2025-12-16,North,Online,Storage set,Home,4,17900,9500,0,Completed
ORD-007585,2025-12-16, North ,Online,Bluetooth speaker,Electronics,4,34900,21000,0,Completed
ORD-007586,2025-12-16,West,Store,Phone case,Accessories,1,9900,3500,15,Completed
ORD-007587,2025-12-16,South,Online,Storage set,Home,1,17900,9500,15,Returned
ORD-007588,2025-12-16,West,Online,Desk lamp,Home,3,24900,12500,10,Completed
ORD-007589,2025-12-16,North,Online,Notebook pack,Office,1,8900,4000,0,Completed
ORD-007590,2025-12-16,Central,Store,Notebook pack,Office,1,8900,4000,15,Cancelled
ORD-007591,2025-12-16,West,Online,Notebook pack,Office,1,8900,4000,10,Completed
ORD-007592,2025-12-16,Central,Online,Desk lamp,Home,3,24900,12500,10,Completed
ORD-007593,2025-12-16,Central,Store,Bluetooth speaker,Electronics,2,34900,21000,15,Completed
ORD-007594,2025-12-16,Central,Store,Storage set,Home,2,17900,9500,0,Completed
ORD-007595,2025-12-16,West,Store,Wireless headphones,Electronics,4,49900,29000,0,Completed
ORD-007596,2025-12-17,Central,Online,Phone case,Accessories,3,9900,3500,0,Completed
ORD-007597,2025-12-17,West,Online,Desk lamp,Home,3,24900,12500,15,Completed
ORD-007598,2025-12-17,South,Online,Phone case,Accessories,3,9900,3500,0,Completed
ORD-007599,2025-12-17,West,Online,Travel bag,Accessories,1,39900,23000,0,Completed
ORD-007600,2025-12-17,West,Store,Desk lamp,Home,3,24900,12500,0,Completed
ORD-007601,2025-12-17,Central,Store,Travel bag,Accessories,3,39900,23000,10,Completed
ORD-007602,2025-12-17,West,Online,Desk lamp,Home,2,24900,12500,15,Completed
ORD-007603,2025-12-17,North,Online,Bluetooth speaker,Electronics,4,34900,21000,0,Completed
ORD-007604,2025-12-17,North,Online,Notebook pack,Office,1,8900,4000,15,Completed
ORD-007605,2025-12-17,Central,Store,Laptop stand,Office,3,29900,16000,10,Completed
ORD-007606,2025-12-17,Central,Store,Notebook pack,Office,1,8900,4000,0,Completed
ORD-007607,2025-12-17,West,Store,Laptop stand,Office,4,29900,16000,15,Completed
ORD-007608,2025-12-18,West,Store,Wireless headphones,Electronics,3,49900,29000,0,Completed
ORD-007609,2025-12-18,Central,Store,Laptop stand,Office,3,29900,16000,0,Completed
ORD-007610,2025-12-18,West,Online,Laptop stand,Office,2,29900,16000,10,Completed
ORD-007611,2025-12-18,Central,Online,Travel bag,Accessories,1,39900,23000,15,Completed
ORD-007612,2025-12-18,Central,Store,Wireless headphones,Electronics,4,49900,29000,20,Completed
ORD-007613,2025-12-18,Central,Online,Bluetooth speaker,Electronics,2,34900,21000,10,Completed
ORD-007614,2025-12-18,Central,Online,Phone case,Accessories,2,9900,3500,0,Completed
ORD-007615,2025-12-18,West,Store,Desk lamp,Home,1,24900,12500,20,Completed
ORD-007616,2025-12-18,North,Online,Desk lamp,Home,3,24900,12500,20,Cancelled
ORD-007617,2025-12-18,South,Store,Wireless headphones,Electronics,2,49900,29000,0,Completed
ORD-007618,2025-12-18,Central,Online,Laptop stand,Office,4,29900,16000,20,Completed
ORD-007619,2025-12-18,West,Online,Laptop stand,Office,3,29900,16000,0,Completed
ORD-007620,2025-12-18,West,Online,Wireless headphones,Electronics,2,49900,29000,0,Returned
ORD-007621,2025-12-18,West,Online,Phone case,Accessories,3,9900,3500,0,Cancelled
ORD-007622,2025-12-18,West,Online,Notebook pack,Office,4,8900,4000,0,Completed
ORD-007623,2025-12-19,West,Online,Travel bag,Accessories,1,39900,23000,0,Completed
ORD-007624,2025-12-19,West,Store,Notebook pack,Office,3,8900,4000,10,Completed
ORD-007625,2025-12-19,Central,Store,Bluetooth speaker,Electronics,3,34900,21000,0,Completed
ORD-007626,2025-12-19,Central,Store,Storage set,Home,1,17900,9500,0,Completed
ORD-007627,2025-12-19,Central,Store,Notebook pack,Office,2,8900,4000,0,Completed
ORD-007628,2025-12-19,South,Store,Phone case,Accessories,4,9900,3500,0,Completed
ORD-007629,2025-12-19,West,Store,Wireless headphones,Electronics,2,49900,29000,0,Completed
ORD-007630,2025-12-19,West,Store,Storage set,Home,1,17900,9500,15,Completed
ORD-007631,2025-12-19,South,Store,Bluetooth speaker,Electronics,4,34900,21000,0,Completed
ORD-007632,2025-12-19,North,Store,Storage set,Home,1,17900,9500,10,Completed
ORD-007633,2025-12-19,West,Online,Phone case,Accessories,3,9900,3500,0,Completed
ORD-007634,2025-12-19,West,Online,Wireless headphones,Electronics,2,49900,29000,0,Returned
ORD-007635,2025-12-19,Central,Store,Notebook pack,Office,4,8900,4000,20,Cancelled
ORD-007636,2025-12-20,Central,Online,Desk lamp,Home,2,24900,12500,0,Completed
ORD-007637,2025-12-20,Central,Store,Laptop stand,Office,2,29900,16000,20,Completed
ORD-007638,2025-12-20,Central,Store,Bluetooth speaker,Electronics,2,34900,21000,0,Returned
ORD-007639,2025-12-20,Central,Online,Phone case,Accessories,1,9900,3500,0,Completed
ORD-007640,2025-12-20,West,Store,Wireless headphones,Electronics,1,49900,29000,0,Completed
ORD-007641,2025-12-20,West,Online,Wireless headphones,Electronics,4,49900,29000,0,Completed
ORD-007642,2025-12-20,Central,Online,Desk lamp,Home,3,24900,12500,15,Completed
ORD-007643,2025-12-20,West,Online,Wireless headphones,Electronics,4,49900,29000,15,Completed
ORD-007644,2025-12-20,Central,Online,Notebook pack,Office,4,8900,4000,20,Completed
ORD-007645,2025-12-20,West,Online,Laptop stand,Office,1,29900,16000,10,Completed
ORD-007646,2025-12-20,Central,Store,Notebook pack,Office,2,8900,4000,15,Returned
ORD-007647,2025-12-20,North,Store,Bluetooth speaker,Electronics,2,34900,21000,0,Completed
ORD-007648,2025-12-20,West,Online,Phone case,Accessories,1,9900,3500,0,Completed
ORD-007649,2025-12-21,West,Store,Storage set,Home,1,17900,9500,0,Completed
ORD-007650,2025-12-21,North,Online,Phone case,Accessories,4,9900,3500,10,Completed
ORD-007651,2025-12-21,South,Online,Desk lamp,Home,2,24900,12500,0,Completed
ORD-007652,2025-12-21,Central,Store,Travel bag,Accessories,3,39900,23000,0,Completed
ORD-007653,2025-12-21,Central,Online,Bluetooth speaker,Electronics,3,34900,21000,0,Completed
ORD-007654,2025-12-21,Central,Online,Wireless headphones,Electronics,3,49900,29000,20,Returned
ORD-007655,2025-12-21,North,Store,Laptop stand,Office,4,29900,16000,0,Cancelled
ORD-007656,2025-12-21,Central,Store,Travel bag,Accessories,2,39900,23000,0,Returned
ORD-007657,2025-12-21,Central,Online,Phone case,Accessories,4,9900,3500,0,Completed
ORD-007658,2025-12-21,West,Online,Notebook pack,Office,2,8900,4000,10,Completed
ORD-007659,2025-12-21,South,Online,Desk lamp,Home,4,24900,12500,0,Cancelled
ORD-007660,2025-12-21,Central,Online,Notebook pack,Office,1,8900,4000,0,Completed
ORD-007661,2025-12-21,South,Store,Bluetooth speaker,Electronics,4,34900,21000,0,Completed
ORD-007662,2025-12-22,West,Online,Phone case,Accessories,1,9900,3500,0,Completed
ORD-007663,2025-12-22,West,Online,Travel bag,Accessories,3,39900,23000,0,Completed
ORD-007664,2025-12-22, Central ,Online,Notebook pack,Office,1,8900,4000,0,Completed
ORD-007665,2025-12-22,Central,Store,Laptop stand,Office,1,29900,16000,10,Completed
ORD-007666,2025-12-22,Central,Online,Wireless headphones,Electronics,3,49900,29000,0,Completed
ORD-007667,2025-12-22,West,Store,Notebook pack,Office,2,8900,4000,0,Completed
ORD-007668,2025-12-22,Central,Store,Phone case,Accessories,4,9900,3500,0,Completed
ORD-007669,2025-12-22,West,Store,Laptop stand,Office,1,29900,16000,10,Completed
ORD-007670,2025-12-22,Central,Online,Storage set,Home,4,17900,9500,0,Completed
ORD-007671,2025-12-22,West,Online,Phone case,Accessories,1,9900,3500,15,Completed
ORD-007672,2025-12-22,Central,Store,Phone case,Accessories,4,9900,3500,20,Completed
ORD-007673,2025-12-22,West,Online,Desk lamp,Home,1,24900,12500,0,Completed
ORD-007674,2025-12-22,West,Online,Travel bag,Accessories,3,39900,23000,0,Completed
ORD-007675,2025-12-22,South,Store,Storage set,Home,3,17900,9500,0,Completed
ORD-007676,2025-12-22,Central,Online,Desk lamp,Home,4,24900,12500,15,Completed
ORD-007677,2025-12-23,West,Store,Desk lamp,Home,3,24900,12500,15,Completed
ORD-007678,2025-12-23,Central,Store,Storage set,Home,4,17900,9500,0,Completed
ORD-007679,2025-12-23,West,Online,Storage set,Home,2,17900,9500,0,Completed
ORD-007680,2025-12-23,North,Online,Wireless headphones,Electronics,4,49900,29000,0,Cancelled
ORD-007681,2025-12-23,North,Online,Phone case,Accessories,3,9900,3500,0,Completed
ORD-007682,2025-12-23,Central,Online,Travel bag,Accessories,1,39900,23000,0,Completed
ORD-007683,2025-12-23,North,Store,Storage set,Home,3,17900,9500,0,Cancelled
ORD-007684,2025-12-23,North,Online,Phone case,Accessories,1,9900,3500,10,Returned
ORD-007685,2025-12-23,North,Online,Phone case,Accessories,3,9900,3500,0,Completed
ORD-007686,2025-12-23,South,Online,Wireless headphones,Electronics,2,49900,29000,0,Cancelled
ORD-007687,2025-12-23,West,Store,Bluetooth speaker,Electronics,2,34900,21000,0,Completed
ORD-007688,2025-12-24,Central,Online,Laptop stand,Office,1,29900,16000,0,Completed
ORD-007689,2025-12-24,Central,Online,Phone case,Accessories,4,9900,3500,0,Completed
ORD-007690,2025-12-24,Central,Store,Desk lamp,Home,4,24900,12500,0,Completed
ORD-007691,2025-12-24,Central,Online,Wireless headphones,Electronics,3,49900,29000,10,Completed
ORD-007692,2025-12-24,North,Online,Wireless headphones,Electronics,1,49900,29000,0,Returned
ORD-007693,2025-12-24,North,Online,Desk lamp,Home,4,24900,12500,0,Completed
ORD-007694,2025-12-24,Central,Store,Wireless headphones,Electronics,1,49900,29000,0,Cancelled
ORD-007695,2025-12-24,West,Store,Bluetooth speaker,Electronics,1,34900,21000,10,Completed
ORD-007696,2025-12-24,South,Online,Laptop stand,Office,4,29900,16000,20,Completed
ORD-007697,2025-12-24,West,Online,Phone case,Accessories,1,9900,3500,0,Completed
ORD-007698,2025-12-24,West,Store,Bluetooth speaker,Electronics,4,34900,21000,0,Completed
ORD-007699,2025-12-24,West,Online,Desk lamp,Home,4,24900,12500,0,Completed
ORD-007700,2025-12-24,Central,Online,Notebook pack,Office,4,8900,4000,0,Completed
ORD-007701,2025-12-24,North,Store,Phone case,Accessories,3,9900,3500,0,Completed
ORD-007702,2025-12-24,Central,Online,Travel bag,Accessories,2,39900,23000,10,Returned
ORD-007703,2025-12-24,West,Online,Desk lamp,Home,2,24900,12500,20,Completed
ORD-007704,2025-12-24,South,Online,Laptop stand,Office,4,29900,16000,20,Completed
ORD-007705,2025-12-24,North,Store,Notebook pack,Office,3,8900,4000,0,Completed
ORD-007706,2025-12-25,Central,Store,Travel bag,Accessories,2,39900,23000,0,Completed
ORD-007707,2025-12-25,Central,Online,Notebook pack,Office,1,8900,4000,15,Cancelled
ORD-007708,2025-12-25,North,Online,Desk lamp,Home,1,24900,12500,10,Completed
ORD-007709,2025-12-25,North,Online,Desk lamp,Home,4,24900,12500,0,Completed
ORD-007710,2025-12-25,Central,Online,Phone case,Accessories,2,9900,3500,0,Completed
ORD-007711,2025-12-25,Central,Online,Wireless headphones,Electronics,1,49900,29000,0,Completed
ORD-007712,2025-12-25,South,Online,Laptop stand,Office,4,29900,16000,0,Completed
ORD-007713,2025-12-25,North,Online,Travel bag,Accessories,2,39900,23000,20,Completed
ORD-007714,2025-12-25,West,Online,Travel bag,Accessories,1,39900,23000,20,Completed
ORD-007715,2025-12-25,West,Online,Laptop stand,Office,4,29900,16000,0,Cancelled
ORD-007716,2025-12-25,West,Store,Notebook pack,Office,3,8900,4000,10,Completed
ORD-007717,2025-12-25,West,Online,Laptop stand,Office,4,29900,16000,10,Completed
ORD-007718,2025-12-25,North,Online,Phone case,Accessories,2,9900,3500,0,Completed
ORD-007719,2025-12-26,Central,Store,Desk lamp,Home,2,24900,12500,0,Completed
ORD-007720,2025-12-26,West,Store,Desk lamp,Home,4,24900,12500,20,Completed
ORD-007721,2025-12-26,North,Store,Laptop stand,Office,3,29900,16000,20,Completed
ORD-007722,2025-12-26,South,Store,Notebook pack,Office,2,8900,4000,15,Completed
ORD-007723,2025-12-26,North,Online,Wireless headphones,Electronics,3,49900,29000,0,Completed
ORD-007724,2025-12-26,Central,Store,Laptop stand,Office,2,29900,16000,20,Completed
ORD-007725,2025-12-26,Central,Store,Storage set,Home,2,17900,9500,0,Completed
ORD-007726,2025-12-26,West,Store,Desk lamp,Home,4,24900,12500,15,Completed
ORD-007727,2025-12-26,Central,Store,Notebook pack,Office,2,8900,4000,10,Cancelled
ORD-007728,2025-12-26,West,Store,Storage set,Home,1,17900,9500,0,Completed
ORD-007729,2025-12-26,South,Online,Phone case,Accessories,1,9900,3500,20,Completed
ORD-007730,2025-12-26,West,Online,Phone case,Accessories,3,9900,3500,15,Completed
ORD-007731,2025-12-26,Central,Store,Bluetooth speaker,Electronics,1,34900,21000,10,Completed
ORD-007732,2025-12-26,North,Online,Storage set,Home,3,17900,9500,0,Completed
ORD-007733,2025-12-27,West,Store,Phone case,Accessories,3,9900,3500,0,Completed
ORD-007734,2025-12-27,Central,Store,Travel bag,Accessories,3,39900,23000,0,Completed
ORD-007735,2025-12-27,North,Store,Desk lamp,Home,1,24900,12500,0,Returned
ORD-007736,2025-12-27,North,Store,Bluetooth speaker,Electronics,3,34900,21000,0,Completed
ORD-007737,2025-12-27,Central,Online,Desk lamp,Home,1,24900,12500,10,Completed
ORD-007738,2025-12-27,North,Store,Laptop stand,Office,2,29900,16000,0,Completed
ORD-007739,2025-12-27,Central,Online,Desk lamp,Home,2,24900,12500,15,Completed
ORD-007740,2025-12-27,West,Store,Travel bag,Accessories,1,39900,23000,0,Completed
ORD-007741,2025-12-27,Central,Online,Wireless headphones,Electronics,4,49900,29000,20,Completed
ORD-007742,2025-12-27,West,Store,Laptop stand,Office,4,29900,16000,10,Completed
ORD-007743,2025-12-27, North ,Online,Storage set,Home,3,17900,9500,10,Completed
ORD-007744,2025-12-27,West,Online,Laptop stand,Office,2,29900,16000,15,Completed
ORD-007745,2025-12-27,Central,Online,Bluetooth speaker,Electronics,2,34900,21000,10,Completed
ORD-007746,2025-12-27,West,Store,Notebook pack,Office,3,8900,4000,0,Completed
ORD-007747,2025-12-27,Central,Store,Laptop stand,Office,3,29900,16000,0,Completed
ORD-007748,2025-12-27,West,Online,Phone case,Accessories,3,9900,3500,0,Completed
ORD-007749,2025-12-27,Central,Store,Desk lamp,Home,3,24900,12500,0,Completed
ORD-007750,2025-12-27,North,Online,Laptop stand,Office,1,29900,16000,0,Completed
ORD-007751,2025-12-28,North,Store,Bluetooth speaker,Electronics,4,34900,21000,0,Completed
ORD-007752,2025-12-28,Central,Online,Laptop stand,Office,1,29900,16000,10,Completed
ORD-007753,2025-12-28,Central,Online,Travel bag,Accessories,4,39900,23000,0,Completed
ORD-007754,2025-12-28,Central,Online,Storage set,Home,2,17900,9500,20,Completed
ORD-007755,2025-12-28,North,Store,Wireless headphones,Electronics,2,49900,29000,10,Completed
ORD-007756,2025-12-28,South,Store,Storage set,Home,2,17900,9500,15,Completed
ORD-007757,2025-12-28,Central,Store,Storage set,Home,2,17900,9500,0,Completed
ORD-007758,2025-12-28,Central,Online,Desk lamp,Home,4,24900,12500,15,Completed
ORD-007759,2025-12-28,West,Online,Bluetooth speaker,Electronics,4,34900,21000,0,Completed
ORD-007760,2025-12-28,Central,Online,Storage set,Home,2,17900,9500,15,Completed
ORD-007761,2025-12-28,North,Online,Desk lamp,Home,4,24900,12500,0,Completed
ORD-007762,2025-12-28,West,Online,Phone case,Accessories,4,9900,3500,20,Completed
ORD-007763,2025-12-28,Central,Store,Storage set,Home,1,17900,9500,20,Returned
ORD-007764,2025-12-28,Central,Store,Laptop stand,Office,2,29900,16000,0,Completed
ORD-007765,2025-12-28,Central,Online,Phone case,Accessories,3,9900,3500,0,Completed
ORD-007766,2025-12-28,Central,Store,Bluetooth speaker,Electronics,1,34900,21000,10,Completed
ORD-007767,2025-12-28,South,Store,Travel bag,Accessories,4,39900,23000,0,Completed
ORD-007768,2025-12-28,Central,Online,Phone case,Accessories,2,9900,3500,0,Completed
ORD-007769,2025-12-28,North,Online,Desk lamp,Home,3,24900,12500,0,Completed
ORD-007770,2025-12-29,West,Online,Desk lamp,Home,4,24900,12500,0,Completed
ORD-007771,2025-12-29,Central,Online,Laptop stand,Office,2,29900,16000,0,Completed
ORD-007772,2025-12-29,North,Online,Bluetooth speaker,Electronics,3,34900,21000,0,Completed
ORD-007773,2025-12-29,West,Online,Travel bag,Accessories,1,39900,23000,0,Completed
ORD-007774,2025-12-29,South,Store,Wireless headphones,Electronics,4,49900,29000,0,Completed
ORD-007775,2025-12-29,West,Online,Notebook pack,Office,2,8900,4000,0,Completed
ORD-007776,2025-12-29,West,Online,Travel bag,Accessories,2,39900,23000,10,Completed
ORD-007777,2025-12-29,West,Online,Phone case,Accessories,4,9900,3500,0,Completed
ORD-007778,2025-12-29,South,Store,Laptop stand,Office,3,29900,16000,20,Completed
ORD-007779,2025-12-29,Central,Online,Wireless headphones,Electronics,3,49900,29000,15,Completed
ORD-007780,2025-12-29,West,Online,Phone case,Accessories,3,9900,3500,0,Completed
ORD-007781,2025-12-29,West,Store,Travel bag,Accessories,3,39900,23000,15,Completed
ORD-007782,2025-12-30,Central,Store,Travel bag,Accessories,3,39900,23000,0,Completed
ORD-007783,2025-12-30,South,Online,Storage set,Home,3,17900,9500,0,Completed
ORD-007784,2025-12-30,Central,Online,Travel bag,Accessories,1,39900,23000,0,Returned
ORD-007785,2025-12-30,North,Store,Notebook pack,Office,4,8900,4000,0,Completed
ORD-007786,2025-12-30,South,Store,Travel bag,Accessories,1,39900,23000,0,Completed
ORD-007787,2025-12-30,Central,Store,Desk lamp,Home,4,24900,12500,0,Completed
ORD-007788,2025-12-30,West,Store,Notebook pack,Office,2,8900,4000,0,Cancelled
ORD-007789,2025-12-30,Central,Online,Phone case,Accessories,3,9900,3500,0,Completed
ORD-007790,2025-12-30,South,Store,Wireless headphones,Electronics,2,49900,29000,0,Completed
ORD-007791,2025-12-30,Central,Store,Storage set,Home,4,17900,9500,0,Completed
ORD-007792,2025-12-30,South,Store,Bluetooth speaker,Electronics,1,34900,21000,20,Completed
ORD-007793,2025-12-30,South,Online,Travel bag,Accessories,1,39900,23000,0,Completed
ORD-007794,2025-12-31,North,Online,Phone case,Accessories,2,9900,3500,0,Completed
ORD-007795,2025-12-31,West,Online,Phone case,Accessories,4,9900,3500,0,Completed
ORD-007796,2025-12-31,Central,Online,Bluetooth speaker,Electronics,4,34900,21000,10,Completed
ORD-007797,2025-12-31,West,Online,Wireless headphones,Electronics,4,49900,29000,10,Completed
ORD-007798,2025-12-31,North,Online,Desk lamp,Home,1,24900,12500,0,Completed
ORD-007799,2025-12-31,North,Online,Storage set,Home,4,17900,9500,15,Completed
ORD-007800,2025-12-31,Central,Online,Bluetooth speaker,Electronics,1,34900,21000,0,Completed
ORD-007801,2025-12-31,West,Online,Phone case,Accessories,1,9900,3500,0,Completed
ORD-007802,2025-12-31,South,Online,Phone case,Accessories,2,9900,3500,10,Completed
ORD-007803,2025-12-31,West,Online,Storage set,Home,3,17900,9500,0,Completed
ORD-007804,2025-12-31,Central,Store,Desk lamp,Home,4,24900,12500,10,Completed
ORD-007805,2025-12-31,Central,Online,Travel bag,Accessories,2,39900,23000,0,Completed
ORD-007806,2025-12-31,Central,Online,Laptop stand,Office,2,29900,16000,0,Completed
ORD-000001,2024-01-01, West ,Online,Wireless headphones,Electronics,2,49900,29000,10,Completed
ORD-000002,2024-01-01,South,Online,Bluetooth speaker,Electronics,1,34900,21000,0,Completed
ORD-000003,2024-01-01,South,Store,Wireless headphones,Electronics,4,49900,29000,0,Completed
ORD-000004,2024-01-01,West,Online,Wireless headphones,Electronics,4,49900,29000,0,Completed
ORD-000005,2024-01-01,North,Online,Notebook pack,Office,3,8900,4000,15,Completed
ORD-000006,2024-01-01,West,Online,Wireless headphones,Electronics,4,49900,29000,0,Completed
ORD-000007,2024-01-02,South,Online,Storage set,Home,2,17900,9500,10,Cancelled
ORD-000008,2024-01-02,West,Online,Storage set,Home,4,17900,9500,10,Completed
ORD-000009,2024-01-02,Central,Store,Notebook pack,Office,1,8900,4000,10,Completed
ORD-000010,2024-01-02,North,Online,Storage set,Home,2,17900,9500,10,Completed
ORD-000011,2024-01-02,Central,Online,Wireless headphones,Electronics,3,49900,29000,0,Completed
ORD-000012,2024-01-02,Central,Online,Notebook pack,Office,4,8900,4000,0,Completed
ORD-000013,2024-01-02,West,Online,Laptop stand,Office,4,29900,16000,0,Cancelled
ORD-000014,2024-01-02,Central,Online,Desk lamp,Home,1,24900,12500,15,Completed
ORD-000015,2024-01-02,West,Online,Desk lamp,Home,1,24900,12500,0,Completed
ORD-000016,2024-01-02,Central,Store,Phone case,Accessories,1,9900,3500,10,Completed
ORD-000017,2024-01-03,North,Online,Notebook pack,Office,4,8900,4000,0,Completed
ORD-000018,2024-01-03,West,Store,Laptop stand,Office,1,29900,16000,15,Completed
